clojure.lang.Delay@33a49aca INFO [synchrono.server.core:70] - Initializing database
clojure.lang.Delay@c69fab INFO [synchrono.server.core:53] - Starting server on port 3000 in environment nil
clojure.lang.Delay@1df71963 INFO [synchrono.server.core:55] - Server started successfully - ready to accept connections
clojure.lang.Delay@7fe0ec07 INFO [synchrono.server.core:33] - [:get] / 200 - 9ms
clojure.lang.Delay@5e64aad6 INFO [synchrono.server.core:33] - [:get] /ws 404 - 105ms
clojure.lang.Delay@3e688c07 INFO [synchrono.server.events:39] - Input tags type: clojure.lang.PersistentVector
clojure.lang.Delay@4105062 INFO [synchrono.server.events:55] - Normalized tags: [["s" "synchrono"]]
clojure.lang.Delay@43b84bf2 INFO [synchrono.server.events:57] - Tags JSON type: java.lang.String
clojure.lang.Delay@5c4a36a6 INFO [synchrono.server.events:67] - About to save tags: [["s" "synchrono"]]
clojure.lang.Delay@110f285b INFO [synchrono.server.events:20] - About to save tags: (["s" "synchrono" nil "d21e95e82856fa40c2b4a71d96110cb56fdda768a086bacd673af72d4e17465e"])
clojure.lang.Delay@3e0f4073 INFO [synchrono.server.core:33] - [:get] / 200 - 1ms
clojure.lang.Delay@3b481a3f INFO [synchrono.server.core:33] - [:get] /ws 404 - 2ms
clojure.lang.Delay@4d4f6efb INFO [synchrono.server.core:70] - Initializing database
clojure.lang.Delay@7051e679 INFO [synchrono.server.core:53] - Starting server on port 3000 in environment nil
clojure.lang.Delay@1e5b38cc INFO [synchrono.server.core:55] - Server started successfully - ready to accept connections
clojure.lang.Delay@607c42e5 INFO [synchrono.server.core:33] - [:get] / 200 - 10ms
clojure.lang.Delay@4623acff INFO [synchrono.server.core:33] - [:get] /ws 404 - 100ms
clojure.lang.Delay@429c1928 INFO [synchrono.server.events:53] - Normalized tags: [["s" "synchrono"]]
clojure.lang.Delay@5dd35bd INFO [synchrono.server.events:55] - Tags JSON type: java.lang.String
clojure.lang.Delay@276ff175 INFO [synchrono.server.events:65] - About to save tags: [["s" "synchrono"]]
clojure.lang.Delay@19038b4d INFO [synchrono.server.core:70] - Initializing database
clojure.lang.Delay@43d5fdd8 INFO [synchrono.server.core:53] - Starting server on port 3000 in environment nil
clojure.lang.Delay@245cc90b INFO [synchrono.server.core:55] - Server started successfully - ready to accept connections
clojure.lang.Delay@1866a8a1 INFO [synchrono.server.core:33] - [:get] /ws 404 - 48ms
clojure.lang.Delay@6e3f5dbc INFO [synchrono.server.core:33] - [:get] / 200 - 12ms
clojure.lang.Delay@6d7764bd INFO [synchrono.server.core:33] - [:get] /ws 404 - 30ms
clojure.lang.Delay@33c45f24 INFO [synchrono.server.core:33] - [:get] / 200 - 4ms
clojure.lang.Delay@4a4022a8 INFO [synchrono.server.core:33] - [:get] /ws 404 - 39ms
clojure.lang.Delay@422cb504 INFO [synchrono.server.core:70] - Initializing database
clojure.lang.Delay@7c8cca4f INFO [synchrono.server.core:53] - Starting server on port 3000 in environment nil
clojure.lang.Delay@5e0eafd0 INFO [synchrono.server.core:55] - Server started successfully - ready to accept connections
clojure.lang.Delay@3a57b96 INFO [synchrono.server.core:33] - [:get] / 200 - 10ms
clojure.lang.Delay@2088d2c8 DEBUG [synchrono.server.ws:172] - Received WebSocket message {:type "REQ"}
clojure.lang.Delay@6ac7f0ae DEBUG [synchrono.server.ws:132] - Processing REQ message {:subscription-id "sub:1", :filters ({:kinds [4444], :#s ["synchrono"]})}
clojure.lang.Delay@5617677b INFO [synchrono.server.ws:140] - Successfully processed subscription request {:subscription-id "sub:1", :event-count 4}
clojure.lang.Delay@589447c5 INFO [synchrono.server.core:33] - [:get] /ws 404 - 120ms
clojure.lang.Delay@3457ecbc INFO [synchrono.server.core:33] - [:get] / 200 - 3ms
clojure.lang.Delay@f22f20d INFO [synchrono.server.core:33] - [:get] /ws 404 - 25ms
clojure.lang.Delay@57b68571 DEBUG [synchrono.server.ws:172] - Received WebSocket message {:type "REQ"}
clojure.lang.Delay@37997a3e DEBUG [synchrono.server.ws:132] - Processing REQ message {:subscription-id "sub:1", :filters ({:kinds [4444], :#s ["synchrono"]})}
clojure.lang.Delay@33d7a10e INFO [synchrono.server.ws:140] - Successfully processed subscription request {:subscription-id "sub:1", :event-count 4}
clojure.lang.Delay@14cbf6f5 INFO [synchrono.server.core:70] - Initializing database
clojure.lang.Delay@69b109c3 INFO [synchrono.server.core:53] - Starting server on port 3000 in environment nil
clojure.lang.Delay@5e10caa8 INFO [synchrono.server.core:55] - Server started successfully - ready to accept connections
clojure.lang.Delay@4e629c31 INFO [synchrono.server.core:33] - [:get] / 200 - 9ms
clojure.lang.Delay@660b2baf DEBUG [synchrono.server.ws:172] - Received WebSocket message {:type "REQ"}
clojure.lang.Delay@2be5c31f DEBUG [synchrono.server.ws:132] - Processing REQ message {:subscription-id "sub:1", :filters ({:kinds [4444], :#s ["synchrono"]})}
clojure.lang.Delay@4c363919 INFO [synchrono.server.ws:140] - Successfully processed subscription request {:subscription-id "sub:1", :event-count 4}
clojure.lang.Delay@47d78048 INFO [synchrono.server.core:33] - [:get] /ws 404 - 184ms
clojure.lang.Delay@54b3b176 INFO [synchrono.server.core:33] - [:get] / 200 - 4ms
clojure.lang.Delay@378a9fe6 DEBUG [synchrono.server.ws:172] - Received WebSocket message {:type "REQ"}
clojure.lang.Delay@7a4cd0ae DEBUG [synchrono.server.ws:132] - Processing REQ message {:subscription-id "sub:1", :filters ({:kinds [4444], :#s ["synchrono"]})}
clojure.lang.Delay@37af5086 INFO [synchrono.server.ws:140] - Successfully processed subscription request {:subscription-id "sub:1", :event-count 4}
clojure.lang.Delay@28926d92 INFO [synchrono.server.core:33] - [:get] /ws 404 - 50ms
clojure.lang.Delay@3aa648e INFO [synchrono.server.core:33] - [:get] / 200 - 1ms
clojure.lang.Delay@5f4d183a DEBUG [synchrono.server.ws:172] - Received WebSocket message {:type "REQ"}
clojure.lang.Delay@c476f6e DEBUG [synchrono.server.ws:132] - Processing REQ message {:subscription-id "sub:1", :filters ({:kinds [4444], :#s ["synchrono"]})}
clojure.lang.Delay@3f391f48 INFO [synchrono.server.ws:140] - Successfully processed subscription request {:subscription-id "sub:1", :event-count 4}
clojure.lang.Delay@294e2bda INFO [synchrono.server.core:33] - [:get] /ws 404 - 15ms
clojure.lang.Delay@11d68840 INFO [synchrono.server.core:33] - [:get] / 200 - 9ms
clojure.lang.Delay@71f9770f INFO [synchrono.server.core:33] - [:get] /ws 404 - 25ms
clojure.lang.Delay@c5ce573 DEBUG [synchrono.server.ws:172] - Received WebSocket message {:type "REQ"}
clojure.lang.Delay@6c731a3c DEBUG [synchrono.server.ws:132] - Processing REQ message {:subscription-id "sub:1", :filters ({:kinds [4444], :#s ["synchrono"]})}
clojure.lang.Delay@683d82f6 INFO [synchrono.server.ws:140] - Successfully processed subscription request {:subscription-id "sub:1", :event-count 4}
clojure.lang.Delay@2e0efe15 INFO [synchrono.server.core:33] - [:get] / 200 - 2ms
clojure.lang.Delay@1dfbfe1 DEBUG [synchrono.server.ws:172] - Received WebSocket message {:type "REQ"}
clojure.lang.Delay@51f91b33 DEBUG [synchrono.server.ws:132] - Processing REQ message {:subscription-id "sub:1", :filters ({:kinds [4444], :#s ["synchrono"]})}
clojure.lang.Delay@4c17c7bf INFO [synchrono.server.ws:140] - Successfully processed subscription request {:subscription-id "sub:1", :event-count 4}
clojure.lang.Delay@69dfd0f7 INFO [synchrono.server.core:33] - [:get] /ws 404 - 65ms
clojure.lang.Delay@7945623 INFO [synchrono.server.core:33] - [:get] / 200 - 1ms
clojure.lang.Delay@3b005b2 INFO [synchrono.server.core:33] - [:get] /ws 404 - 3ms
clojure.lang.Delay@24b6edaa DEBUG [synchrono.server.ws:172] - Received WebSocket message {:type "REQ"}
clojure.lang.Delay@449912e5 DEBUG [synchrono.server.ws:132] - Processing REQ message {:subscription-id "sub:1", :filters ({:kinds [4444], :#s ["synchrono"]})}
clojure.lang.Delay@40d72ac5 INFO [synchrono.server.ws:140] - Successfully processed subscription request {:subscription-id "sub:1", :event-count 4}
clojure.lang.Delay@14cbf6f5 INFO [synchrono.server.core:70] - Initializing database
clojure.lang.Delay@69b109c3 INFO [synchrono.server.core:53] - Starting server on port 3000 in environment nil
clojure.lang.Delay@5e10caa8 INFO [synchrono.server.core:55] - Server started successfully - ready to accept connections
clojure.lang.Delay@26cc75d6 INFO [synchrono.server.core:33] - [:get] / 200 - 9ms
clojure.lang.Delay@76c8c832 DEBUG [synchrono.server.ws:172] - Received WebSocket message {:type "REQ"}
clojure.lang.Delay@19b8b03b DEBUG [synchrono.server.ws:132] - Processing REQ message {:subscription-id "sub:1", :filters ({:kinds [4444], :#s ["synchrono"]})}
clojure.lang.Delay@5d2c74cd INFO [synchrono.server.ws:140] - Successfully processed subscription request {:subscription-id "sub:1", :event-count 4}
clojure.lang.Delay@4cb47417 INFO [synchrono.server.core:33] - [:get] /ws 404 - 134ms
clojure.lang.Delay@193581ce INFO [synchrono.server.core:33] - [:get] / 200 - 0ms
clojure.lang.Delay@7a869e43 INFO [synchrono.server.core:33] - [:get] /ws 404 - 3ms
clojure.lang.Delay@75277627 DEBUG [synchrono.server.ws:172] - Received WebSocket message {:type "REQ"}
clojure.lang.Delay@15088968 DEBUG [synchrono.server.ws:132] - Processing REQ message {:subscription-id "sub:1", :filters ({:kinds [4444], :#s ["synchrono"]})}
clojure.lang.Delay@1146f0d9 INFO [synchrono.server.ws:140] - Successfully processed subscription request {:subscription-id "sub:1", :event-count 4}
clojure.lang.Delay@6627aa35 INFO [synchrono.server.core:70] - Initializing database
clojure.lang.Delay@46320832 INFO [synchrono.server.core:53] - Starting server on port 3000 in environment nil
clojure.lang.Delay@3a20e1b2 INFO [synchrono.server.core:55] - Server started successfully - ready to accept connections
clojure.lang.Delay@6ca2655c INFO [synchrono.server.core:33] - [:get] / 200 - 10ms
clojure.lang.Delay@77b3abc2 DEBUG [synchrono.server.ws:172] - Received WebSocket message {:type "REQ"}
clojure.lang.Delay@201b71b3 DEBUG [synchrono.server.ws:132] - Processing REQ message {:subscription-id "sub:1", :filters ({:kinds [4444], :#s ["synchrono"]})}
clojure.lang.Delay@662a9fba INFO [synchrono.server.ws:140] - Successfully processed subscription request {:subscription-id "sub:1", :event-count 4}
clojure.lang.Delay@7d11614c INFO [synchrono.server.core:33] - [:get] /ws 404 - 184ms
clojure.lang.Delay@3adac2e6 DEBUG [synchrono.server.ws:172] - Received WebSocket message {:type "EVENT"}
clojure.lang.Delay@15edf013 DEBUG [synchrono.server.ws:103] - Processing EVENT message {:event-id "4b9a57c73eee3deb848df08d66241369c67766716203cc763a25ab5377941fe0", :pubkey "800e78c63707901e8f9dff820659e844efe92b329e9f24d6ea53aece315cbfe4", :kind 4444}
clojure.lang.Delay@30d22031 INFO [synchrono.server.ws:110] - Successfully processed and broadcast event {:event-id "4b9a57c73eee3deb848df08d66241369c67766716203cc763a25ab5377941fe0", :pubkey "800e78c63707901e8f9dff820659e844efe92b329e9f24d6ea53aece315cbfe4", :kind 4444}
clojure.lang.Delay@376f21f0 ERROR [synchrono.server.ws:181] - Failed to process WebSocket message {:error "class clojure.lang.ChunkedCons cannot be cast to class clojure.lang.IPersistentMap (clojure.lang.ChunkedCons and clojure.lang.IPersistentMap are in unnamed module of loader 'app')", :stack-trace "#error {\n :cause class clojure.lang.ChunkedCons cannot be cast to class clojure.lang.IPersistentMap (clojure.lang.ChunkedCons and clojure.lang.IPersistentMap are in unnamed module of loader 'app')\n :via\n [{:type java.lang.ClassCastException\n   :message class clojure.lang.ChunkedCons cannot be cast to class clojure.lang.IPersistentMap (clojure.lang.ChunkedCons and clojure.lang.IPersistentMap are in unnamed module of loader 'app')\n   :at [clojure.lang.RT dissoc RT.java 911]}]\n :trace\n [[clojure.lang.RT dissoc RT.java 911]\n  [clojure.core$dissoc invokeStatic core.clj 1526]\n  [clojure.core$dissoc invokeStatic core.clj 1519]\n  [clojure.core$dissoc doInvoke core.clj 1519]\n  [clojure.lang.RestFn invoke RestFn.java 493]\n  [synchrono.server.ws$matches_filters_QMARK_ invokeStatic ws.clj 87]\n  [synchrono.server.ws$matches_filters_QMARK_ invoke ws.clj 62]\n  [synchrono.server.ws$broadcast_event invokeStatic ws.clj 97]\n  [synchrono.server.ws$broadcast_event invoke ws.clj 91]\n  [synchrono.server.ws$handle_event invokeStatic ws.clj 114]\n  [synchrono.server.ws$handle_event invoke ws.clj 100]\n  [synchrono.server.ws$handle_message invokeStatic ws.clj 174]\n  [synchrono.server.ws$handle_message invoke ws.clj 167]\n  [synchrono.server.ws$ws_handler$fn__22994$fn__22995 invoke ws.clj 215]\n  [manifold.stream.Callback put stream.clj 458]\n  [manifold.stream.graph$async_send invokeStatic graph.clj 86]\n  [manifold.stream.graph$async_send invoke graph.clj 80]\n  [manifold.stream.graph$async_connect$this__3416 invoke graph.clj 221]\n  [manifold.stream.graph$async_connect$this__3416$fn__3417$fn__3418 invoke graph.clj 202]\n  [clojure.core$trampoline invokeStatic core.clj 6381]\n  [clojure.core$trampoline invoke core.clj 6370]\n  [manifold.stream.graph$async_connect$this__3416$fn__3417 invoke graph.clj 202]\n  [manifold.deferred.Listener onSuccess deferred.clj 345]\n  [manifold.deferred.Deferred$fn__1983$fn__1984 invoke deferred.clj 524]\n  [clojure.lang.AFn run AFn.java 22]\n  [io.aleph.dirigiste.Executor$Worker$1 run Executor.java 61]\n  [manifold.executor$thread_factory$reify__868$f__869 invoke executor.clj 71]\n  [clojure.lang.AFn run AFn.java 22]\n  [java.lang.Thread run Thread.java 840]]}\n"}
clojure.lang.Delay@4f493bd9 INFO [synchrono.server.core:70] - Initializing database
clojure.lang.Delay@58121d79 INFO [synchrono.server.core:53] - Starting server on port 3000 in environment nil
clojure.lang.Delay@79544bc2 INFO [synchrono.server.core:55] - Server started successfully - ready to accept connections
clojure.lang.Delay@a558ee INFO [synchrono.server.core:33] - [:get] / 200 - 9ms
clojure.lang.Delay@7d0c097f DEBUG [synchrono.server.ws:172] - Received WebSocket message {:type "REQ"}
clojure.lang.Delay@499be806 DEBUG [synchrono.server.ws:132] - Processing REQ message {:subscription-id "sub:1", :filters ({:kinds [4444], :#s ["synchrono"]})}
clojure.lang.Delay@25376151 INFO [synchrono.server.ws:140] - Successfully processed subscription request {:subscription-id "sub:1", :event-count 5}
clojure.lang.Delay@47264785 INFO [synchrono.server.core:33] - [:get] /ws 404 - 193ms
clojure.lang.Delay@895f46b INFO [synchrono.server.core:70] - Initializing database
clojure.lang.Delay@2b03242f INFO [synchrono.server.core:53] - Starting server on port 3000 in environment nil
clojure.lang.Delay@78707c5b INFO [synchrono.server.core:55] - Server started successfully - ready to accept connections
clojure.lang.Delay@3f7ed78a INFO [synchrono.server.core:33] - [:get] / 200 - 9ms
clojure.lang.Delay@528fc1c1 DEBUG [synchrono.server.ws:172] - Received WebSocket message {:type "REQ"}
clojure.lang.Delay@56916d3e DEBUG [synchrono.server.ws:132] - Processing REQ message {:subscription-id "sub:1", :filters ({:kinds [4444], :#s ["synchrono"]})}
clojure.lang.Delay@52460c5d INFO [synchrono.server.ws:140] - Successfully processed subscription request {:subscription-id "sub:1", :event-count 5}
clojure.lang.Delay@6ab3f848 INFO [synchrono.server.core:33] - [:get] /ws 404 - 164ms
clojure.lang.Delay@15eaade0 INFO [synchrono.server.core:33] - [:get] / 200 - 2ms
clojure.lang.Delay@2e04a49e INFO [synchrono.server.core:33] - [:get] /ws 404 - 20ms
clojure.lang.Delay@49cb9c6 DEBUG [synchrono.server.ws:172] - Received WebSocket message {:type "REQ"}
clojure.lang.Delay@64b34689 DEBUG [synchrono.server.ws:132] - Processing REQ message {:subscription-id "sub:1", :filters ({:kinds [4444], :#s ["synchrono"]})}
clojure.lang.Delay@60fdde8b INFO [synchrono.server.ws:140] - Successfully processed subscription request {:subscription-id "sub:1", :event-count 5}
clojure.lang.Delay@48c0ed91 INFO [synchrono.server.core:33] - [:get] / 200 - 1ms
clojure.lang.Delay@349add9f INFO [synchrono.server.core:33] - [:get] /ws 404 - 2ms
clojure.lang.Delay@71aad1d9 DEBUG [synchrono.server.ws:172] - Received WebSocket message {:type "REQ"}
clojure.lang.Delay@d21fe4a DEBUG [synchrono.server.ws:132] - Processing REQ message {:subscription-id "sub:1", :filters ({:kinds [4444], :#s ["synchrono"]})}
clojure.lang.Delay@2c3d706c INFO [synchrono.server.ws:140] - Successfully processed subscription request {:subscription-id "sub:1", :event-count 5}
clojure.lang.Delay@5c9cdac0 INFO [synchrono.server.core:33] - [:get] / 200 - 3ms
clojure.lang.Delay@3a0aae59 DEBUG [synchrono.server.ws:172] - Received WebSocket message {:type "REQ"}
clojure.lang.Delay@18a375c2 DEBUG [synchrono.server.ws:132] - Processing REQ message {:subscription-id "sub:1", :filters ({:kinds [4444], :#s ["synchrono"]})}
clojure.lang.Delay@386c3201 INFO [synchrono.server.ws:140] - Successfully processed subscription request {:subscription-id "sub:1", :event-count 5}
clojure.lang.Delay@74067345 INFO [synchrono.server.core:33] - [:get] /ws 404 - 28ms
clojure.lang.Delay@14298c0a INFO [synchrono.server.core:33] - [:get] / 200 - 1ms
clojure.lang.Delay@1067f49a INFO [synchrono.server.core:33] - [:get] /ws 404 - 4ms
clojure.lang.Delay@72b6fea5 DEBUG [synchrono.server.ws:172] - Received WebSocket message {:type "REQ"}
clojure.lang.Delay@7b38429e DEBUG [synchrono.server.ws:132] - Processing REQ message {:subscription-id "sub:1", :filters ({:kinds [4444], :#s ["synchrono"]})}
clojure.lang.Delay@56bc6580 INFO [synchrono.server.ws:140] - Successfully processed subscription request {:subscription-id "sub:1", :event-count 5}
clojure.lang.Delay@1421cad7 INFO [synchrono.server.core:33] - [:get] / 200 - 1ms
clojure.lang.Delay@7cdf43cd DEBUG [synchrono.server.ws:172] - Received WebSocket message {:type "REQ"}
clojure.lang.Delay@4b00c250 DEBUG [synchrono.server.ws:132] - Processing REQ message {:subscription-id "sub:1", :filters ({:kinds [4444], :#s ["synchrono"]})}
clojure.lang.Delay@105d4f77 INFO [synchrono.server.ws:140] - Successfully processed subscription request {:subscription-id "sub:1", :event-count 5}
clojure.lang.Delay@72ef3502 INFO [synchrono.server.core:33] - [:get] /ws 404 - 13ms
clojure.lang.Delay@4d164522 INFO [synchrono.server.core:33] - [:get] / 200 - 1ms
clojure.lang.Delay@8db9318 INFO [synchrono.server.core:33] - [:get] /ws 404 - 12ms
clojure.lang.Delay@218100ad DEBUG [synchrono.server.ws:172] - Received WebSocket message {:type "REQ"}
clojure.lang.Delay@19739e42 DEBUG [synchrono.server.ws:132] - Processing REQ message {:subscription-id "sub:1", :filters ({:kinds [4444], :#s ["synchrono"]})}
clojure.lang.Delay@3287ae60 INFO [synchrono.server.ws:140] - Successfully processed subscription request {:subscription-id "sub:1", :event-count 5}
clojure.lang.Delay@721cb856 INFO [synchrono.server.core:33] - [:get] / 200 - 0ms
clojure.lang.Delay@1300f22 INFO [synchrono.server.core:33] - [:get] /ws 404 - 4ms
clojure.lang.Delay@611ff06d DEBUG [synchrono.server.ws:172] - Received WebSocket message {:type "REQ"}
clojure.lang.Delay@6551edcb DEBUG [synchrono.server.ws:132] - Processing REQ message {:subscription-id "sub:1", :filters ({:kinds [4444], :#s ["synchrono"]})}
clojure.lang.Delay@69476ce8 INFO [synchrono.server.ws:140] - Successfully processed subscription request {:subscription-id "sub:1", :event-count 5}
clojure.lang.Delay@754ff243 INFO [synchrono.server.core:33] - [:get] / 200 - 0ms
clojure.lang.Delay@30b9805 INFO [synchrono.server.core:33] - [:get] /ws 404 - 4ms
clojure.lang.Delay@15600d0c DEBUG [synchrono.server.ws:172] - Received WebSocket message {:type "REQ"}
clojure.lang.Delay@112e74dd DEBUG [synchrono.server.ws:132] - Processing REQ message {:subscription-id "sub:1", :filters ({:kinds [4444], :#s ["synchrono"]})}
clojure.lang.Delay@7f9b1372 INFO [synchrono.server.ws:140] - Successfully processed subscription request {:subscription-id "sub:1", :event-count 5}
clojure.lang.Delay@1d277463 INFO [synchrono.server.core:33] - [:get] / 200 - 1ms
clojure.lang.Delay@5d8c36f5 INFO [synchrono.server.core:33] - [:get] /ws 404 - 4ms
clojure.lang.Delay@18310668 DEBUG [synchrono.server.ws:172] - Received WebSocket message {:type "REQ"}
clojure.lang.Delay@781ef927 DEBUG [synchrono.server.ws:132] - Processing REQ message {:subscription-id "sub:1", :filters ({:kinds [4444], :#s ["synchrono"]})}
clojure.lang.Delay@7c50e598 INFO [synchrono.server.ws:140] - Successfully processed subscription request {:subscription-id "sub:1", :event-count 5}
clojure.lang.Delay@1fc5d99e INFO [synchrono.server.core:33] - [:get] / 200 - 1ms
clojure.lang.Delay@3da3c9ba INFO [synchrono.server.core:33] - [:get] /ws 404 - 6ms
clojure.lang.Delay@34d075a0 DEBUG [synchrono.server.ws:172] - Received WebSocket message {:type "REQ"}
clojure.lang.Delay@11c37201 DEBUG [synchrono.server.ws:132] - Processing REQ message {:subscription-id "sub:1", :filters ({:kinds [4444], :#s ["synchrono"]})}
clojure.lang.Delay@41539ef3 INFO [synchrono.server.ws:140] - Successfully processed subscription request {:subscription-id "sub:1", :event-count 5}
clojure.lang.Delay@7706d11f INFO [synchrono.server.core:33] - [:get] / 200 - 1ms
clojure.lang.Delay@6324674a INFO [synchrono.server.core:33] - [:get] /ws 404 - 5ms
clojure.lang.Delay@5671da95 DEBUG [synchrono.server.ws:172] - Received WebSocket message {:type "REQ"}
clojure.lang.Delay@69f8b344 DEBUG [synchrono.server.ws:132] - Processing REQ message {:subscription-id "sub:1", :filters ({:kinds [4444], :#s ["synchrono"]})}
clojure.lang.Delay@357883b0 INFO [synchrono.server.ws:140] - Successfully processed subscription request {:subscription-id "sub:1", :event-count 5}
clojure.lang.Delay@634eedcc INFO [synchrono.server.core:33] - [:get] / 200 - 0ms
clojure.lang.Delay@49b54d96 INFO [synchrono.server.core:33] - [:get] /ws 404 - 4ms
clojure.lang.Delay@365744cf DEBUG [synchrono.server.ws:172] - Received WebSocket message {:type "REQ"}
clojure.lang.Delay@57c9b011 DEBUG [synchrono.server.ws:132] - Processing REQ message {:subscription-id "sub:1", :filters ({:kinds [4444], :#s ["synchrono"]})}
clojure.lang.Delay@4d147019 INFO [synchrono.server.ws:140] - Successfully processed subscription request {:subscription-id "sub:1", :event-count 5}
clojure.lang.Delay@17292e50 INFO [synchrono.server.core:33] - [:get] / 200 - 1ms
clojure.lang.Delay@184c6189 INFO [synchrono.server.core:33] - [:get] /ws 404 - 4ms
clojure.lang.Delay@d221839 DEBUG [synchrono.server.ws:172] - Received WebSocket message {:type "REQ"}
clojure.lang.Delay@78c6c3de DEBUG [synchrono.server.ws:132] - Processing REQ message {:subscription-id "sub:1", :filters ({:kinds [4444], :#s ["synchrono"]})}
clojure.lang.Delay@345d9fb7 INFO [synchrono.server.ws:140] - Successfully processed subscription request {:subscription-id "sub:1", :event-count 5}
clojure.lang.Delay@24e49797 INFO [synchrono.server.core:33] - [:get] /ws 404 - 3ms
clojure.lang.Delay@78639ec6 DEBUG [synchrono.server.ws:172] - Received WebSocket message {:type "REQ"}
clojure.lang.Delay@7c2d821c DEBUG [synchrono.server.ws:132] - Processing REQ message {:subscription-id "sub:1", :filters ({:kinds [4444], :#s ["synchrono"]})}
clojure.lang.Delay@6d9531ef INFO [synchrono.server.ws:140] - Successfully processed subscription request {:subscription-id "sub:1", :event-count 5}
clojure.lang.Delay@6994d257 INFO [synchrono.server.core:33] - [:get] / 200 - 3ms
clojure.lang.Delay@1fc95c7 INFO [synchrono.server.core:33] - [:get] /ws 404 - 7ms
clojure.lang.Delay@4cbe8f36 DEBUG [synchrono.server.ws:172] - Received WebSocket message {:type "REQ"}
clojure.lang.Delay@2c917079 DEBUG [synchrono.server.ws:132] - Processing REQ message {:subscription-id "sub:1", :filters ({:kinds [4444], :#s ["synchrono"]})}
clojure.lang.Delay@28dfa851 INFO [synchrono.server.ws:140] - Successfully processed subscription request {:subscription-id "sub:1", :event-count 5}
clojure.lang.Delay@6ee4215c INFO [synchrono.server.core:33] - [:get] / 200 - 3ms
clojure.lang.Delay@7e698553 INFO [synchrono.server.core:33] - [:get] /ws 404 - 5ms
clojure.lang.Delay@37fe0aef DEBUG [synchrono.server.ws:172] - Received WebSocket message {:type "REQ"}
clojure.lang.Delay@5f8ad92 DEBUG [synchrono.server.ws:132] - Processing REQ message {:subscription-id "sub:1", :filters ({:kinds [4444], :#s ["synchrono"]})}
clojure.lang.Delay@7369e4eb INFO [synchrono.server.ws:140] - Successfully processed subscription request {:subscription-id "sub:1", :event-count 5}
clojure.lang.Delay@3055d7a0 INFO [synchrono.server.core:33] - [:get] / 200 - 3ms
clojure.lang.Delay@735d8bc9 INFO [synchrono.server.core:33] - [:get] /ws 404 - 12ms
clojure.lang.Delay@ebd3e6f DEBUG [synchrono.server.ws:172] - Received WebSocket message {:type "REQ"}
clojure.lang.Delay@10d79c6b DEBUG [synchrono.server.ws:132] - Processing REQ message {:subscription-id "sub:1", :filters ({:kinds [4444], :#s ["synchrono"]})}
clojure.lang.Delay@74995b8b INFO [synchrono.server.ws:140] - Successfully processed subscription request {:subscription-id "sub:1", :event-count 5}
clojure.lang.Delay@22930414 INFO [synchrono.server.core:33] - [:get] / 200 - 2ms
clojure.lang.Delay@514adaa7 INFO [synchrono.server.core:33] - [:get] /ws 404 - 23ms
clojure.lang.Delay@53bd81e1 DEBUG [synchrono.server.ws:172] - Received WebSocket message {:type "REQ"}
clojure.lang.Delay@33927eae DEBUG [synchrono.server.ws:132] - Processing REQ message {:subscription-id "sub:1", :filters ({:kinds [4444], :#s ["synchrono"]})}
clojure.lang.Delay@37dc219d INFO [synchrono.server.ws:140] - Successfully processed subscription request {:subscription-id "sub:1", :event-count 5}
clojure.lang.Delay@3589e93c INFO [synchrono.server.core:33] - [:get] / 200 - 2ms
clojure.lang.Delay@35523f1d DEBUG [synchrono.server.ws:172] - Received WebSocket message {:type "REQ"}
clojure.lang.Delay@425570f1 DEBUG [synchrono.server.ws:132] - Processing REQ message {:subscription-id "sub:1", :filters ({:kinds [4444], :#s ["synchrono"]})}
clojure.lang.Delay@372cd7a8 INFO [synchrono.server.ws:140] - Successfully processed subscription request {:subscription-id "sub:1", :event-count 5}
clojure.lang.Delay@6d70c56b INFO [synchrono.server.core:33] - [:get] /ws 404 - 70ms
clojure.lang.Delay@e29f77b INFO [synchrono.server.core:33] - [:get] / 200 - 3ms
clojure.lang.Delay@4b051838 DEBUG [synchrono.server.ws:172] - Received WebSocket message {:type "REQ"}
clojure.lang.Delay@51757e23 DEBUG [synchrono.server.ws:132] - Processing REQ message {:subscription-id "sub:1", :filters ({:kinds [4444], :#s ["synchrono"]})}
clojure.lang.Delay@457d8d9d INFO [synchrono.server.ws:140] - Successfully processed subscription request {:subscription-id "sub:1", :event-count 5}
clojure.lang.Delay@4664609c INFO [synchrono.server.core:33] - [:get] /ws 404 - 101ms
clojure.lang.Delay@573219d0 INFO [synchrono.server.core:33] - [:get] / 200 - 18ms
clojure.lang.Delay@79d21d39 INFO [synchrono.server.core:33] - [:get] /ws 404 - 34ms
clojure.lang.Delay@1e96ea7a DEBUG [synchrono.server.ws:172] - Received WebSocket message {:type "REQ"}
clojure.lang.Delay@7eb91535 DEBUG [synchrono.server.ws:132] - Processing REQ message {:subscription-id "sub:1", :filters ({:kinds [4444], :#s ["synchrono"]})}
clojure.lang.Delay@7af70f2d INFO [synchrono.server.ws:140] - Successfully processed subscription request {:subscription-id "sub:1", :event-count 5}
clojure.lang.Delay@5e011873 INFO [synchrono.server.core:33] - [:get] / 200 - 4ms
clojure.lang.Delay@21e10297 DEBUG [synchrono.server.ws:172] - Received WebSocket message {:type "REQ"}
clojure.lang.Delay@2c6fb434 DEBUG [synchrono.server.ws:132] - Processing REQ message {:subscription-id "sub:1", :filters ({:kinds [4444], :#s ["synchrono"]})}
clojure.lang.Delay@3fb19149 INFO [synchrono.server.ws:140] - Successfully processed subscription request {:subscription-id "sub:1", :event-count 5}
clojure.lang.Delay@7f655865 INFO [synchrono.server.core:33] - [:get] /ws 404 - 72ms
clojure.lang.Delay@2a0a345 INFO [synchrono.server.core:33] - [:get] / 200 - 3ms
clojure.lang.Delay@775422c4 INFO [synchrono.server.core:33] - [:get] /ws 404 - 10ms
clojure.lang.Delay@46a2f8b7 DEBUG [synchrono.server.ws:172] - Received WebSocket message {:type "REQ"}
clojure.lang.Delay@268d07f8 DEBUG [synchrono.server.ws:132] - Processing REQ message {:subscription-id "sub:1", :filters ({:kinds [4444], :#s ["synchrono"]})}
clojure.lang.Delay@22c35ddc INFO [synchrono.server.ws:140] - Successfully processed subscription request {:subscription-id "sub:1", :event-count 5}
clojure.lang.Delay@7819f3c5 INFO [synchrono.server.core:33] - [:get] / 200 - 39ms
clojure.lang.Delay@18360c8a INFO [synchrono.server.core:33] - [:get] /ws 404 - 7ms
clojure.lang.Delay@669a0d8e DEBUG [synchrono.server.ws:172] - Received WebSocket message {:type "REQ"}
clojure.lang.Delay@6b5f2c1 DEBUG [synchrono.server.ws:132] - Processing REQ message {:subscription-id "sub:1", :filters ({:kinds [4444], :#s ["synchrono"]})}
clojure.lang.Delay@2fb08c5 INFO [synchrono.server.ws:140] - Successfully processed subscription request {:subscription-id "sub:1", :event-count 5}
clojure.lang.Delay@3717ca30 INFO [synchrono.server.core:33] - [:get] / 200 - 2ms
clojure.lang.Delay@58fea8ec INFO [synchrono.server.core:33] - [:get] /ws 404 - 7ms
clojure.lang.Delay@7d6b2d95 DEBUG [synchrono.server.ws:172] - Received WebSocket message {:type "REQ"}
clojure.lang.Delay@1d44d2da DEBUG [synchrono.server.ws:132] - Processing REQ message {:subscription-id "sub:1", :filters ({:kinds [4444], :#s ["synchrono"]})}
clojure.lang.Delay@190a2b27 INFO [synchrono.server.ws:140] - Successfully processed subscription request {:subscription-id "sub:1", :event-count 5}
clojure.lang.Delay@18aeb5fa INFO [synchrono.server.core:33] - [:get] / 200 - 1ms
clojure.lang.Delay@69672418 DEBUG [synchrono.server.ws:172] - Received WebSocket message {:type "REQ"}
clojure.lang.Delay@5af232d2 DEBUG [synchrono.server.ws:132] - Processing REQ message {:subscription-id "sub:1", :filters ({:kinds [4444], :#s ["synchrono"]})}
clojure.lang.Delay@517b7967 INFO [synchrono.server.ws:140] - Successfully processed subscription request {:subscription-id "sub:1", :event-count 5}
clojure.lang.Delay@2f62c49 INFO [synchrono.server.core:33] - [:get] /ws 404 - 16ms
clojure.lang.Delay@660c27bd INFO [synchrono.server.core:33] - [:get] / 200 - 3ms
clojure.lang.Delay@4218d28b INFO [synchrono.server.core:33] - [:get] /ws 404 - 9ms
clojure.lang.Delay@36e72951 DEBUG [synchrono.server.ws:172] - Received WebSocket message {:type "REQ"}
clojure.lang.Delay@251135bd DEBUG [synchrono.server.ws:132] - Processing REQ message {:subscription-id "sub:1", :filters ({:kinds [4444], :#s ["synchrono"]})}
clojure.lang.Delay@7cbbcf01 INFO [synchrono.server.ws:140] - Successfully processed subscription request {:subscription-id "sub:1", :event-count 5}
clojure.lang.Delay@7086e491 INFO [synchrono.server.core:33] - [:get] / 200 - 3ms
clojure.lang.Delay@32e45054 DEBUG [synchrono.server.ws:172] - Received WebSocket message {:type "REQ"}
clojure.lang.Delay@45d47789 DEBUG [synchrono.server.ws:132] - Processing REQ message {:subscription-id "sub:1", :filters ({:kinds [4444], :#s ["synchrono"]})}
clojure.lang.Delay@437ef3c6 INFO [synchrono.server.ws:140] - Successfully processed subscription request {:subscription-id "sub:1", :event-count 5}
clojure.lang.Delay@7d7407a INFO [synchrono.server.core:33] - [:get] /ws 404 - 34ms
clojure.lang.Delay@6d729242 INFO [synchrono.server.core:33] - [:get] / 200 - 3ms
clojure.lang.Delay@208af4c0 DEBUG [synchrono.server.ws:172] - Received WebSocket message {:type "REQ"}
clojure.lang.Delay@4a91c910 DEBUG [synchrono.server.ws:132] - Processing REQ message {:subscription-id "sub:1", :filters ({:kinds [4444], :#s ["synchrono"]})}
clojure.lang.Delay@5c3ebcd1 INFO [synchrono.server.ws:140] - Successfully processed subscription request {:subscription-id "sub:1", :event-count 5}
clojure.lang.Delay@613d8344 INFO [synchrono.server.core:33] - [:get] /ws 404 - 55ms
clojure.lang.Delay@1e3312f8 INFO [synchrono.server.core:33] - [:get] / 200 - 3ms
clojure.lang.Delay@ceceb45 INFO [synchrono.server.core:33] - [:get] /ws 404 - 22ms
clojure.lang.Delay@6fb2d0b1 DEBUG [synchrono.server.ws:172] - Received WebSocket message {:type "REQ"}
clojure.lang.Delay@f9d2ffe DEBUG [synchrono.server.ws:132] - Processing REQ message {:subscription-id "sub:1", :filters ({:kinds [4444], :#s ["synchrono"]})}
clojure.lang.Delay@bd3d4d2 INFO [synchrono.server.ws:140] - Successfully processed subscription request {:subscription-id "sub:1", :event-count 5}
clojure.lang.Delay@34c5bac9 INFO [synchrono.server.core:33] - [:get] / 200 - 3ms
clojure.lang.Delay@1d6907c3 DEBUG [synchrono.server.ws:172] - Received WebSocket message {:type "REQ"}
clojure.lang.Delay@148d9693 DEBUG [synchrono.server.ws:132] - Processing REQ message {:subscription-id "sub:1", :filters ({:kinds [4444], :#s ["synchrono"]})}
clojure.lang.Delay@faca678 INFO [synchrono.server.ws:140] - Successfully processed subscription request {:subscription-id "sub:1", :event-count 5}
clojure.lang.Delay@5b837d77 INFO [synchrono.server.core:33] - [:get] /ws 404 - 58ms
clojure.lang.Delay@39b97bdc INFO [synchrono.server.core:33] - [:get] / 200 - 5ms
clojure.lang.Delay@4a03592f INFO [synchrono.server.core:33] - [:get] /ws 404 - 6ms
clojure.lang.Delay@426fdc54 DEBUG [synchrono.server.ws:172] - Received WebSocket message {:type "REQ"}
clojure.lang.Delay@2240231b DEBUG [synchrono.server.ws:132] - Processing REQ message {:subscription-id "sub:1", :filters ({:kinds [4444], :#s ["synchrono"]})}
clojure.lang.Delay@260e7dfa INFO [synchrono.server.ws:140] - Successfully processed subscription request {:subscription-id "sub:1", :event-count 5}
clojure.lang.Delay@13f209a0 INFO [synchrono.server.core:33] - [:get] / 200 - 3ms
clojure.lang.Delay@5233f799 INFO [synchrono.server.core:33] - [:get] /ws 404 - 7ms
clojure.lang.Delay@5a1aab08 DEBUG [synchrono.server.ws:172] - Received WebSocket message {:type "REQ"}
clojure.lang.Delay@3a355447 DEBUG [synchrono.server.ws:132] - Processing REQ message {:subscription-id "sub:1", :filters ({:kinds [4444], :#s ["synchrono"]})}
clojure.lang.Delay@3e7b0adb INFO [synchrono.server.ws:140] - Successfully processed subscription request {:subscription-id "sub:1", :event-count 5}
clojure.lang.Delay@d50acde INFO [synchrono.server.core:33] - [:get] / 200 - 26ms
clojure.lang.Delay@5b29a63f INFO [synchrono.server.core:33] - [:get] /ws 404 - 9ms
clojure.lang.Delay@3b065970 DEBUG [synchrono.server.ws:172] - Received WebSocket message {:type "REQ"}
clojure.lang.Delay@3f4806cf DEBUG [synchrono.server.ws:132] - Processing REQ message {:subscription-id "sub:1", :filters ({:kinds [4444], :#s ["synchrono"]})}
clojure.lang.Delay@4f2527df INFO [synchrono.server.ws:140] - Successfully processed subscription request {:subscription-id "sub:1", :event-count 5}
clojure.lang.Delay@e0b3175 INFO [synchrono.server.core:33] - [:get] / 200 - 2ms
clojure.lang.Delay@6a89b01b INFO [synchrono.server.core:33] - [:get] /ws 404 - 4ms
clojure.lang.Delay@11e4a9e5 DEBUG [synchrono.server.ws:172] - Received WebSocket message {:type "REQ"}
clojure.lang.Delay@79ecd746 DEBUG [synchrono.server.ws:132] - Processing REQ message {:subscription-id "sub:1", :filters ({:kinds [4444], :#s ["synchrono"]})}
clojure.lang.Delay@9a3c338 INFO [synchrono.server.ws:140] - Successfully processed subscription request {:subscription-id "sub:1", :event-count 5}
clojure.lang.Delay@364c1f5b INFO [synchrono.server.core:33] - [:get] / 200 - 12ms
clojure.lang.Delay@3965fca3 INFO [synchrono.server.core:33] - [:get] /ws 404 - 5ms
clojure.lang.Delay@594a03ec DEBUG [synchrono.server.ws:172] - Received WebSocket message {:type "REQ"}
clojure.lang.Delay@5d043e17 DEBUG [synchrono.server.ws:132] - Processing REQ message {:subscription-id "sub:1", :filters ({:kinds [4444], :#s ["synchrono"]})}
clojure.lang.Delay@23d10cc5 INFO [synchrono.server.ws:140] - Successfully processed subscription request {:subscription-id "sub:1", :event-count 5}
clojure.lang.Delay@58e3f8ab INFO [synchrono.server.core:33] - [:get] / 200 - 2ms
clojure.lang.Delay@231e0632 DEBUG [synchrono.server.ws:172] - Received WebSocket message {:type "REQ"}
clojure.lang.Delay@b2bf2f0 DEBUG [synchrono.server.ws:132] - Processing REQ message {:subscription-id "sub:1", :filters ({:kinds [4444], :#s ["synchrono"]})}
clojure.lang.Delay@40786367 INFO [synchrono.server.ws:140] - Successfully processed subscription request {:subscription-id "sub:1", :event-count 5}
clojure.lang.Delay@5e4b91d9 INFO [synchrono.server.core:33] - [:get] /ws 404 - 50ms
clojure.lang.Delay@1dd9d53b INFO [synchrono.server.core:33] - [:get] / 200 - 2ms
clojure.lang.Delay@7648342 INFO [synchrono.server.core:33] - [:get] /ws 404 - 24ms
clojure.lang.Delay@740eb1d7 DEBUG [synchrono.server.ws:172] - Received WebSocket message {:type "REQ"}
clojure.lang.Delay@14214e98 DEBUG [synchrono.server.ws:132] - Processing REQ message {:subscription-id "sub:1", :filters ({:kinds [4444], :#s ["synchrono"]})}
clojure.lang.Delay@106fb608 INFO [synchrono.server.ws:140] - Successfully processed subscription request {:subscription-id "sub:1", :event-count 5}
clojure.lang.Delay@e9fa3db INFO [synchrono.server.core:33] - [:get] / 200 - 2ms
clojure.lang.Delay@2051d22f INFO [synchrono.server.core:33] - [:get] /ws 404 - 14ms
clojure.lang.Delay@2663714f DEBUG [synchrono.server.ws:172] - Received WebSocket message {:type "REQ"}
clojure.lang.Delay@4c471c2d DEBUG [synchrono.server.ws:132] - Processing REQ message {:subscription-id "sub:1", :filters ({:kinds [4444], :#s ["synchrono"]})}
clojure.lang.Delay@7e0163f2 INFO [synchrono.server.ws:140] - Successfully processed subscription request {:subscription-id "sub:1", :event-count 5}
clojure.lang.Delay@1745d7c4 INFO [synchrono.server.core:33] - [:get] / 200 - 3ms
clojure.lang.Delay@9a51cd4 INFO [synchrono.server.core:33] - [:get] /ws 404 - 6ms
clojure.lang.Delay@64669632 DEBUG [synchrono.server.ws:172] - Received WebSocket message {:type "REQ"}
clojure.lang.Delay@449697d DEBUG [synchrono.server.ws:132] - Processing REQ message {:subscription-id "sub:1", :filters ({:kinds [4444], :#s ["synchrono"]})}
clojure.lang.Delay@7119d INFO [synchrono.server.ws:140] - Successfully processed subscription request {:subscription-id "sub:1", :event-count 5}
clojure.lang.Delay@1ddc65b INFO [synchrono.server.core:33] - [:get] / 200 - 3ms
clojure.lang.Delay@6284b7f7 INFO [synchrono.server.core:33] - [:get] /ws 404 - 9ms
clojure.lang.Delay@61f23914 DEBUG [synchrono.server.ws:172] - Received WebSocket message {:type "REQ"}
clojure.lang.Delay@65bc2457 DEBUG [synchrono.server.ws:132] - Processing REQ message {:subscription-id "sub:1", :filters ({:kinds [4444], :#s ["synchrono"]})}
clojure.lang.Delay@1bbfa6cf INFO [synchrono.server.ws:140] - Successfully processed subscription request {:subscription-id "sub:1", :event-count 5}
clojure.lang.Delay@39b4b2b2 INFO [synchrono.server.core:33] - [:get] / 200 - 5ms
clojure.lang.Delay@599b4dfd INFO [synchrono.server.core:33] - [:get] /ws 404 - 6ms
clojure.lang.Delay@4b9a9ba8 DEBUG [synchrono.server.ws:172] - Received WebSocket message {:type "REQ"}
clojure.lang.Delay@1088429b DEBUG [synchrono.server.ws:132] - Processing REQ message {:subscription-id "sub:1", :filters ({:kinds [4444], :#s ["synchrono"]})}
clojure.lang.Delay@45a455bb INFO [synchrono.server.ws:140] - Successfully processed subscription request {:subscription-id "sub:1", :event-count 5}
clojure.lang.Delay@72db6bb4 INFO [synchrono.server.core:33] - [:get] / 200 - 3ms
clojure.lang.Delay@11b98ee2 INFO [synchrono.server.core:33] - [:get] /ws 404 - 10ms
clojure.lang.Delay@65375820 DEBUG [synchrono.server.ws:172] - Received WebSocket message {:type "REQ"}
clojure.lang.Delay@7382821 DEBUG [synchrono.server.ws:132] - Processing REQ message {:subscription-id "sub:1", :filters ({:kinds [4444], :#s ["synchrono"]})}
clojure.lang.Delay@22d800a2 INFO [synchrono.server.ws:140] - Successfully processed subscription request {:subscription-id "sub:1", :event-count 5}
clojure.lang.Delay@6e81a765 INFO [synchrono.server.core:33] - [:get] / 200 - 3ms
clojure.lang.Delay@725450d5 INFO [synchrono.server.core:33] - [:get] /ws 404 - 14ms
clojure.lang.Delay@127baf9a DEBUG [synchrono.server.ws:172] - Received WebSocket message {:type "REQ"}
clojure.lang.Delay@1635d148 DEBUG [synchrono.server.ws:132] - Processing REQ message {:subscription-id "sub:1", :filters ({:kinds [4444], :#s ["synchrono"]})}
clojure.lang.Delay@114c51b0 INFO [synchrono.server.ws:140] - Successfully processed subscription request {:subscription-id "sub:1", :event-count 5}
clojure.lang.Delay@7097e980 INFO [synchrono.server.core:33] - [:get] / 200 - 3ms
clojure.lang.Delay@10b816cf INFO [synchrono.server.core:33] - [:get] /ws 404 - 10ms
clojure.lang.Delay@de4ef52 DEBUG [synchrono.server.ws:172] - Received WebSocket message {:type "REQ"}
clojure.lang.Delay@6dcb101d DEBUG [synchrono.server.ws:132] - Processing REQ message {:subscription-id "sub:1", :filters ({:kinds [4444], :#s ["synchrono"]})}
clojure.lang.Delay@69858977 INFO [synchrono.server.ws:140] - Successfully processed subscription request {:subscription-id "sub:1", :event-count 5}
clojure.lang.Delay@424d2faa INFO [synchrono.server.core:33] - [:get] / 200 - 3ms
clojure.lang.Delay@2262d0e5 INFO [synchrono.server.core:33] - [:get] /ws 404 - 27ms
clojure.lang.Delay@1cda9757 DEBUG [synchrono.server.ws:172] - Received WebSocket message {:type "REQ"}
clojure.lang.Delay@74d962ff DEBUG [synchrono.server.ws:132] - Processing REQ message {:subscription-id "sub:1", :filters ({:kinds [4444], :#s ["synchrono"]})}
clojure.lang.Delay@43b93fd6 INFO [synchrono.server.ws:140] - Successfully processed subscription request {:subscription-id "sub:1", :event-count 5}
clojure.lang.Delay@528e0439 INFO [synchrono.server.core:33] - [:get] / 200 - 1ms
clojure.lang.Delay@1ee13752 DEBUG [synchrono.server.ws:172] - Received WebSocket message {:type "REQ"}
clojure.lang.Delay@4ca025d8 DEBUG [synchrono.server.ws:132] - Processing REQ message {:subscription-id "sub:1", :filters ({:kinds [4444], :#s ["synchrono"]})}
clojure.lang.Delay@3b65fffb INFO [synchrono.server.ws:140] - Successfully processed subscription request {:subscription-id "sub:1", :event-count 5}
clojure.lang.Delay@6e13ab2f INFO [synchrono.server.core:33] - [:get] /ws 404 - 42ms
clojure.lang.Delay@7003d7d9 INFO [synchrono.server.core:33] - [:get] / 200 - 2ms
clojure.lang.Delay@6d494f0d DEBUG [synchrono.server.ws:172] - Received WebSocket message {:type "REQ"}
clojure.lang.Delay@1696bc33 DEBUG [synchrono.server.ws:132] - Processing REQ message {:subscription-id "sub:1", :filters ({:kinds [4444], :#s ["synchrono"]})}
clojure.lang.Delay@2f3f4425 INFO [synchrono.server.ws:140] - Successfully processed subscription request {:subscription-id "sub:1", :event-count 5}
clojure.lang.Delay@2a89feb8 INFO [synchrono.server.core:33] - [:get] /ws 404 - 39ms
clojure.lang.Delay@73f3693e INFO [synchrono.server.core:33] - [:get] / 200 - 2ms
clojure.lang.Delay@508cd081 DEBUG [synchrono.server.ws:172] - Received WebSocket message {:type "REQ"}
clojure.lang.Delay@63eb0b65 DEBUG [synchrono.server.ws:132] - Processing REQ message {:subscription-id "sub:1", :filters ({:kinds [4444], :#s ["synchrono"]})}
clojure.lang.Delay@45ef47e1 INFO [synchrono.server.ws:140] - Successfully processed subscription request {:subscription-id "sub:1", :event-count 5}
clojure.lang.Delay@506bf9f1 INFO [synchrono.server.core:33] - [:get] /ws 404 - 73ms
clojure.lang.Delay@12ef007b INFO [synchrono.server.core:33] - [:get] / 200 - 10ms
clojure.lang.Delay@2cc7bcab DEBUG [synchrono.server.ws:172] - Received WebSocket message {:type "REQ"}
clojure.lang.Delay@223aa6d5 DEBUG [synchrono.server.ws:132] - Processing REQ message {:subscription-id "sub:1", :filters ({:kinds [4444], :#s ["synchrono"]})}
clojure.lang.Delay@76cc2db8 INFO [synchrono.server.ws:140] - Successfully processed subscription request {:subscription-id "sub:1", :event-count 5}
clojure.lang.Delay@4cddc3c5 INFO [synchrono.server.core:33] - [:get] /ws 404 - 71ms
clojure.lang.Delay@67badadd INFO [synchrono.server.core:33] - [:get] / 200 - 4ms
clojure.lang.Delay@46bfc614 INFO [synchrono.server.core:33] - [:get] /ws 404 - 6ms
clojure.lang.Delay@589c24c2 DEBUG [synchrono.server.ws:172] - Received WebSocket message {:type "REQ"}
clojure.lang.Delay@3533cda3 DEBUG [synchrono.server.ws:132] - Processing REQ message {:subscription-id "sub:1", :filters ({:kinds [4444], :#s ["synchrono"]})}
clojure.lang.Delay@6a30089 INFO [synchrono.server.ws:140] - Successfully processed subscription request {:subscription-id "sub:1", :event-count 5}
clojure.lang.Delay@4144a40d INFO [synchrono.server.core:33] - [:get] / 200 - 1ms
clojure.lang.Delay@301db212 DEBUG [synchrono.server.ws:172] - Received WebSocket message {:type "REQ"}
clojure.lang.Delay@7b5b842e DEBUG [synchrono.server.ws:132] - Processing REQ message {:subscription-id "sub:1", :filters ({:kinds [4444], :#s ["synchrono"]})}
clojure.lang.Delay@3d60d3fb INFO [synchrono.server.ws:140] - Successfully processed subscription request {:subscription-id "sub:1", :event-count 5}
clojure.lang.Delay@216b5b42 INFO [synchrono.server.core:33] - [:get] /ws 404 - 48ms
clojure.lang.Delay@1d2f2919 INFO [synchrono.server.core:33] - [:get] / 200 - 3ms
clojure.lang.Delay@7d00d656 INFO [synchrono.server.core:33] - [:get] /ws 404 - 17ms
clojure.lang.Delay@5910f371 DEBUG [synchrono.server.ws:172] - Received WebSocket message {:type "REQ"}
clojure.lang.Delay@32a19c87 DEBUG [synchrono.server.ws:132] - Processing REQ message {:subscription-id "sub:1", :filters ({:kinds [4444], :#s ["synchrono"]})}
clojure.lang.Delay@7d9b20cd INFO [synchrono.server.ws:140] - Successfully processed subscription request {:subscription-id "sub:1", :event-count 5}
clojure.lang.Delay@6f3318b8 INFO [synchrono.server.core:33] - [:get] / 200 - 2ms
clojure.lang.Delay@1a71bf63 INFO [synchrono.server.core:33] - [:get] /ws 404 - 22ms
clojure.lang.Delay@5ddf3667 DEBUG [synchrono.server.ws:172] - Received WebSocket message {:type "REQ"}
clojure.lang.Delay@61df35dd DEBUG [synchrono.server.ws:132] - Processing REQ message {:subscription-id "sub:1", :filters ({:kinds [4444], :#s ["synchrono"]})}
clojure.lang.Delay@6fe168ed INFO [synchrono.server.ws:140] - Successfully processed subscription request {:subscription-id "sub:1", :event-count 5}
clojure.lang.Delay@6fb7179b INFO [synchrono.server.core:33] - [:get] / 200 - 17ms
clojure.lang.Delay@f98e8d4 INFO [synchrono.server.core:33] - [:get] /ws 404 - 18ms
clojure.lang.Delay@188d4d1b DEBUG [synchrono.server.ws:172] - Received WebSocket message {:type "REQ"}
clojure.lang.Delay@78a2b254 DEBUG [synchrono.server.ws:132] - Processing REQ message {:subscription-id "sub:1", :filters ({:kinds [4444], :#s ["synchrono"]})}
clojure.lang.Delay@7cecae4f INFO [synchrono.server.ws:140] - Successfully processed subscription request {:subscription-id "sub:1", :event-count 5}
clojure.lang.Delay@6c5a3092 INFO [synchrono.server.core:33] - [:get] / 200 - 3ms
clojure.lang.Delay@c75cfdd INFO [synchrono.server.core:33] - [:get] /ws 404 - 16ms
clojure.lang.Delay@2b8dcd6b DEBUG [synchrono.server.ws:172] - Received WebSocket message {:type "REQ"}
clojure.lang.Delay@4ba23224 DEBUG [synchrono.server.ws:132] - Processing REQ message {:subscription-id "sub:1", :filters ({:kinds [4444], :#s ["synchrono"]})}
clojure.lang.Delay@4fec8d2f INFO [synchrono.server.ws:140] - Successfully processed subscription request {:subscription-id "sub:1", :event-count 5}
clojure.lang.Delay@69dde50d INFO [synchrono.server.core:33] - [:get] / 200 - 4ms
clojure.lang.Delay@47078f95 DEBUG [synchrono.server.ws:172] - Received WebSocket message {:type "REQ"}
clojure.lang.Delay@7b026b8e DEBUG [synchrono.server.ws:132] - Processing REQ message {:subscription-id "sub:1", :filters ({:kinds [4444], :#s ["synchrono"]})}
clojure.lang.Delay@6b461325 INFO [synchrono.server.ws:140] - Successfully processed subscription request {:subscription-id "sub:1", :event-count 5}
clojure.lang.Delay@9f21a42 INFO [synchrono.server.core:33] - [:get] /ws 404 - 53ms
clojure.lang.Delay@222777ba INFO [synchrono.server.core:33] - [:get] / 200 - 2ms
clojure.lang.Delay@75bf544a INFO [synchrono.server.core:33] - [:get] / 200 - 3ms
clojure.lang.Delay@eabaa9e INFO [synchrono.server.core:33] - [:get] / 200 - 3ms
clojure.lang.Delay@34e46192 INFO [synchrono.server.core:33] - [:get] / 200 - 2ms
clojure.lang.Delay@26a90d85 INFO [synchrono.server.core:33] - [:get] / 200 - 3ms
clojure.lang.Delay@36f26285 INFO [synchrono.server.core:33] - [:get] / 200 - 3ms
clojure.lang.Delay@6f993290 INFO [synchrono.server.core:33] - [:get] / 200 - 2ms
clojure.lang.Delay@5cb14632 INFO [synchrono.server.core:33] - [:get] / 200 - 2ms
clojure.lang.Delay@5a4f82f5 INFO [synchrono.server.core:33] - [:get] / 200 - 3ms
clojure.lang.Delay@676f412c INFO [synchrono.server.core:33] - [:get] / 200 - 2ms
clojure.lang.Delay@516d1cd3 INFO [synchrono.server.core:33] - [:get] / 200 - 7ms
clojure.lang.Delay@d74b172 INFO [synchrono.server.core:33] - [:get] / 200 - 1ms
clojure.lang.Delay@d57491c INFO [synchrono.server.core:33] - [:get] / 200 - 3ms
clojure.lang.Delay@62b05ad7 INFO [synchrono.server.core:33] - [:get] / 200 - 1ms
clojure.lang.Delay@4720ea28 INFO [synchrono.server.core:33] - [:get] / 200 - 2ms
clojure.lang.Delay@5c567b3a INFO [synchrono.server.core:33] - [:get] / 200 - 3ms
clojure.lang.Delay@c8ae07c INFO [synchrono.server.core:33] - [:get] / 200 - 3ms
clojure.lang.Delay@290eadc4 INFO [synchrono.server.core:33] - [:get] / 200 - 2ms
clojure.lang.Delay@578267be INFO [synchrono.server.core:33] - [:get] / 200 - 6ms
clojure.lang.Delay@288bd088 INFO [synchrono.server.core:33] - [:get] / 200 - 3ms
clojure.lang.Delay@465875a1 INFO [synchrono.server.core:33] - [:get] / 200 - 3ms
clojure.lang.Delay@55e34a19 INFO [synchrono.server.core:33] - [:get] / 200 - 2ms
clojure.lang.Delay@4b40ecbf INFO [synchrono.server.core:33] - [:get] / 200 - 2ms
clojure.lang.Delay@44081e3b INFO [synchrono.server.core:33] - [:get] / 200 - 1ms
clojure.lang.Delay@699fe8 INFO [synchrono.server.core:33] - [:get] / 200 - 6ms
clojure.lang.Delay@3e24f5ec INFO [synchrono.server.core:33] - [:get] /ws 404 - 6ms
clojure.lang.Delay@4d366a84 DEBUG [synchrono.server.ws:172] - Received WebSocket message {:type "REQ"}
clojure.lang.Delay@2d1995cb DEBUG [synchrono.server.ws:132] - Processing REQ message {:subscription-id "sub:1", :filters ({:kinds [4444], :#s ["synchrono"]})}
clojure.lang.Delay@29574c63 INFO [synchrono.server.ws:140] - Successfully processed subscription request {:subscription-id "sub:1", :event-count 5}
clojure.lang.Delay@f0305b6 INFO [synchrono.server.core:33] - [:get] / 200 - 2ms
clojure.lang.Delay@2a3a2af4 DEBUG [synchrono.server.ws:172] - Received WebSocket message {:type "REQ"}
clojure.lang.Delay@3acacb36 DEBUG [synchrono.server.ws:132] - Processing REQ message {:subscription-id "sub:1", :filters ({:kinds [4444], :#s ["synchrono"]})}
clojure.lang.Delay@33aaea1b INFO [synchrono.server.ws:140] - Successfully processed subscription request {:subscription-id "sub:1", :event-count 5}
clojure.lang.Delay@28227026 INFO [synchrono.server.core:33] - [:get] /ws 404 - 50ms
clojure.lang.Delay@1ed1bfbd INFO [synchrono.server.core:33] - [:get] / 200 - 3ms
clojure.lang.Delay@24bc2987 INFO [synchrono.server.core:33] - [:get] / 200 - 1ms
clojure.lang.Delay@13d6649c INFO [synchrono.server.core:33] - [:get] / 200 - 0ms
clojure.lang.Delay@52abf4ba INFO [synchrono.server.core:33] - [:get] / 200 - 8ms
clojure.lang.Delay@45391e8b INFO [synchrono.server.core:33] - [:get] /ws 404 - 7ms
clojure.lang.Delay@6a5f1815 DEBUG [synchrono.server.ws:172] - Received WebSocket message {:type "REQ"}
clojure.lang.Delay@a70e75a DEBUG [synchrono.server.ws:132] - Processing REQ message {:subscription-id "sub:1", :filters ({:kinds [4444], :#s ["synchrono"]})}
clojure.lang.Delay@e3e1993 INFO [synchrono.server.ws:140] - Successfully processed subscription request {:subscription-id "sub:1", :event-count 5}
clojure.lang.Delay@78a9f927 INFO [synchrono.server.core:33] - [:get] / 200 - 1ms
clojure.lang.Delay@2516e1c4 INFO [synchrono.server.core:33] - [:get] /ws 404 - 1ms
clojure.lang.Delay@1fe6e783 DEBUG [synchrono.server.ws:172] - Received WebSocket message {:type "REQ"}
clojure.lang.Delay@7fc918cc DEBUG [synchrono.server.ws:132] - Processing REQ message {:subscription-id "sub:1", :filters ({:kinds [4444], :#s ["synchrono"]})}
clojure.lang.Delay@7b8783b4 INFO [synchrono.server.ws:140] - Successfully processed subscription request {:subscription-id "sub:1", :event-count 5}
clojure.lang.Delay@c0fc041 INFO [synchrono.server.core:33] - [:get] / 200 - 1ms
clojure.lang.Delay@22a3f199 INFO [synchrono.server.core:33] - [:get] /ws 404 - 1ms
clojure.lang.Delay@60f7abea DEBUG [synchrono.server.ws:172] - Received WebSocket message {:type "REQ"}
clojure.lang.Delay@a77ced8 DEBUG [synchrono.server.ws:132] - Processing REQ message {:subscription-id "sub:1", :filters ({:kinds [4444], :#s ["synchrono"]})}
clojure.lang.Delay@42c0b80e INFO [synchrono.server.ws:140] - Successfully processed subscription request {:subscription-id "sub:1", :event-count 5}
clojure.lang.Delay@30c1f4b4 INFO [synchrono.server.core:70] - Initializing database
clojure.lang.Delay@2498eb25 INFO [synchrono.server.core:53] - Starting server on port 3000 in environment nil
clojure.lang.Delay@77cc18f7 INFO [synchrono.server.core:55] - Server started successfully - ready to accept connections
clojure.lang.Delay@33dbe7ec INFO [synchrono.server.core:33] - [:get] / 200 - 8ms
clojure.lang.Delay@7cbc9ba7 DEBUG [synchrono.server.ws:175] - Received WebSocket message {:type "REQ"}
clojure.lang.Delay@49025a4f DEBUG [synchrono.server.ws:132] - Processing REQ message {:subscription-id "sub:1", :filters ({:kinds [4444], :#s ["synchrono"]})}
clojure.lang.Delay@6d52443d INFO [synchrono.server.ws:140] - Successfully processed subscription request {:subscription-id "sub:1", :event-count 5}
clojure.lang.Delay@406226f DEBUG [synchrono.server.ws:144] - Sending EVENT message to client {:subscription-id "sub:1", :event-id "4b9a57c73eee3deb848df08d66241369c67766716203cc763a25ab5377941fe0"}
clojure.lang.Delay@7a2a5773 DEBUG [synchrono.server.ws:144] - Sending EVENT message to client {:subscription-id "sub:1", :event-id "20cba70f46e96dd1de7dadadd9eab404f187faa7f142d04ceb688880ab47fc30"}
clojure.lang.Delay@3d8dc432 DEBUG [synchrono.server.ws:144] - Sending EVENT message to client {:subscription-id "sub:1", :event-id "5a24aab418cf86c0956802f0f5de81b9682d75db4d653abf603c015820306401"}
clojure.lang.Delay@177e3327 DEBUG [synchrono.server.ws:144] - Sending EVENT message to client {:subscription-id "sub:1", :event-id "d21e95e82856fa40c2b4a71d96110cb56fdda768a086bacd673af72d4e17465e"}
clojure.lang.Delay@704bf773 DEBUG [synchrono.server.ws:144] - Sending EVENT message to client {:subscription-id "sub:1", :event-id "c9b9018eadf6b01a7817408bab9cfb293a0e32505ed61788eafe9d9e33bda89a"}
clojure.lang.Delay@331b0825 INFO [synchrono.server.core:33] - [:get] /ws 404 - 113ms
clojure.lang.Delay@5e6239d3 INFO [synchrono.server.core:70] - Initializing database
clojure.lang.Delay@752f0fa6 INFO [synchrono.server.core:53] - Starting server on port 3000 in environment nil
clojure.lang.Delay@5e638440 INFO [synchrono.server.core:55] - Server started successfully - ready to accept connections
clojure.lang.Delay@740812e2 INFO [synchrono.server.core:33] - [:get] / 200 - 9ms
clojure.lang.Delay@47472bc8 DEBUG [synchrono.server.ws:196] - Received WebSocket message {:type "REQ"}
clojure.lang.Delay@4556e31c DEBUG [synchrono.server.ws:153] - Processing REQ message {:subscription-id "sub:1", :filters ({:kinds [4444], :#s ["synchrono"]})}
clojure.lang.Delay@7cdbf9a4 INFO [synchrono.server.ws:161] - Successfully processed subscription request {:subscription-id "sub:1", :event-count 5}
clojure.lang.Delay@11bad20e DEBUG [synchrono.server.ws:165] - Sending EVENT message to client {:subscription-id "sub:1", :event-id "4b9a57c73eee3deb848df08d66241369c67766716203cc763a25ab5377941fe0"}
clojure.lang.Delay@18d8dad DEBUG [synchrono.server.ws:48] - Sending message {:message ["EVENT" "sub:1" {:id "4b9a57c73eee3deb848df08d66241369c67766716203cc763a25ab5377941fe0", :pubkey "800e78c63707901e8f9dff820659e844efe92b329e9f24d6ea53aece315cbfe4", :created_at 1730982229, :kind 4444, :tags "[[\"s\",\"synchrono\"]]", :content "{\"id\":null,\"name\":\"synchrono.city\",\"about\":\"Everyone buys in for 100,000 satoshis by sending 0.001 BTC to me. \\nTransfer satoshis to other people by upvoting their entries. \\nWe each pay dues of 100 satoshis per day, so you better start hustling! \\nCash out any time; I will send BTC to you. \\nSo long as you leave enough satoshis to pay for 1 week of dues. \\nWin big in this marketplace for ideas! \",\"picture\":\"https://synchrono.city/JAMN.png\",\"initial-credit-balance-sat\":100000,\"minimum-withdrawal-sat\":7000,\"daily-fee-sat\":100,\"timezone\":\"UTC-08:00\"}", :sig "8fd5e97c2e2d7faba3dba5f561d77156d0fe731fb4259d8d9fcb75a4af690f8be8888d48c3ef2bde227c70f83dc416b54cc0d784810b617a7403736ea4120ce3"}]}
clojure.lang.Delay@527eef71 DEBUG [synchrono.server.ws:165] - Sending EVENT message to client {:subscription-id "sub:1", :event-id "20cba70f46e96dd1de7dadadd9eab404f187faa7f142d04ceb688880ab47fc30"}
clojure.lang.Delay@56a6e2fd DEBUG [synchrono.server.ws:48] - Sending message {:message ["EVENT" "sub:1" {:id "20cba70f46e96dd1de7dadadd9eab404f187faa7f142d04ceb688880ab47fc30", :pubkey "800e78c63707901e8f9dff820659e844efe92b329e9f24d6ea53aece315cbfe4", :created_at 1730981067, :kind 4444, :tags "[[\"s\",\"synchrono\"]]", :content "{\"id\":null,\"name\":\"synchrono.city\",\"about\":\"Everyone buys in for 100,000 satoshis by sending 0.001 BTC to me. \\nTransfer satoshis to other people by upvoting their entries. \\nWe each pay dues of 100 satoshis per day, so you better start hustling! \\nCash out any time; I will send BTC to you. \\nSo long as you leave enough satoshis to pay for 1 week of dues. \\nWin big in this marketplace for ideas! \",\"picture\":\"https://synchrono.city/JAMN.png\",\"initial-credit-balance-sat\":100000,\"minimum-withdrawal-sat\":7000,\"daily-fee-sat\":100,\"timezone\":\"UTC-08:00\"}", :sig "151d534570d9d818fbfe33d0ecf3392c79f6ce6a5a951c42c154e8776f9ebf7529892958d29cd0c49d4aa294b6a4797cb910dd84085a9bd4ec68b7d879aebe54"}]}
clojure.lang.Delay@2574abd5 DEBUG [synchrono.server.ws:165] - Sending EVENT message to client {:subscription-id "sub:1", :event-id "5a24aab418cf86c0956802f0f5de81b9682d75db4d653abf603c015820306401"}
clojure.lang.Delay@60857b58 DEBUG [synchrono.server.ws:48] - Sending message {:message ["EVENT" "sub:1" {:id "5a24aab418cf86c0956802f0f5de81b9682d75db4d653abf603c015820306401", :pubkey "800e78c63707901e8f9dff820659e844efe92b329e9f24d6ea53aece315cbfe4", :created_at 1730980824, :kind 4444, :tags "[[\"s\",\"synchrono\"]]", :content "{\"id\":null,\"name\":\"synchrono.city\",\"about\":\"Everyone buys in for 100,000 satoshis by sending 0.001 BTC to me. \\nTransfer satoshis to other people by upvoting their entries. \\nWe each pay dues of 100 satoshis per day, so you better start hustling! \\nCash out any time; I will send BTC to you. \\nSo long as you leave enough satoshis to pay for 1 week of dues. \\nWin big in this marketplace for ideas! \",\"picture\":\"https://synchrono.city/JAMN.png\",\"initial-credit-balance-sat\":100000,\"minimum-withdrawal-sat\":7000,\"daily-fee-sat\":100,\"timezone\":\"UTC-08:00\"}", :sig "980edfcac3469ec4062694368f65045ddf329e55da4c3dea3b48e2480216ed8c365a8451b809228f2362248e13c797afd278e05b3f68c51694f0a444fc209e5c"}]}
clojure.lang.Delay@637c17ac DEBUG [synchrono.server.ws:165] - Sending EVENT message to client {:subscription-id "sub:1", :event-id "d21e95e82856fa40c2b4a71d96110cb56fdda768a086bacd673af72d4e17465e"}
clojure.lang.Delay@6b47665c DEBUG [synchrono.server.ws:48] - Sending message {:message ["EVENT" "sub:1" {:id "d21e95e82856fa40c2b4a71d96110cb56fdda768a086bacd673af72d4e17465e", :pubkey "800e78c63707901e8f9dff820659e844efe92b329e9f24d6ea53aece315cbfe4", :created_at 1730979951, :kind 4444, :tags "[[\"s\",\"synchrono\"]]", :content "{\"id\":null,\"name\":\"synchrono.city\",\"about\":\"Everyone buys in for 100,000 satoshis by sending 0.001 BTC to me. \\nTransfer satoshis to other people by upvoting their entries. \\nWe each pay dues of 100 satoshis per day, so you better start hustling! \\nCash out any time; I will send BTC to you. \\nSo long as you leave enough satoshis to pay for 1 week of dues. \\nWin big in this marketplace for ideas! \",\"picture\":\"https://synchrono.city/JAMN.png\",\"initial-credit-balance-sat\":100000,\"minimum-withdrawal-sat\":7000,\"daily-fee-sat\":100,\"timezone\":\"UTC-08:00\"}", :sig "6caf875b67c37126588d649815b7b46301ddce2f4d587adada939f8078946a4e4839744a8902acffde3f072cb5bb0798ec6d27a124c4e49f8ac48f9fed5a5f2b"}]}
clojure.lang.Delay@53423682 DEBUG [synchrono.server.ws:165] - Sending EVENT message to client {:subscription-id "sub:1", :event-id "c9b9018eadf6b01a7817408bab9cfb293a0e32505ed61788eafe9d9e33bda89a"}
clojure.lang.Delay@5bb5fc9a DEBUG [synchrono.server.ws:48] - Sending message {:message ["EVENT" "sub:1" {:id "c9b9018eadf6b01a7817408bab9cfb293a0e32505ed61788eafe9d9e33bda89a", :pubkey "800e78c63707901e8f9dff820659e844efe92b329e9f24d6ea53aece315cbfe4", :created_at 1730979124, :kind 4444, :tags "[[\"s\",\"synchrono\"]]", :content "{\"id\":null,\"name\":\"synchrono.city\",\"about\":\"Everyone buys in for 100,000 satoshis by sending 0.001 BTC to me. \\nTransfer satoshis to other people by upvoting their entries. \\nWe each pay dues of 100 satoshis per day, so you better start hustling! \\nCash out any time; I will send BTC to you. \\nSo long as you leave enough satoshis to pay for 1 week of dues. \\nWin big in this marketplace for ideas! \",\"picture\":\"https://synchrono.city/JAMN.png\",\"initial-credit-balance-sat\":100000,\"minimum-withdrawal-sat\":7000,\"daily-fee-sat\":100,\"timezone\":\"UTC-08:00\"}", :sig "ea34fad43440cfd538285224eeb283bef9c01abc7b6e4d019e5833d70baf8624d391c3c6fc3aca4024b2a7ee97f2c43a87269981a7dada3e413e1455cafcc673"}]}
clojure.lang.Delay@1bccdca4 DEBUG [synchrono.server.ws:48] - Sending message {:message ["EOSE" "sub:1"]}
clojure.lang.Delay@6b12b054 INFO [synchrono.server.core:33] - [:get] /ws 404 - 189ms
clojure.lang.Delay@416628db INFO [synchrono.server.core:70] - Initializing database
clojure.lang.Delay@2eea5707 INFO [synchrono.server.core:53] - Starting server on port 3000 in environment nil
clojure.lang.Delay@4fc26184 INFO [synchrono.server.core:55] - Server started successfully - ready to accept connections
clojure.lang.Delay@6b1b073c INFO [synchrono.server.core:33] - [:get] / 200 - 10ms
clojure.lang.Delay@4943ec7d INFO [synchrono.server.core:33] - [:get] /ws 404 - 98ms
clojure.lang.Delay@b58f978 DEBUG [synchrono.server.ws:195] - Received WebSocket message {:type "REQ"}
clojure.lang.Delay@4e99f882 DEBUG [synchrono.server.ws:152] - Processing REQ message {:subscription-id "sub:1", :filters ({:kinds [4444], :#s ["synchrono"]})}
clojure.lang.Delay@239caa16 INFO [synchrono.server.ws:160] - Successfully processed subscription request {:subscription-id "sub:1", :event-count 5}
clojure.lang.Delay@2b08a84f DEBUG [synchrono.server.ws:164] - Sending EVENT message to client {:subscription-id "sub:1", :event-id "4b9a57c73eee3deb848df08d66241369c67766716203cc763a25ab5377941fe0"}
clojure.lang.Delay@6ff31de1 DEBUG [synchrono.server.ws:164] - Sending EVENT message to client {:subscription-id "sub:1", :event-id "20cba70f46e96dd1de7dadadd9eab404f187faa7f142d04ceb688880ab47fc30"}
clojure.lang.Delay@2938e04b DEBUG [synchrono.server.ws:164] - Sending EVENT message to client {:subscription-id "sub:1", :event-id "5a24aab418cf86c0956802f0f5de81b9682d75db4d653abf603c015820306401"}
clojure.lang.Delay@2de41c20 DEBUG [synchrono.server.ws:164] - Sending EVENT message to client {:subscription-id "sub:1", :event-id "d21e95e82856fa40c2b4a71d96110cb56fdda768a086bacd673af72d4e17465e"}
clojure.lang.Delay@153d737c DEBUG [synchrono.server.ws:164] - Sending EVENT message to client {:subscription-id "sub:1", :event-id "c9b9018eadf6b01a7817408bab9cfb293a0e32505ed61788eafe9d9e33bda89a"}
clojure.lang.Delay@769d55fa INFO [synchrono.server.core:33] - [:get] / 200 - 22ms
clojure.lang.Delay@40075841 INFO [synchrono.server.core:33] - [:get] /ws 404 - 16ms
clojure.lang.Delay@53b29bf2 DEBUG [synchrono.server.ws:195] - Received WebSocket message {:type "REQ"}
clojure.lang.Delay@339d64bd DEBUG [synchrono.server.ws:152] - Processing REQ message {:subscription-id "sub:1", :filters ({:kinds [4444], :#s ["synchrono"]})}
clojure.lang.Delay@37d33b89 INFO [synchrono.server.ws:160] - Successfully processed subscription request {:subscription-id "sub:1", :event-count 5}
clojure.lang.Delay@ae04f1d DEBUG [synchrono.server.ws:164] - Sending EVENT message to client {:subscription-id "sub:1", :event-id "4b9a57c73eee3deb848df08d66241369c67766716203cc763a25ab5377941fe0"}
clojure.lang.Delay@5a40c7d6 DEBUG [synchrono.server.ws:164] - Sending EVENT message to client {:subscription-id "sub:1", :event-id "20cba70f46e96dd1de7dadadd9eab404f187faa7f142d04ceb688880ab47fc30"}
clojure.lang.Delay@6f516101 DEBUG [synchrono.server.ws:164] - Sending EVENT message to client {:subscription-id "sub:1", :event-id "5a24aab418cf86c0956802f0f5de81b9682d75db4d653abf603c015820306401"}
clojure.lang.Delay@4febb755 DEBUG [synchrono.server.ws:164] - Sending EVENT message to client {:subscription-id "sub:1", :event-id "d21e95e82856fa40c2b4a71d96110cb56fdda768a086bacd673af72d4e17465e"}
clojure.lang.Delay@16016156 DEBUG [synchrono.server.ws:164] - Sending EVENT message to client {:subscription-id "sub:1", :event-id "c9b9018eadf6b01a7817408bab9cfb293a0e32505ed61788eafe9d9e33bda89a"}
clojure.lang.Delay@19716cff DEBUG [synchrono.server.ws:195] - Received WebSocket message {:type "CLOSE"}
clojure.lang.Delay@705caa28 DEBUG [synchrono.server.ws:185] - Processing CLOSE message {:subscription-id "sub:1"}
clojure.lang.Delay@6b5feb9 INFO [synchrono.server.core:33] - [:get] / 200 - 5ms
clojure.lang.Delay@74ad03cb INFO [synchrono.server.core:33] - [:get] /ws 404 - 23ms
clojure.lang.Delay@7ac0c533 DEBUG [synchrono.server.ws:195] - Received WebSocket message {:type "REQ"}
clojure.lang.Delay@441c9301 DEBUG [synchrono.server.ws:152] - Processing REQ message {:subscription-id "sub:1", :filters ({:kinds [4444], :#s ["synchrono"]})}
clojure.lang.Delay@7effc349 INFO [synchrono.server.ws:160] - Successfully processed subscription request {:subscription-id "sub:1", :event-count 5}
clojure.lang.Delay@58cf839b DEBUG [synchrono.server.ws:164] - Sending EVENT message to client {:subscription-id "sub:1", :event-id "4b9a57c73eee3deb848df08d66241369c67766716203cc763a25ab5377941fe0"}
clojure.lang.Delay@1707f67e DEBUG [synchrono.server.ws:164] - Sending EVENT message to client {:subscription-id "sub:1", :event-id "20cba70f46e96dd1de7dadadd9eab404f187faa7f142d04ceb688880ab47fc30"}
clojure.lang.Delay@55cf525 DEBUG [synchrono.server.ws:164] - Sending EVENT message to client {:subscription-id "sub:1", :event-id "5a24aab418cf86c0956802f0f5de81b9682d75db4d653abf603c015820306401"}
clojure.lang.Delay@a5161e8 DEBUG [synchrono.server.ws:164] - Sending EVENT message to client {:subscription-id "sub:1", :event-id "d21e95e82856fa40c2b4a71d96110cb56fdda768a086bacd673af72d4e17465e"}
clojure.lang.Delay@7c93c3e2 DEBUG [synchrono.server.ws:164] - Sending EVENT message to client {:subscription-id "sub:1", :event-id "c9b9018eadf6b01a7817408bab9cfb293a0e32505ed61788eafe9d9e33bda89a"}
clojure.lang.Delay@183dd750 DEBUG [synchrono.server.ws:195] - Received WebSocket message {:type "CLOSE"}
clojure.lang.Delay@597d857a DEBUG [synchrono.server.ws:185] - Processing CLOSE message {:subscription-id "sub:1"}
clojure.lang.Delay@7897a33b INFO [synchrono.server.core:33] - [:get] / 200 - 3ms
clojure.lang.Delay@12ce66f3 INFO [synchrono.server.core:33] - [:get] /ws 404 - 5ms
clojure.lang.Delay@31d91034 DEBUG [synchrono.server.ws:195] - Received WebSocket message {:type "REQ"}
clojure.lang.Delay@51f6ef7b DEBUG [synchrono.server.ws:152] - Processing REQ message {:subscription-id "sub:1", :filters ({:kinds [4444], :#s ["synchrono"]})}
clojure.lang.Delay@55b8522c INFO [synchrono.server.ws:160] - Successfully processed subscription request {:subscription-id "sub:1", :event-count 5}
clojure.lang.Delay@32388c5e DEBUG [synchrono.server.ws:164] - Sending EVENT message to client {:subscription-id "sub:1", :event-id "4b9a57c73eee3deb848df08d66241369c67766716203cc763a25ab5377941fe0"}
clojure.lang.Delay@27358bf2 DEBUG [synchrono.server.ws:164] - Sending EVENT message to client {:subscription-id "sub:1", :event-id "20cba70f46e96dd1de7dadadd9eab404f187faa7f142d04ceb688880ab47fc30"}
clojure.lang.Delay@6fa91f15 DEBUG [synchrono.server.ws:164] - Sending EVENT message to client {:subscription-id "sub:1", :event-id "5a24aab418cf86c0956802f0f5de81b9682d75db4d653abf603c015820306401"}
clojure.lang.Delay@2ee7e9c DEBUG [synchrono.server.ws:164] - Sending EVENT message to client {:subscription-id "sub:1", :event-id "d21e95e82856fa40c2b4a71d96110cb56fdda768a086bacd673af72d4e17465e"}
clojure.lang.Delay@3d3d73b3 DEBUG [synchrono.server.ws:164] - Sending EVENT message to client {:subscription-id "sub:1", :event-id "c9b9018eadf6b01a7817408bab9cfb293a0e32505ed61788eafe9d9e33bda89a"}
clojure.lang.Delay@72e199bc DEBUG [synchrono.server.ws:195] - Received WebSocket message {:type "CLOSE"}
clojure.lang.Delay@76af07ec DEBUG [synchrono.server.ws:185] - Processing CLOSE message {:subscription-id "sub:1"}
clojure.lang.Delay@57c55d26 INFO [synchrono.server.core:33] - [:get] / 200 - 1ms
clojure.lang.Delay@4dccd5b4 INFO [synchrono.server.core:33] - [:get] /ws 404 - 14ms
clojure.lang.Delay@4797fae4 DEBUG [synchrono.server.ws:195] - Received WebSocket message {:type "REQ"}
clojure.lang.Delay@27b805ab DEBUG [synchrono.server.ws:152] - Processing REQ message {:subscription-id "sub:1", :filters ({:kinds [4444], :#s ["synchrono"]})}
clojure.lang.Delay@23f65eaa INFO [synchrono.server.ws:160] - Successfully processed subscription request {:subscription-id "sub:1", :event-count 5}
clojure.lang.Delay@4354013c DEBUG [synchrono.server.ws:164] - Sending EVENT message to client {:subscription-id "sub:1", :event-id "4b9a57c73eee3deb848df08d66241369c67766716203cc763a25ab5377941fe0"}
clojure.lang.Delay@18b66a58 DEBUG [synchrono.server.ws:164] - Sending EVENT message to client {:subscription-id "sub:1", :event-id "20cba70f46e96dd1de7dadadd9eab404f187faa7f142d04ceb688880ab47fc30"}
clojure.lang.Delay@27e926d4 DEBUG [synchrono.server.ws:164] - Sending EVENT message to client {:subscription-id "sub:1", :event-id "5a24aab418cf86c0956802f0f5de81b9682d75db4d653abf603c015820306401"}
clojure.lang.Delay@28cc6002 DEBUG [synchrono.server.ws:164] - Sending EVENT message to client {:subscription-id "sub:1", :event-id "d21e95e82856fa40c2b4a71d96110cb56fdda768a086bacd673af72d4e17465e"}
clojure.lang.Delay@26f9dc0f DEBUG [synchrono.server.ws:164] - Sending EVENT message to client {:subscription-id "sub:1", :event-id "c9b9018eadf6b01a7817408bab9cfb293a0e32505ed61788eafe9d9e33bda89a"}
clojure.lang.Delay@2654eb0c DEBUG [synchrono.server.ws:195] - Received WebSocket message {:type "CLOSE"}
clojure.lang.Delay@467b1443 DEBUG [synchrono.server.ws:185] - Processing CLOSE message {:subscription-id "sub:1"}
clojure.lang.Delay@4235ae81 INFO [synchrono.server.core:33] - [:get] / 200 - 2ms
clojure.lang.Delay@6f60998d INFO [synchrono.server.core:33] - [:get] /ws 404 - 8ms
clojure.lang.Delay@1b02917d DEBUG [synchrono.server.ws:195] - Received WebSocket message {:type "REQ"}
clojure.lang.Delay@7b2d6e32 DEBUG [synchrono.server.ws:152] - Processing REQ message {:subscription-id "sub:1", :filters ({:kinds [4444], :#s ["synchrono"]})}
clojure.lang.Delay@7f6371ae INFO [synchrono.server.ws:160] - Successfully processed subscription request {:subscription-id "sub:1", :event-count 5}
clojure.lang.Delay@520bcee8 DEBUG [synchrono.server.ws:164] - Sending EVENT message to client {:subscription-id "sub:1", :event-id "4b9a57c73eee3deb848df08d66241369c67766716203cc763a25ab5377941fe0"}
clojure.lang.Delay@51fed570 DEBUG [synchrono.server.ws:164] - Sending EVENT message to client {:subscription-id "sub:1", :event-id "20cba70f46e96dd1de7dadadd9eab404f187faa7f142d04ceb688880ab47fc30"}
clojure.lang.Delay@2780c88a DEBUG [synchrono.server.ws:164] - Sending EVENT message to client {:subscription-id "sub:1", :event-id "5a24aab418cf86c0956802f0f5de81b9682d75db4d653abf603c015820306401"}
clojure.lang.Delay@79f687c6 DEBUG [synchrono.server.ws:164] - Sending EVENT message to client {:subscription-id "sub:1", :event-id "d21e95e82856fa40c2b4a71d96110cb56fdda768a086bacd673af72d4e17465e"}
clojure.lang.Delay@5657c7dc DEBUG [synchrono.server.ws:164] - Sending EVENT message to client {:subscription-id "sub:1", :event-id "c9b9018eadf6b01a7817408bab9cfb293a0e32505ed61788eafe9d9e33bda89a"}
clojure.lang.Delay@5ee1d974 DEBUG [synchrono.server.ws:195] - Received WebSocket message {:type "CLOSE"}
clojure.lang.Delay@6129189a DEBUG [synchrono.server.ws:185] - Processing CLOSE message {:subscription-id "sub:1"}
clojure.lang.Delay@26174f13 INFO [synchrono.server.core:70] - Initializing database
clojure.lang.Delay@1c8960cb INFO [synchrono.server.core:53] - Starting server on port 3000 in environment nil
clojure.lang.Delay@5e588217 INFO [synchrono.server.core:55] - Server started successfully - ready to accept connections
clojure.lang.Delay@75791513 INFO [synchrono.server.core:33] - [:get] / 200 - 11ms
clojure.lang.Delay@15356193 DEBUG [synchrono.server.ws:195] - Received WebSocket message {:type "REQ"}
clojure.lang.Delay@4142ef5f DEBUG [synchrono.server.ws:152] - Processing REQ message {:subscription-id "sub:1", :filters ({:kinds [4444], :#s ["synchrono"]})}
clojure.lang.Delay@71b2403d INFO [synchrono.server.ws:160] - Successfully processed subscription request {:subscription-id "sub:1", :event-count 5}
clojure.lang.Delay@70702744 DEBUG [synchrono.server.ws:164] - Sending EVENT message to client {:subscription-id "sub:1", :event-id "4b9a57c73eee3deb848df08d66241369c67766716203cc763a25ab5377941fe0"}
clojure.lang.Delay@59ddb50e DEBUG [synchrono.server.ws:164] - Sending EVENT message to client {:subscription-id "sub:1", :event-id "20cba70f46e96dd1de7dadadd9eab404f187faa7f142d04ceb688880ab47fc30"}
clojure.lang.Delay@3146d235 DEBUG [synchrono.server.ws:164] - Sending EVENT message to client {:subscription-id "sub:1", :event-id "5a24aab418cf86c0956802f0f5de81b9682d75db4d653abf603c015820306401"}
clojure.lang.Delay@c7dccde DEBUG [synchrono.server.ws:164] - Sending EVENT message to client {:subscription-id "sub:1", :event-id "d21e95e82856fa40c2b4a71d96110cb56fdda768a086bacd673af72d4e17465e"}
clojure.lang.Delay@513b6e44 DEBUG [synchrono.server.ws:164] - Sending EVENT message to client {:subscription-id "sub:1", :event-id "c9b9018eadf6b01a7817408bab9cfb293a0e32505ed61788eafe9d9e33bda89a"}
clojure.lang.Delay@4a8b330b DEBUG [synchrono.server.ws:195] - Received WebSocket message {:type "CLOSE"}
clojure.lang.Delay@d119a5a INFO [synchrono.server.core:33] - [:get] /ws 404 - 267ms
clojure.lang.Delay@6f2b8284 DEBUG [synchrono.server.ws:185] - Processing CLOSE message {:subscription-id "sub:1"}
clojure.lang.Delay@416628db INFO [synchrono.server.core:70] - Initializing database
clojure.lang.Delay@2eea5707 INFO [synchrono.server.core:53] - Starting server on port 3000 in environment nil
clojure.lang.Delay@4fc26184 INFO [synchrono.server.core:55] - Server started successfully - ready to accept connections
clojure.lang.Delay@1cacf6a1 INFO [synchrono.server.core:33] - [:get] / 200 - 9ms
clojure.lang.Delay@10ed937d INFO [synchrono.server.core:33] - [:get] /ws 404 - 43ms
clojure.lang.Delay@4b61cb1d DEBUG [synchrono.server.ws:195] - Received WebSocket message {:type "REQ"}
clojure.lang.Delay@755b797b DEBUG [synchrono.server.ws:152] - Processing REQ message {:subscription-id "sub:1", :filters ({:kinds [4444], :#s ["synchrono"]})}
clojure.lang.Delay@54b804bb INFO [synchrono.server.ws:160] - Successfully processed subscription request {:subscription-id "sub:1", :event-count 5}
clojure.lang.Delay@2516fb19 DEBUG [synchrono.server.ws:164] - Sending EVENT message to client {:subscription-id "sub:1", :event-id "4b9a57c73eee3deb848df08d66241369c67766716203cc763a25ab5377941fe0"}
clojure.lang.Delay@11045383 DEBUG [synchrono.server.ws:164] - Sending EVENT message to client {:subscription-id "sub:1", :event-id "20cba70f46e96dd1de7dadadd9eab404f187faa7f142d04ceb688880ab47fc30"}
clojure.lang.Delay@68e13753 DEBUG [synchrono.server.ws:164] - Sending EVENT message to client {:subscription-id "sub:1", :event-id "5a24aab418cf86c0956802f0f5de81b9682d75db4d653abf603c015820306401"}
clojure.lang.Delay@780198fc DEBUG [synchrono.server.ws:164] - Sending EVENT message to client {:subscription-id "sub:1", :event-id "d21e95e82856fa40c2b4a71d96110cb56fdda768a086bacd673af72d4e17465e"}
clojure.lang.Delay@5836e5d0 DEBUG [synchrono.server.ws:164] - Sending EVENT message to client {:subscription-id "sub:1", :event-id "c9b9018eadf6b01a7817408bab9cfb293a0e32505ed61788eafe9d9e33bda89a"}
clojure.lang.Delay@6fd429e8 DEBUG [synchrono.server.ws:195] - Received WebSocket message {:type "CLOSE"}
clojure.lang.Delay@2eb79e24 DEBUG [synchrono.server.ws:185] - Processing CLOSE message {:subscription-id "sub:1"}
clojure.lang.Delay@6c8f238a INFO [synchrono.server.core:33] - [:get] / 200 - 3ms
clojure.lang.Delay@2ad4b294 INFO [synchrono.server.core:33] - [:get] /ws 404 - 5ms
clojure.lang.Delay@78dd2b0c DEBUG [synchrono.server.ws:195] - Received WebSocket message {:type "REQ"}
clojure.lang.Delay@18f2d443 DEBUG [synchrono.server.ws:152] - Processing REQ message {:subscription-id "sub:1", :filters ({:kinds [4444], :#s ["synchrono"]})}
clojure.lang.Delay@1cbca818 INFO [synchrono.server.ws:160] - Successfully processed subscription request {:subscription-id "sub:1", :event-count 5}
clojure.lang.Delay@470f79d0 DEBUG [synchrono.server.ws:164] - Sending EVENT message to client {:subscription-id "sub:1", :event-id "4b9a57c73eee3deb848df08d66241369c67766716203cc763a25ab5377941fe0"}
clojure.lang.Delay@26fccab4 DEBUG [synchrono.server.ws:164] - Sending EVENT message to client {:subscription-id "sub:1", :event-id "20cba70f46e96dd1de7dadadd9eab404f187faa7f142d04ceb688880ab47fc30"}
clojure.lang.Delay@2aadab8d DEBUG [synchrono.server.ws:164] - Sending EVENT message to client {:subscription-id "sub:1", :event-id "5a24aab418cf86c0956802f0f5de81b9682d75db4d653abf603c015820306401"}
clojure.lang.Delay@35c578d2 DEBUG [synchrono.server.ws:164] - Sending EVENT message to client {:subscription-id "sub:1", :event-id "d21e95e82856fa40c2b4a71d96110cb56fdda768a086bacd673af72d4e17465e"}
clojure.lang.Delay@50edd2a0 DEBUG [synchrono.server.ws:164] - Sending EVENT message to client {:subscription-id "sub:1", :event-id "c9b9018eadf6b01a7817408bab9cfb293a0e32505ed61788eafe9d9e33bda89a"}
clojure.lang.Delay@3307a2b DEBUG [synchrono.server.ws:195] - Received WebSocket message {:type "CLOSE"}
clojure.lang.Delay@631f8564 DEBUG [synchrono.server.ws:185] - Processing CLOSE message {:subscription-id "sub:1"}
clojure.lang.Delay@4485cd1 INFO [synchrono.server.core:70] - Initializing database
clojure.lang.Delay@28c5b04b INFO [synchrono.server.core:53] - Starting server on port 3000 in environment nil
clojure.lang.Delay@5b5f4a37 INFO [synchrono.server.core:55] - Server started successfully - ready to accept connections
clojure.lang.Delay@3f6528f3 INFO [synchrono.server.core:33] - [:get] / 200 - 10ms
clojure.lang.Delay@56d87168 DEBUG [synchrono.server.ws:197] - Received WebSocket message {:type "REQ"}
clojure.lang.Delay@42851496 DEBUG [synchrono.server.ws:152] - Processing REQ message {:subscription-id "sub:1", :filters ({:kinds [4444], :#s ["synchrono"]})}
clojure.lang.Delay@d1fcd88 INFO [synchrono.server.ws:160] - Successfully processed subscription request {:subscription-id "sub:1", :event-count 5}
clojure.lang.Delay@7cf15948 DEBUG [synchrono.server.ws:165] - Sending EVENT message to client {:subscription-id "sub:1", :event-id "4b9a57c73eee3deb848df08d66241369c67766716203cc763a25ab5377941fe0", :event-json "{\"id\":\"4b9a57c73eee3deb848df08d66241369c67766716203cc763a25ab5377941fe0\",\"pubkey\":\"800e78c63707901e8f9dff820659e844efe92b329e9f24d6ea53aece315cbfe4\",\"created_at\":1730982229,\"kind\":4444,\"tags\":\"[[\\\"s\\\",\\\"synchrono\\\"]]\",\"content\":\"{\\\"id\\\":null,\\\"name\\\":\\\"synchrono.city\\\",\\\"about\\\":\\\"Everyone buys in for 100,000 satoshis by sending 0.001 BTC to me. \\\\nTransfer satoshis to other people by upvoting their entries. \\\\nWe each pay dues of 100 satoshis per day, so you better start hustling! \\\\nCash out any time; I will send BTC to you. \\\\nSo long as you leave enough satoshis to pay for 1 week of dues. \\\\nWin big in this marketplace for ideas! \\\",\\\"picture\\\":\\\"https://synchrono.city/JAMN.png\\\",\\\"initial-credit-balance-sat\\\":100000,\\\"minimum-withdrawal-sat\\\":7000,\\\"daily-fee-sat\\\":100,\\\"timezone\\\":\\\"UTC-08:00\\\"}\",\"sig\":\"8fd5e97c2e2d7faba3dba5f561d77156d0fe731fb4259d8d9fcb75a4af690f8be8888d48c3ef2bde227c70f83dc416b54cc0d784810b617a7403736ea4120ce3\"}"}
clojure.lang.Delay@17e23fec DEBUG [synchrono.server.ws:165] - Sending EVENT message to client {:subscription-id "sub:1", :event-id "20cba70f46e96dd1de7dadadd9eab404f187faa7f142d04ceb688880ab47fc30", :event-json "{\"id\":\"20cba70f46e96dd1de7dadadd9eab404f187faa7f142d04ceb688880ab47fc30\",\"pubkey\":\"800e78c63707901e8f9dff820659e844efe92b329e9f24d6ea53aece315cbfe4\",\"created_at\":1730981067,\"kind\":4444,\"tags\":\"[[\\\"s\\\",\\\"synchrono\\\"]]\",\"content\":\"{\\\"id\\\":null,\\\"name\\\":\\\"synchrono.city\\\",\\\"about\\\":\\\"Everyone buys in for 100,000 satoshis by sending 0.001 BTC to me. \\\\nTransfer satoshis to other people by upvoting their entries. \\\\nWe each pay dues of 100 satoshis per day, so you better start hustling! \\\\nCash out any time; I will send BTC to you. \\\\nSo long as you leave enough satoshis to pay for 1 week of dues. \\\\nWin big in this marketplace for ideas! \\\",\\\"picture\\\":\\\"https://synchrono.city/JAMN.png\\\",\\\"initial-credit-balance-sat\\\":100000,\\\"minimum-withdrawal-sat\\\":7000,\\\"daily-fee-sat\\\":100,\\\"timezone\\\":\\\"UTC-08:00\\\"}\",\"sig\":\"151d534570d9d818fbfe33d0ecf3392c79f6ce6a5a951c42c154e8776f9ebf7529892958d29cd0c49d4aa294b6a4797cb910dd84085a9bd4ec68b7d879aebe54\"}"}
clojure.lang.Delay@2b91dbeb DEBUG [synchrono.server.ws:165] - Sending EVENT message to client {:subscription-id "sub:1", :event-id "5a24aab418cf86c0956802f0f5de81b9682d75db4d653abf603c015820306401", :event-json "{\"id\":\"5a24aab418cf86c0956802f0f5de81b9682d75db4d653abf603c015820306401\",\"pubkey\":\"800e78c63707901e8f9dff820659e844efe92b329e9f24d6ea53aece315cbfe4\",\"created_at\":1730980824,\"kind\":4444,\"tags\":\"[[\\\"s\\\",\\\"synchrono\\\"]]\",\"content\":\"{\\\"id\\\":null,\\\"name\\\":\\\"synchrono.city\\\",\\\"about\\\":\\\"Everyone buys in for 100,000 satoshis by sending 0.001 BTC to me. \\\\nTransfer satoshis to other people by upvoting their entries. \\\\nWe each pay dues of 100 satoshis per day, so you better start hustling! \\\\nCash out any time; I will send BTC to you. \\\\nSo long as you leave enough satoshis to pay for 1 week of dues. \\\\nWin big in this marketplace for ideas! \\\",\\\"picture\\\":\\\"https://synchrono.city/JAMN.png\\\",\\\"initial-credit-balance-sat\\\":100000,\\\"minimum-withdrawal-sat\\\":7000,\\\"daily-fee-sat\\\":100,\\\"timezone\\\":\\\"UTC-08:00\\\"}\",\"sig\":\"980edfcac3469ec4062694368f65045ddf329e55da4c3dea3b48e2480216ed8c365a8451b809228f2362248e13c797afd278e05b3f68c51694f0a444fc209e5c\"}"}
clojure.lang.Delay@5b2e67b6 DEBUG [synchrono.server.ws:165] - Sending EVENT message to client {:subscription-id "sub:1", :event-id "d21e95e82856fa40c2b4a71d96110cb56fdda768a086bacd673af72d4e17465e", :event-json "{\"id\":\"d21e95e82856fa40c2b4a71d96110cb56fdda768a086bacd673af72d4e17465e\",\"pubkey\":\"800e78c63707901e8f9dff820659e844efe92b329e9f24d6ea53aece315cbfe4\",\"created_at\":1730979951,\"kind\":4444,\"tags\":\"[[\\\"s\\\",\\\"synchrono\\\"]]\",\"content\":\"{\\\"id\\\":null,\\\"name\\\":\\\"synchrono.city\\\",\\\"about\\\":\\\"Everyone buys in for 100,000 satoshis by sending 0.001 BTC to me. \\\\nTransfer satoshis to other people by upvoting their entries. \\\\nWe each pay dues of 100 satoshis per day, so you better start hustling! \\\\nCash out any time; I will send BTC to you. \\\\nSo long as you leave enough satoshis to pay for 1 week of dues. \\\\nWin big in this marketplace for ideas! \\\",\\\"picture\\\":\\\"https://synchrono.city/JAMN.png\\\",\\\"initial-credit-balance-sat\\\":100000,\\\"minimum-withdrawal-sat\\\":7000,\\\"daily-fee-sat\\\":100,\\\"timezone\\\":\\\"UTC-08:00\\\"}\",\"sig\":\"6caf875b67c37126588d649815b7b46301ddce2f4d587adada939f8078946a4e4839744a8902acffde3f072cb5bb0798ec6d27a124c4e49f8ac48f9fed5a5f2b\"}"}
clojure.lang.Delay@48c6ec06 DEBUG [synchrono.server.ws:165] - Sending EVENT message to client {:subscription-id "sub:1", :event-id "c9b9018eadf6b01a7817408bab9cfb293a0e32505ed61788eafe9d9e33bda89a", :event-json "{\"id\":\"c9b9018eadf6b01a7817408bab9cfb293a0e32505ed61788eafe9d9e33bda89a\",\"pubkey\":\"800e78c63707901e8f9dff820659e844efe92b329e9f24d6ea53aece315cbfe4\",\"created_at\":1730979124,\"kind\":4444,\"tags\":\"[[\\\"s\\\",\\\"synchrono\\\"]]\",\"content\":\"{\\\"id\\\":null,\\\"name\\\":\\\"synchrono.city\\\",\\\"about\\\":\\\"Everyone buys in for 100,000 satoshis by sending 0.001 BTC to me. \\\\nTransfer satoshis to other people by upvoting their entries. \\\\nWe each pay dues of 100 satoshis per day, so you better start hustling! \\\\nCash out any time; I will send BTC to you. \\\\nSo long as you leave enough satoshis to pay for 1 week of dues. \\\\nWin big in this marketplace for ideas! \\\",\\\"picture\\\":\\\"https://synchrono.city/JAMN.png\\\",\\\"initial-credit-balance-sat\\\":100000,\\\"minimum-withdrawal-sat\\\":7000,\\\"daily-fee-sat\\\":100,\\\"timezone\\\":\\\"UTC-08:00\\\"}\",\"sig\":\"ea34fad43440cfd538285224eeb283bef9c01abc7b6e4d019e5833d70baf8624d391c3c6fc3aca4024b2a7ee97f2c43a87269981a7dada3e413e1455cafcc673\"}"}
clojure.lang.Delay@501cefbd DEBUG [synchrono.server.ws:197] - Received WebSocket message {:type "CLOSE"}
clojure.lang.Delay@5c44aaae DEBUG [synchrono.server.ws:187] - Processing CLOSE message {:subscription-id "sub:1"}
clojure.lang.Delay@4e4158a6 INFO [synchrono.server.core:33] - [:get] /ws 404 - 203ms
clojure.lang.Delay@6997bb4b INFO [synchrono.server.core:33] - [:get] / 200 - 4ms
clojure.lang.Delay@390cc9fe INFO [synchrono.server.core:33] - [:get] /ws 404 - 17ms
clojure.lang.Delay@3b3853e0 DEBUG [synchrono.server.ws:197] - Received WebSocket message {:type "REQ"}
clojure.lang.Delay@5b17acaf DEBUG [synchrono.server.ws:152] - Processing REQ message {:subscription-id "sub:1", :filters ({:kinds [4444], :#s ["synchrono"]})}
clojure.lang.Delay@5f591311 INFO [synchrono.server.ws:160] - Successfully processed subscription request {:subscription-id "sub:1", :event-count 5}
clojure.lang.Delay@6a0680f4 DEBUG [synchrono.server.ws:165] - Sending EVENT message to client {:subscription-id "sub:1", :event-id "4b9a57c73eee3deb848df08d66241369c67766716203cc763a25ab5377941fe0", :event-json "{\"id\":\"4b9a57c73eee3deb848df08d66241369c67766716203cc763a25ab5377941fe0\",\"pubkey\":\"800e78c63707901e8f9dff820659e844efe92b329e9f24d6ea53aece315cbfe4\",\"created_at\":1730982229,\"kind\":4444,\"tags\":\"[[\\\"s\\\",\\\"synchrono\\\"]]\",\"content\":\"{\\\"id\\\":null,\\\"name\\\":\\\"synchrono.city\\\",\\\"about\\\":\\\"Everyone buys in for 100,000 satoshis by sending 0.001 BTC to me. \\\\nTransfer satoshis to other people by upvoting their entries. \\\\nWe each pay dues of 100 satoshis per day, so you better start hustling! \\\\nCash out any time; I will send BTC to you. \\\\nSo long as you leave enough satoshis to pay for 1 week of dues. \\\\nWin big in this marketplace for ideas! \\\",\\\"picture\\\":\\\"https://synchrono.city/JAMN.png\\\",\\\"initial-credit-balance-sat\\\":100000,\\\"minimum-withdrawal-sat\\\":7000,\\\"daily-fee-sat\\\":100,\\\"timezone\\\":\\\"UTC-08:00\\\"}\",\"sig\":\"8fd5e97c2e2d7faba3dba5f561d77156d0fe731fb4259d8d9fcb75a4af690f8be8888d48c3ef2bde227c70f83dc416b54cc0d784810b617a7403736ea4120ce3\"}"}
clojure.lang.Delay@5fa83bcc DEBUG [synchrono.server.ws:165] - Sending EVENT message to client {:subscription-id "sub:1", :event-id "20cba70f46e96dd1de7dadadd9eab404f187faa7f142d04ceb688880ab47fc30", :event-json "{\"id\":\"20cba70f46e96dd1de7dadadd9eab404f187faa7f142d04ceb688880ab47fc30\",\"pubkey\":\"800e78c63707901e8f9dff820659e844efe92b329e9f24d6ea53aece315cbfe4\",\"created_at\":1730981067,\"kind\":4444,\"tags\":\"[[\\\"s\\\",\\\"synchrono\\\"]]\",\"content\":\"{\\\"id\\\":null,\\\"name\\\":\\\"synchrono.city\\\",\\\"about\\\":\\\"Everyone buys in for 100,000 satoshis by sending 0.001 BTC to me. \\\\nTransfer satoshis to other people by upvoting their entries. \\\\nWe each pay dues of 100 satoshis per day, so you better start hustling! \\\\nCash out any time; I will send BTC to you. \\\\nSo long as you leave enough satoshis to pay for 1 week of dues. \\\\nWin big in this marketplace for ideas! \\\",\\\"picture\\\":\\\"https://synchrono.city/JAMN.png\\\",\\\"initial-credit-balance-sat\\\":100000,\\\"minimum-withdrawal-sat\\\":7000,\\\"daily-fee-sat\\\":100,\\\"timezone\\\":\\\"UTC-08:00\\\"}\",\"sig\":\"151d534570d9d818fbfe33d0ecf3392c79f6ce6a5a951c42c154e8776f9ebf7529892958d29cd0c49d4aa294b6a4797cb910dd84085a9bd4ec68b7d879aebe54\"}"}
clojure.lang.Delay@37adab05 DEBUG [synchrono.server.ws:165] - Sending EVENT message to client {:subscription-id "sub:1", :event-id "5a24aab418cf86c0956802f0f5de81b9682d75db4d653abf603c015820306401", :event-json "{\"id\":\"5a24aab418cf86c0956802f0f5de81b9682d75db4d653abf603c015820306401\",\"pubkey\":\"800e78c63707901e8f9dff820659e844efe92b329e9f24d6ea53aece315cbfe4\",\"created_at\":1730980824,\"kind\":4444,\"tags\":\"[[\\\"s\\\",\\\"synchrono\\\"]]\",\"content\":\"{\\\"id\\\":null,\\\"name\\\":\\\"synchrono.city\\\",\\\"about\\\":\\\"Everyone buys in for 100,000 satoshis by sending 0.001 BTC to me. \\\\nTransfer satoshis to other people by upvoting their entries. \\\\nWe each pay dues of 100 satoshis per day, so you better start hustling! \\\\nCash out any time; I will send BTC to you. \\\\nSo long as you leave enough satoshis to pay for 1 week of dues. \\\\nWin big in this marketplace for ideas! \\\",\\\"picture\\\":\\\"https://synchrono.city/JAMN.png\\\",\\\"initial-credit-balance-sat\\\":100000,\\\"minimum-withdrawal-sat\\\":7000,\\\"daily-fee-sat\\\":100,\\\"timezone\\\":\\\"UTC-08:00\\\"}\",\"sig\":\"980edfcac3469ec4062694368f65045ddf329e55da4c3dea3b48e2480216ed8c365a8451b809228f2362248e13c797afd278e05b3f68c51694f0a444fc209e5c\"}"}
clojure.lang.Delay@54634c04 DEBUG [synchrono.server.ws:165] - Sending EVENT message to client {:subscription-id "sub:1", :event-id "d21e95e82856fa40c2b4a71d96110cb56fdda768a086bacd673af72d4e17465e", :event-json "{\"id\":\"d21e95e82856fa40c2b4a71d96110cb56fdda768a086bacd673af72d4e17465e\",\"pubkey\":\"800e78c63707901e8f9dff820659e844efe92b329e9f24d6ea53aece315cbfe4\",\"created_at\":1730979951,\"kind\":4444,\"tags\":\"[[\\\"s\\\",\\\"synchrono\\\"]]\",\"content\":\"{\\\"id\\\":null,\\\"name\\\":\\\"synchrono.city\\\",\\\"about\\\":\\\"Everyone buys in for 100,000 satoshis by sending 0.001 BTC to me. \\\\nTransfer satoshis to other people by upvoting their entries. \\\\nWe each pay dues of 100 satoshis per day, so you better start hustling! \\\\nCash out any time; I will send BTC to you. \\\\nSo long as you leave enough satoshis to pay for 1 week of dues. \\\\nWin big in this marketplace for ideas! \\\",\\\"picture\\\":\\\"https://synchrono.city/JAMN.png\\\",\\\"initial-credit-balance-sat\\\":100000,\\\"minimum-withdrawal-sat\\\":7000,\\\"daily-fee-sat\\\":100,\\\"timezone\\\":\\\"UTC-08:00\\\"}\",\"sig\":\"6caf875b67c37126588d649815b7b46301ddce2f4d587adada939f8078946a4e4839744a8902acffde3f072cb5bb0798ec6d27a124c4e49f8ac48f9fed5a5f2b\"}"}
clojure.lang.Delay@2b073179 DEBUG [synchrono.server.ws:165] - Sending EVENT message to client {:subscription-id "sub:1", :event-id "c9b9018eadf6b01a7817408bab9cfb293a0e32505ed61788eafe9d9e33bda89a", :event-json "{\"id\":\"c9b9018eadf6b01a7817408bab9cfb293a0e32505ed61788eafe9d9e33bda89a\",\"pubkey\":\"800e78c63707901e8f9dff820659e844efe92b329e9f24d6ea53aece315cbfe4\",\"created_at\":1730979124,\"kind\":4444,\"tags\":\"[[\\\"s\\\",\\\"synchrono\\\"]]\",\"content\":\"{\\\"id\\\":null,\\\"name\\\":\\\"synchrono.city\\\",\\\"about\\\":\\\"Everyone buys in for 100,000 satoshis by sending 0.001 BTC to me. \\\\nTransfer satoshis to other people by upvoting their entries. \\\\nWe each pay dues of 100 satoshis per day, so you better start hustling! \\\\nCash out any time; I will send BTC to you. \\\\nSo long as you leave enough satoshis to pay for 1 week of dues. \\\\nWin big in this marketplace for ideas! \\\",\\\"picture\\\":\\\"https://synchrono.city/JAMN.png\\\",\\\"initial-credit-balance-sat\\\":100000,\\\"minimum-withdrawal-sat\\\":7000,\\\"daily-fee-sat\\\":100,\\\"timezone\\\":\\\"UTC-08:00\\\"}\",\"sig\":\"ea34fad43440cfd538285224eeb283bef9c01abc7b6e4d019e5833d70baf8624d391c3c6fc3aca4024b2a7ee97f2c43a87269981a7dada3e413e1455cafcc673\"}"}
clojure.lang.Delay@61dcc946 DEBUG [synchrono.server.ws:197] - Received WebSocket message {:type "CLOSE"}
clojure.lang.Delay@2384d3da DEBUG [synchrono.server.ws:187] - Processing CLOSE message {:subscription-id "sub:1"}
clojure.lang.Delay@e052d85 INFO [synchrono.server.core:70] - Initializing database
clojure.lang.Delay@23353f43 INFO [synchrono.server.core:53] - Starting server on port 3000 in environment nil
clojure.lang.Delay@dc1adb8 INFO [synchrono.server.core:55] - Server started successfully - ready to accept connections
clojure.lang.Delay@593333e0 INFO [synchrono.server.core:33] - [:get] / 200 - 10ms
clojure.lang.Delay@175b740e INFO [synchrono.server.core:33] - [:get] /ws 404 - 42ms
clojure.lang.Delay@7108c3c2 DEBUG [synchrono.server.ws:196] - Received WebSocket message {:type "REQ"}
clojure.lang.Delay@4b66c05a DEBUG [synchrono.server.ws:152] - Processing REQ message {:subscription-id "sub:1", :filters ({:kinds [4444], :#s ["synchrono"]})}
clojure.lang.Delay@4e7db841 INFO [synchrono.server.ws:160] - Successfully processed subscription request {:subscription-id "sub:1", :event-count 5}
clojure.lang.Delay@3761b916 DEBUG [synchrono.server.ws:165] - Sending EVENT message to client {:subscription-id "sub:1", :event-id "4b9a57c73eee3deb848df08d66241369c67766716203cc763a25ab5377941fe0"}
clojure.lang.Delay@6f9debb8 DEBUG [synchrono.server.ws:165] - Sending EVENT message to client {:subscription-id "sub:1", :event-id "20cba70f46e96dd1de7dadadd9eab404f187faa7f142d04ceb688880ab47fc30"}
clojure.lang.Delay@74e26abb DEBUG [synchrono.server.ws:165] - Sending EVENT message to client {:subscription-id "sub:1", :event-id "5a24aab418cf86c0956802f0f5de81b9682d75db4d653abf603c015820306401"}
clojure.lang.Delay@f8d8b3 DEBUG [synchrono.server.ws:165] - Sending EVENT message to client {:subscription-id "sub:1", :event-id "d21e95e82856fa40c2b4a71d96110cb56fdda768a086bacd673af72d4e17465e"}
clojure.lang.Delay@10a693be DEBUG [synchrono.server.ws:165] - Sending EVENT message to client {:subscription-id "sub:1", :event-id "c9b9018eadf6b01a7817408bab9cfb293a0e32505ed61788eafe9d9e33bda89a"}
clojure.lang.Delay@15656204 DEBUG [synchrono.server.ws:196] - Received WebSocket message {:type "CLOSE"}
clojure.lang.Delay@3509cee4 DEBUG [synchrono.server.ws:186] - Processing CLOSE message {:subscription-id "sub:1"}
clojure.lang.Delay@755ba5a INFO [synchrono.server.core:33] - [:get] / 200 - 0ms
clojure.lang.Delay@63b9d42b INFO [synchrono.server.core:33] - [:get] /ws 404 - 3ms
clojure.lang.Delay@677a4515 DEBUG [synchrono.server.ws:196] - Received WebSocket message {:type "REQ"}
clojure.lang.Delay@6334ded6 DEBUG [synchrono.server.ws:152] - Processing REQ message {:subscription-id "sub:1", :filters ({:kinds [4444], :#s ["synchrono"]})}
clojure.lang.Delay@23a95a3a INFO [synchrono.server.ws:160] - Successfully processed subscription request {:subscription-id "sub:1", :event-count 5}
clojure.lang.Delay@2e2f583e DEBUG [synchrono.server.ws:165] - Sending EVENT message to client {:subscription-id "sub:1", :event-id "4b9a57c73eee3deb848df08d66241369c67766716203cc763a25ab5377941fe0"}
clojure.lang.Delay@77144b65 DEBUG [synchrono.server.ws:165] - Sending EVENT message to client {:subscription-id "sub:1", :event-id "20cba70f46e96dd1de7dadadd9eab404f187faa7f142d04ceb688880ab47fc30"}
clojure.lang.Delay@59640068 DEBUG [synchrono.server.ws:165] - Sending EVENT message to client {:subscription-id "sub:1", :event-id "5a24aab418cf86c0956802f0f5de81b9682d75db4d653abf603c015820306401"}
clojure.lang.Delay@1ad9a817 DEBUG [synchrono.server.ws:165] - Sending EVENT message to client {:subscription-id "sub:1", :event-id "d21e95e82856fa40c2b4a71d96110cb56fdda768a086bacd673af72d4e17465e"}
clojure.lang.Delay@121bdf8 DEBUG [synchrono.server.ws:165] - Sending EVENT message to client {:subscription-id "sub:1", :event-id "c9b9018eadf6b01a7817408bab9cfb293a0e32505ed61788eafe9d9e33bda89a"}
clojure.lang.Delay@21f3829a DEBUG [synchrono.server.ws:196] - Received WebSocket message {:type "CLOSE"}
clojure.lang.Delay@4aada324 DEBUG [synchrono.server.ws:186] - Processing CLOSE message {:subscription-id "sub:1"}
clojure.lang.Delay@42735cbf INFO [synchrono.server.core:33] - [:get] / 200 - 3ms
clojure.lang.Delay@1fe220a1 INFO [synchrono.server.core:33] - [:get] /ws 404 - 6ms
clojure.lang.Delay@4809b2cb DEBUG [synchrono.server.ws:196] - Received WebSocket message {:type "REQ"}
clojure.lang.Delay@28264d84 DEBUG [synchrono.server.ws:152] - Processing REQ message {:subscription-id "sub:1", :filters ({:kinds [4444], :#s ["synchrono"]})}
clojure.lang.Delay@2c68910b INFO [synchrono.server.ws:160] - Successfully processed subscription request {:subscription-id "sub:1", :event-count 5}
clojure.lang.Delay@7d514739 DEBUG [synchrono.server.ws:165] - Sending EVENT message to client {:subscription-id "sub:1", :event-id "4b9a57c73eee3deb848df08d66241369c67766716203cc763a25ab5377941fe0"}
clojure.lang.Delay@7d750af4 DEBUG [synchrono.server.ws:165] - Sending EVENT message to client {:subscription-id "sub:1", :event-id "20cba70f46e96dd1de7dadadd9eab404f187faa7f142d04ceb688880ab47fc30"}
clojure.lang.Delay@38ee87f8 DEBUG [synchrono.server.ws:165] - Sending EVENT message to client {:subscription-id "sub:1", :event-id "5a24aab418cf86c0956802f0f5de81b9682d75db4d653abf603c015820306401"}
clojure.lang.Delay@2181c6ba DEBUG [synchrono.server.ws:165] - Sending EVENT message to client {:subscription-id "sub:1", :event-id "d21e95e82856fa40c2b4a71d96110cb56fdda768a086bacd673af72d4e17465e"}
clojure.lang.Delay@3042883f DEBUG [synchrono.server.ws:165] - Sending EVENT message to client {:subscription-id "sub:1", :event-id "c9b9018eadf6b01a7817408bab9cfb293a0e32505ed61788eafe9d9e33bda89a"}
clojure.lang.Delay@3d50e202 DEBUG [synchrono.server.ws:196] - Received WebSocket message {:type "CLOSE"}
clojure.lang.Delay@5d7f1d4d DEBUG [synchrono.server.ws:186] - Processing CLOSE message {:subscription-id "sub:1"}
clojure.lang.Delay@8cc95c5 INFO [synchrono.server.core:70] - Initializing database
clojure.lang.Delay@4a41fcbd INFO [synchrono.server.core:53] - Starting server on port 3000 in environment nil
clojure.lang.Delay@740bdef3 INFO [synchrono.server.core:55] - Server started successfully - ready to accept connections
clojure.lang.Delay@1f6e87bc INFO [synchrono.server.core:33] - [:get] / 200 - 9ms
clojure.lang.Delay@1f8b8d71 DEBUG [synchrono.server.ws:202] - Received WebSocket message {:type "REQ"}
clojure.lang.Delay@da70101 DEBUG [synchrono.server.ws:162] - Processing REQ message {:subscription-id "sub:1", :filters ({:kinds [4444], :#s ["synchrono"]})}
clojure.lang.Delay@33b222e9 INFO [synchrono.server.ws:170] - Successfully processed subscription request {:subscription-id "sub:1", :event-count 5}
clojure.lang.Delay@3f5ff360 DEBUG [synchrono.server.ws:202] - Received WebSocket message {:type "CLOSE"}
clojure.lang.Delay@55bfa63d DEBUG [synchrono.server.ws:192] - Processing CLOSE message {:subscription-id "sub:1"}
clojure.lang.Delay@1608b14d INFO [synchrono.server.core:33] - [:get] /ws 404 - 139ms
clojure.lang.Delay@7d9c107b INFO [synchrono.server.core:33] - [:get] / 200 - 1ms
clojure.lang.Delay@712e1b31 INFO [synchrono.server.core:33] - [:get] /ws 404 - 3ms
clojure.lang.Delay@5ffc26c3 DEBUG [synchrono.server.ws:202] - Received WebSocket message {:type "REQ"}
clojure.lang.Delay@510b5263 DEBUG [synchrono.server.ws:162] - Processing REQ message {:subscription-id "sub:1", :filters ({:kinds [4444], :#s ["synchrono"]})}
clojure.lang.Delay@139cad5c INFO [synchrono.server.ws:170] - Successfully processed subscription request {:subscription-id "sub:1", :event-count 5}
clojure.lang.Delay@10ab43e3 DEBUG [synchrono.server.ws:202] - Received WebSocket message {:type "CLOSE"}
clojure.lang.Delay@7ef0f5d6 DEBUG [synchrono.server.ws:192] - Processing CLOSE message {:subscription-id "sub:1"}
clojure.lang.Delay@3ac09d16 INFO [synchrono.server.core:70] - Initializing database
clojure.lang.Delay@8304ff0 INFO [synchrono.server.core:53] - Starting server on port 3000 in environment nil
clojure.lang.Delay@2f9c3b84 INFO [synchrono.server.core:55] - Server started successfully - ready to accept connections
clojure.lang.Delay@246119e7 INFO [synchrono.server.core:33] - [:get] / 200 - 9ms
clojure.lang.Delay@74ec9005 INFO [synchrono.server.core:33] - [:get] /ws 404 - 44ms
clojure.lang.Delay@397c7937 DEBUG [synchrono.server.ws:205] - Received WebSocket message {:type "REQ"}
clojure.lang.Delay@38234f71 DEBUG [synchrono.server.ws:162] - Processing REQ message {:subscription-id "sub:1", :filters ({:kinds [4444], :#s ["synchrono"]})}
clojure.lang.Delay@55dff59b INFO [synchrono.server.ws:170] - Successfully processed subscription request {:subscription-id "sub:1", :event-count 5}
clojure.lang.Delay@39ef33a5 DEBUG [synchrono.server.ws:174] - Sending EVENT message to client {:subscription-id "sub:1", :event-id "4b9a57c73eee3deb848df08d66241369c67766716203cc763a25ab5377941fe0"}
clojure.lang.Delay@215bc6bd DEBUG [synchrono.server.ws:174] - Sending EVENT message to client {:subscription-id "sub:1", :event-id "20cba70f46e96dd1de7dadadd9eab404f187faa7f142d04ceb688880ab47fc30"}
clojure.lang.Delay@218b3b22 DEBUG [synchrono.server.ws:174] - Sending EVENT message to client {:subscription-id "sub:1", :event-id "5a24aab418cf86c0956802f0f5de81b9682d75db4d653abf603c015820306401"}
clojure.lang.Delay@642a3ec5 DEBUG [synchrono.server.ws:174] - Sending EVENT message to client {:subscription-id "sub:1", :event-id "d21e95e82856fa40c2b4a71d96110cb56fdda768a086bacd673af72d4e17465e"}
clojure.lang.Delay@16e27761 DEBUG [synchrono.server.ws:174] - Sending EVENT message to client {:subscription-id "sub:1", :event-id "c9b9018eadf6b01a7817408bab9cfb293a0e32505ed61788eafe9d9e33bda89a"}
clojure.lang.Delay@241b3528 DEBUG [synchrono.server.ws:205] - Received WebSocket message {:type "CLOSE"}
clojure.lang.Delay@5d14721d DEBUG [synchrono.server.ws:195] - Processing CLOSE message {:subscription-id "sub:1"}
clojure.lang.Delay@36fe0958 INFO [synchrono.server.core:33] - [:get] / 200 - 7ms
clojure.lang.Delay@732c2707 DEBUG [synchrono.server.ws:205] - Received WebSocket message {:type "REQ"}
clojure.lang.Delay@5fbce15a DEBUG [synchrono.server.ws:162] - Processing REQ message {:subscription-id "sub:1", :filters ({:kinds [4444], :#s ["synchrono"]})}
clojure.lang.Delay@4747d73 INFO [synchrono.server.ws:170] - Successfully processed subscription request {:subscription-id "sub:1", :event-count 5}
clojure.lang.Delay@7c42feb2 DEBUG [synchrono.server.ws:174] - Sending EVENT message to client {:subscription-id "sub:1", :event-id "4b9a57c73eee3deb848df08d66241369c67766716203cc763a25ab5377941fe0"}
clojure.lang.Delay@15f9e637 DEBUG [synchrono.server.ws:174] - Sending EVENT message to client {:subscription-id "sub:1", :event-id "20cba70f46e96dd1de7dadadd9eab404f187faa7f142d04ceb688880ab47fc30"}
clojure.lang.Delay@58d27291 DEBUG [synchrono.server.ws:174] - Sending EVENT message to client {:subscription-id "sub:1", :event-id "5a24aab418cf86c0956802f0f5de81b9682d75db4d653abf603c015820306401"}
clojure.lang.Delay@115192ce DEBUG [synchrono.server.ws:174] - Sending EVENT message to client {:subscription-id "sub:1", :event-id "d21e95e82856fa40c2b4a71d96110cb56fdda768a086bacd673af72d4e17465e"}
clojure.lang.Delay@336b9d6b DEBUG [synchrono.server.ws:174] - Sending EVENT message to client {:subscription-id "sub:1", :event-id "c9b9018eadf6b01a7817408bab9cfb293a0e32505ed61788eafe9d9e33bda89a"}
clojure.lang.Delay@17b0fd9 DEBUG [synchrono.server.ws:205] - Received WebSocket message {:type "CLOSE"}
clojure.lang.Delay@219488d1 INFO [synchrono.server.core:33] - [:get] /ws 404 - 80ms
clojure.lang.Delay@2d2279a7 DEBUG [synchrono.server.ws:195] - Processing CLOSE message {:subscription-id "sub:1"}
clojure.lang.Delay@8cc95c5 INFO [synchrono.server.core:70] - Initializing database
clojure.lang.Delay@4a41fcbd INFO [synchrono.server.core:53] - Starting server on port 3000 in environment nil
clojure.lang.Delay@740bdef3 INFO [synchrono.server.core:55] - Server started successfully - ready to accept connections
clojure.lang.Delay@16a587a9 INFO [synchrono.server.core:33] - [:get] / 200 - 10ms
clojure.lang.Delay@607bcf80 DEBUG [synchrono.server.ws:205] - Received WebSocket message {:type "REQ"}
clojure.lang.Delay@71779d88 DEBUG [synchrono.server.ws:162] - Processing REQ message {:subscription-id "sub:1", :filters ({:kinds [4444], :#s ["synchrono"]})}
clojure.lang.Delay@53b2de32 INFO [synchrono.server.ws:170] - Successfully processed subscription request {:subscription-id "sub:1", :event-count 5}
clojure.lang.Delay@35a1ec62 DEBUG [synchrono.server.ws:174] - Sending EVENT message to client {:subscription-id "sub:1", :event-id "4b9a57c73eee3deb848df08d66241369c67766716203cc763a25ab5377941fe0"}
clojure.lang.Delay@4c6ad704 DEBUG [synchrono.server.ws:174] - Sending EVENT message to client {:subscription-id "sub:1", :event-id "20cba70f46e96dd1de7dadadd9eab404f187faa7f142d04ceb688880ab47fc30"}
clojure.lang.Delay@25235922 DEBUG [synchrono.server.ws:174] - Sending EVENT message to client {:subscription-id "sub:1", :event-id "5a24aab418cf86c0956802f0f5de81b9682d75db4d653abf603c015820306401"}
clojure.lang.Delay@3ff3b324 DEBUG [synchrono.server.ws:174] - Sending EVENT message to client {:subscription-id "sub:1", :event-id "d21e95e82856fa40c2b4a71d96110cb56fdda768a086bacd673af72d4e17465e"}
clojure.lang.Delay@234e9f0b DEBUG [synchrono.server.ws:174] - Sending EVENT message to client {:subscription-id "sub:1", :event-id "c9b9018eadf6b01a7817408bab9cfb293a0e32505ed61788eafe9d9e33bda89a"}
clojure.lang.Delay@70852644 DEBUG [synchrono.server.ws:205] - Received WebSocket message {:type "CLOSE"}
clojure.lang.Delay@4e0d150e DEBUG [synchrono.server.ws:195] - Processing CLOSE message {:subscription-id "sub:1"}
clojure.lang.Delay@1f3879c2 INFO [synchrono.server.core:33] - [:get] /ws 404 - 189ms
clojure.lang.Delay@7d1563ac INFO [synchrono.server.core:33] - [:get] / 200 - 1ms
clojure.lang.Delay@155dd672 DEBUG [synchrono.server.ws:205] - Received WebSocket message {:type "REQ"}
clojure.lang.Delay@3cbbc668 DEBUG [synchrono.server.ws:162] - Processing REQ message {:subscription-id "sub:1", :filters ({:kinds [4444], :#s ["synchrono"]})}
clojure.lang.Delay@3ddc2ec1 INFO [synchrono.server.ws:170] - Successfully processed subscription request {:subscription-id "sub:1", :event-count 5}
clojure.lang.Delay@14ac6c80 DEBUG [synchrono.server.ws:174] - Sending EVENT message to client {:subscription-id "sub:1", :event-id "4b9a57c73eee3deb848df08d66241369c67766716203cc763a25ab5377941fe0"}
clojure.lang.Delay@407d379f DEBUG [synchrono.server.ws:174] - Sending EVENT message to client {:subscription-id "sub:1", :event-id "20cba70f46e96dd1de7dadadd9eab404f187faa7f142d04ceb688880ab47fc30"}
clojure.lang.Delay@6482e59f DEBUG [synchrono.server.ws:174] - Sending EVENT message to client {:subscription-id "sub:1", :event-id "5a24aab418cf86c0956802f0f5de81b9682d75db4d653abf603c015820306401"}
clojure.lang.Delay@58521282 DEBUG [synchrono.server.ws:174] - Sending EVENT message to client {:subscription-id "sub:1", :event-id "d21e95e82856fa40c2b4a71d96110cb56fdda768a086bacd673af72d4e17465e"}
clojure.lang.Delay@16c2648d DEBUG [synchrono.server.ws:174] - Sending EVENT message to client {:subscription-id "sub:1", :event-id "c9b9018eadf6b01a7817408bab9cfb293a0e32505ed61788eafe9d9e33bda89a"}
clojure.lang.Delay@2979e4dd INFO [synchrono.server.core:33] - [:get] /ws 404 - 29ms
clojure.lang.Delay@63b7cdef DEBUG [synchrono.server.ws:205] - Received WebSocket message {:type "CLOSE"}
clojure.lang.Delay@ea5f01d DEBUG [synchrono.server.ws:195] - Processing CLOSE message {:subscription-id "sub:1"}
clojure.lang.Delay@508b4121 INFO [synchrono.server.core:70] - Initializing database
clojure.lang.Delay@db7e9c3 INFO [synchrono.server.core:53] - Starting server on port 3000 in environment nil
clojure.lang.Delay@3d5841c7 INFO [synchrono.server.core:55] - Server started successfully - ready to accept connections
clojure.lang.Delay@5020996 INFO [synchrono.server.core:33] - [:get] / 200 - 10ms
clojure.lang.Delay@63e35c49 DEBUG [synchrono.server.ws:206] - Received WebSocket message {:type "REQ"}
clojure.lang.Delay@73387008 DEBUG [synchrono.server.ws:162] - Processing REQ message {:subscription-id "sub:1", :filters ({:kinds [4444], :#s ["synchrono"]})}
clojure.lang.Delay@16d57e8a INFO [synchrono.server.ws:170] - Successfully processed subscription request {:subscription-id "sub:1", :event-count 5}
clojure.lang.Delay@433caf0d DEBUG [synchrono.server.ws:174] - Sending EVENT message to client {:subscription-id "sub:1", :event-id "4b9a57c73eee3deb848df08d66241369c67766716203cc763a25ab5377941fe0"}
clojure.lang.Delay@638fea36 DEBUG [synchrono.server.ws:174] - Sending EVENT message to client {:subscription-id "sub:1", :event-id "20cba70f46e96dd1de7dadadd9eab404f187faa7f142d04ceb688880ab47fc30"}
clojure.lang.Delay@15bf759a DEBUG [synchrono.server.ws:174] - Sending EVENT message to client {:subscription-id "sub:1", :event-id "5a24aab418cf86c0956802f0f5de81b9682d75db4d653abf603c015820306401"}
clojure.lang.Delay@717f4596 DEBUG [synchrono.server.ws:174] - Sending EVENT message to client {:subscription-id "sub:1", :event-id "d21e95e82856fa40c2b4a71d96110cb56fdda768a086bacd673af72d4e17465e"}
clojure.lang.Delay@719e7792 DEBUG [synchrono.server.ws:174] - Sending EVENT message to client {:subscription-id "sub:1", :event-id "c9b9018eadf6b01a7817408bab9cfb293a0e32505ed61788eafe9d9e33bda89a"}
clojure.lang.Delay@636bba93 DEBUG [synchrono.server.ws:206] - Received WebSocket message {:type "CLOSE"}
clojure.lang.Delay@dfceba0 DEBUG [synchrono.server.ws:196] - Processing CLOSE message {:subscription-id "sub:1"}
clojure.lang.Delay@1d2dc7de INFO [synchrono.server.core:33] - [:get] /ws 404 - 198ms
clojure.lang.Delay@992b44b INFO [synchrono.server.core:33] - [:get] / 200 - 4ms
clojure.lang.Delay@33321533 DEBUG [synchrono.server.ws:206] - Received WebSocket message {:type "REQ"}
clojure.lang.Delay@43420221 DEBUG [synchrono.server.ws:162] - Processing REQ message {:subscription-id "sub:1", :filters ({:kinds [4444], :#s ["synchrono"]})}
clojure.lang.Delay@5951acb INFO [synchrono.server.ws:170] - Successfully processed subscription request {:subscription-id "sub:1", :event-count 5}
clojure.lang.Delay@3c08a174 DEBUG [synchrono.server.ws:174] - Sending EVENT message to client {:subscription-id "sub:1", :event-id "4b9a57c73eee3deb848df08d66241369c67766716203cc763a25ab5377941fe0"}
clojure.lang.Delay@316126f1 DEBUG [synchrono.server.ws:174] - Sending EVENT message to client {:subscription-id "sub:1", :event-id "20cba70f46e96dd1de7dadadd9eab404f187faa7f142d04ceb688880ab47fc30"}
clojure.lang.Delay@31fb6c15 DEBUG [synchrono.server.ws:174] - Sending EVENT message to client {:subscription-id "sub:1", :event-id "5a24aab418cf86c0956802f0f5de81b9682d75db4d653abf603c015820306401"}
clojure.lang.Delay@330d8f50 DEBUG [synchrono.server.ws:174] - Sending EVENT message to client {:subscription-id "sub:1", :event-id "d21e95e82856fa40c2b4a71d96110cb56fdda768a086bacd673af72d4e17465e"}
clojure.lang.Delay@4829d3dd DEBUG [synchrono.server.ws:174] - Sending EVENT message to client {:subscription-id "sub:1", :event-id "c9b9018eadf6b01a7817408bab9cfb293a0e32505ed61788eafe9d9e33bda89a"}
clojure.lang.Delay@43aa975c DEBUG [synchrono.server.ws:206] - Received WebSocket message {:type "CLOSE"}
clojure.lang.Delay@51afb33c DEBUG [synchrono.server.ws:196] - Processing CLOSE message {:subscription-id "sub:1"}
clojure.lang.Delay@6441dff4 INFO [synchrono.server.core:33] - [:get] /ws 404 - 94ms
clojure.lang.Delay@7a600707 INFO [synchrono.server.core:33] - [:get] / 200 - 27ms
clojure.lang.Delay@6534b371 INFO [synchrono.server.core:33] - [:get] /ws 404 - 10ms
clojure.lang.Delay@3d04e013 DEBUG [synchrono.server.ws:206] - Received WebSocket message {:type "REQ"}
clojure.lang.Delay@5d2b1f5c DEBUG [synchrono.server.ws:162] - Processing REQ message {:subscription-id "sub:1", :filters ({:kinds [4444], :#s ["synchrono"]})}
clojure.lang.Delay@596526c6 INFO [synchrono.server.ws:170] - Successfully processed subscription request {:subscription-id "sub:1", :event-count 5}
clojure.lang.Delay@618243b0 DEBUG [synchrono.server.ws:174] - Sending EVENT message to client {:subscription-id "sub:1", :event-id "4b9a57c73eee3deb848df08d66241369c67766716203cc763a25ab5377941fe0"}
clojure.lang.Delay@6cc58344 DEBUG [synchrono.server.ws:174] - Sending EVENT message to client {:subscription-id "sub:1", :event-id "20cba70f46e96dd1de7dadadd9eab404f187faa7f142d04ceb688880ab47fc30"}
clojure.lang.Delay@1d01c1f4 DEBUG [synchrono.server.ws:174] - Sending EVENT message to client {:subscription-id "sub:1", :event-id "5a24aab418cf86c0956802f0f5de81b9682d75db4d653abf603c015820306401"}
clojure.lang.Delay@1652f573 DEBUG [synchrono.server.ws:174] - Sending EVENT message to client {:subscription-id "sub:1", :event-id "d21e95e82856fa40c2b4a71d96110cb56fdda768a086bacd673af72d4e17465e"}
clojure.lang.Delay@2083c734 DEBUG [synchrono.server.ws:174] - Sending EVENT message to client {:subscription-id "sub:1", :event-id "c9b9018eadf6b01a7817408bab9cfb293a0e32505ed61788eafe9d9e33bda89a"}
clojure.lang.Delay@67c89f3e DEBUG [synchrono.server.ws:206] - Received WebSocket message {:type "CLOSE"}
clojure.lang.Delay@6e4e14fc DEBUG [synchrono.server.ws:196] - Processing CLOSE message {:subscription-id "sub:1"}
clojure.lang.Delay@8cc95c5 INFO [synchrono.server.core:70] - Initializing database
clojure.lang.Delay@4a41fcbd INFO [synchrono.server.core:53] - Starting server on port 3000 in environment nil
clojure.lang.Delay@740bdef3 INFO [synchrono.server.core:55] - Server started successfully - ready to accept connections
clojure.lang.Delay@508b4121 INFO [synchrono.server.core:70] - Initializing database
clojure.lang.Delay@db7e9c3 INFO [synchrono.server.core:53] - Starting server on port 3000 in environment nil
clojure.lang.Delay@3d5841c7 INFO [synchrono.server.core:55] - Server started successfully - ready to accept connections
clojure.lang.Delay@7a54bff INFO [synchrono.server.core:33] - [:get] / 200 - 10ms
clojure.lang.Delay@199e3438 DEBUG [synchrono.server.ws:204] - Received WebSocket message {:type "REQ"}
clojure.lang.Delay@560d1bad DEBUG [synchrono.server.ws:160] - Processing REQ message {:subscription-id "sub:1", :filters ({:kinds [4444], :#s ["synchrono"]})}
clojure.lang.Delay@58c95702 INFO [synchrono.server.ws:168] - Successfully processed subscription request {:subscription-id "sub:1", :event-count 5}
clojure.lang.Delay@5bf7da81 DEBUG [synchrono.server.ws:172] - Sending EVENT message to client {:subscription-id "sub:1", :event-id "4b9a57c73eee3deb848df08d66241369c67766716203cc763a25ab5377941fe0"}
clojure.lang.Delay@670c56e4 DEBUG [synchrono.server.ws:172] - Sending EVENT message to client {:subscription-id "sub:1", :event-id "20cba70f46e96dd1de7dadadd9eab404f187faa7f142d04ceb688880ab47fc30"}
clojure.lang.Delay@2fda8cc7 DEBUG [synchrono.server.ws:172] - Sending EVENT message to client {:subscription-id "sub:1", :event-id "5a24aab418cf86c0956802f0f5de81b9682d75db4d653abf603c015820306401"}
clojure.lang.Delay@596aae39 DEBUG [synchrono.server.ws:172] - Sending EVENT message to client {:subscription-id "sub:1", :event-id "d21e95e82856fa40c2b4a71d96110cb56fdda768a086bacd673af72d4e17465e"}
clojure.lang.Delay@6debc04f DEBUG [synchrono.server.ws:172] - Sending EVENT message to client {:subscription-id "sub:1", :event-id "c9b9018eadf6b01a7817408bab9cfb293a0e32505ed61788eafe9d9e33bda89a"}
clojure.lang.Delay@98315ba INFO [synchrono.server.core:33] - [:get] /ws 404 - 249ms
clojure.lang.Delay@59d72a42 DEBUG [synchrono.server.ws:204] - Received WebSocket message {:type "CLOSE"}
clojure.lang.Delay@2c05286c DEBUG [synchrono.server.ws:194] - Processing CLOSE message {:subscription-id "sub:1"}
clojure.lang.Delay@100ba94b INFO [synchrono.server.core:33] - [:get] / 200 - 4ms
clojure.lang.Delay@50d56201 INFO [synchrono.server.core:33] - [:get] /ws 404 - 7ms
clojure.lang.Delay@3d699cec DEBUG [synchrono.server.ws:204] - Received WebSocket message {:type "REQ"}
clojure.lang.Delay@77aa368f DEBUG [synchrono.server.ws:160] - Processing REQ message {:subscription-id "sub:1", :filters ({:kinds [4444], :#s ["synchrono"]})}
clojure.lang.Delay@62ad699e INFO [synchrono.server.ws:168] - Successfully processed subscription request {:subscription-id "sub:1", :event-count 5}
clojure.lang.Delay@54dd9e46 DEBUG [synchrono.server.ws:172] - Sending EVENT message to client {:subscription-id "sub:1", :event-id "4b9a57c73eee3deb848df08d66241369c67766716203cc763a25ab5377941fe0"}
clojure.lang.Delay@662e23e0 DEBUG [synchrono.server.ws:172] - Sending EVENT message to client {:subscription-id "sub:1", :event-id "20cba70f46e96dd1de7dadadd9eab404f187faa7f142d04ceb688880ab47fc30"}
clojure.lang.Delay@60a6d48c DEBUG [synchrono.server.ws:172] - Sending EVENT message to client {:subscription-id "sub:1", :event-id "5a24aab418cf86c0956802f0f5de81b9682d75db4d653abf603c015820306401"}
clojure.lang.Delay@1c7a5c20 DEBUG [synchrono.server.ws:172] - Sending EVENT message to client {:subscription-id "sub:1", :event-id "d21e95e82856fa40c2b4a71d96110cb56fdda768a086bacd673af72d4e17465e"}
clojure.lang.Delay@3fe1478a DEBUG [synchrono.server.ws:172] - Sending EVENT message to client {:subscription-id "sub:1", :event-id "c9b9018eadf6b01a7817408bab9cfb293a0e32505ed61788eafe9d9e33bda89a"}
clojure.lang.Delay@14ce97a4 DEBUG [synchrono.server.ws:204] - Received WebSocket message {:type "CLOSE"}
clojure.lang.Delay@74e168eb DEBUG [synchrono.server.ws:194] - Processing CLOSE message {:subscription-id "sub:1"}
clojure.lang.Delay@6cd3a9ef INFO [synchrono.server.core:70] - Initializing database
clojure.lang.Delay@2a9be4b9 INFO [synchrono.server.core:53] - Starting server on port 3000 in environment nil
clojure.lang.Delay@6e90f8f INFO [synchrono.server.core:55] - Server started successfully - ready to accept connections
clojure.lang.Delay@7c5f14f0 INFO [synchrono.server.core:33] - [:get] / 200 - 9ms
clojure.lang.Delay@2ba56e2b INFO [synchrono.server.ws:261] - WebSocket connection established {:client-id "manifold.stream.SplicedStream@4a7c0e05", :headers {"origin" "http://localhost:3000", "host" "localhost:3000", "upgrade" "websocket", "user-agent" "Mozilla/5.0 (Macintosh; Intel Mac OS X 10_15_7) AppleWebKit/537.36 (KHTML, like Gecko) Chrome/130.0.0.0 Safari/537.36", "cookie" "ring-session=ea3c4a1c-7dab-41bd-b09a-a684e37b5259", "connection" "Upgrade", "pragma" "no-cache", "sec-websocket-key" "qNQKgwpwQv3IwZ/bYKMQnQ==", "accept-language" "en-US,en;q=0.9", "sec-websocket-version" "13", "accept-encoding" "gzip, deflate, br, zstd", "sec-websocket-extensions" "permessage-deflate; client_max_window_bits", "cache-control" "no-cache"}}
clojure.lang.Delay@8a2ff74 DEBUG [synchrono.server.ws:220] - Received WebSocket message {:type "REQ", :params ("sub:1" {:kinds [4444], :#s ["synchrono"]}), :raw-message "[\"REQ\",\"sub:1\",{\"kinds\":[4444],\"#s\":[\"synchrono\"]}]"}
clojure.lang.Delay@14a73a71 DEBUG [synchrono.server.ws:175] - Processing REQ message {:subscription-id "sub:1", :filters ({:kinds [4444], :#s ["synchrono"]})}
clojure.lang.Delay@55fbfe44 DEBUG [synchrono.server.ws:35] - Adding subscription {:client-id "manifold.stream.SplicedStream@4a7c0e05", :subscription-id "sub:1", :filters ({:kinds [4444], :#s ["synchrono"]})}
clojure.lang.Delay@1cb68ba0 INFO [synchrono.server.ws:183] - Found matching events for subscription {:subscription-id "sub:1", :event-count 5}
clojure.lang.Delay@6b73ee0a DEBUG [synchrono.server.ws:187] - Sending event for subscription {:subscription-id "sub:1", :event-id "4b9a57c73eee3deb848df08d66241369c67766716203cc763a25ab5377941fe0", :event {:id "4b9a57c73eee3deb848df08d66241369c67766716203cc763a25ab5377941fe0", :pubkey "800e78c63707901e8f9dff820659e844efe92b329e9f24d6ea53aece315cbfe4", :created_at 1730982229, :kind 4444, :tags "[[\"s\",\"synchrono\"]]", :content "{\"id\":null,\"name\":\"synchrono.city\",\"about\":\"Everyone buys in for 100,000 satoshis by sending 0.001 BTC to me. \\nTransfer satoshis to other people by upvoting their entries. \\nWe each pay dues of 100 satoshis per day, so you better start hustling! \\nCash out any time; I will send BTC to you. \\nSo long as you leave enough satoshis to pay for 1 week of dues. \\nWin big in this marketplace for ideas! \",\"picture\":\"https://synchrono.city/JAMN.png\",\"initial-credit-balance-sat\":100000,\"minimum-withdrawal-sat\":7000,\"daily-fee-sat\":100,\"timezone\":\"UTC-08:00\"}", :sig "8fd5e97c2e2d7faba3dba5f561d77156d0fe731fb4259d8d9fcb75a4af690f8be8888d48c3ef2bde227c70f83dc416b54cc0d784810b617a7403736ea4120ce3"}}
clojure.lang.Delay@71be7fef DEBUG [synchrono.server.ws:66] - Attempting to send EVENT {:subscription-id "sub:1", :event-id "4b9a57c73eee3deb848df08d66241369c67766716203cc763a25ab5377941fe0", :client-id "manifold.stream.SplicedStream@4a7c0e05"}
clojure.lang.Delay@601701b4 DEBUG [synchrono.server.ws:52] - Sending message to client {:message ["EVENT" "sub:1" {:id "4b9a57c73eee3deb848df08d66241369c67766716203cc763a25ab5377941fe0", :pubkey "800e78c63707901e8f9dff820659e844efe92b329e9f24d6ea53aece315cbfe4", :created_at 1730982229, :kind 4444, :tags "[[\"s\",\"synchrono\"]]", :content "{\"id\":null,\"name\":\"synchrono.city\",\"about\":\"Everyone buys in for 100,000 satoshis by sending 0.001 BTC to me. \\nTransfer satoshis to other people by upvoting their entries. \\nWe each pay dues of 100 satoshis per day, so you better start hustling! \\nCash out any time; I will send BTC to you. \\nSo long as you leave enough satoshis to pay for 1 week of dues. \\nWin big in this marketplace for ideas! \",\"picture\":\"https://synchrono.city/JAMN.png\",\"initial-credit-balance-sat\":100000,\"minimum-withdrawal-sat\":7000,\"daily-fee-sat\":100,\"timezone\":\"UTC-08:00\"}", :sig "8fd5e97c2e2d7faba3dba5f561d77156d0fe731fb4259d8d9fcb75a4af690f8be8888d48c3ef2bde227c70f83dc416b54cc0d784810b617a7403736ea4120ce3"}], :client-id "manifold.stream.SplicedStream@4a7c0e05"}
clojure.lang.Delay@75588399 DEBUG [synchrono.server.ws:187] - Sending event for subscription {:subscription-id "sub:1", :event-id "20cba70f46e96dd1de7dadadd9eab404f187faa7f142d04ceb688880ab47fc30", :event {:id "20cba70f46e96dd1de7dadadd9eab404f187faa7f142d04ceb688880ab47fc30", :pubkey "800e78c63707901e8f9dff820659e844efe92b329e9f24d6ea53aece315cbfe4", :created_at 1730981067, :kind 4444, :tags "[[\"s\",\"synchrono\"]]", :content "{\"id\":null,\"name\":\"synchrono.city\",\"about\":\"Everyone buys in for 100,000 satoshis by sending 0.001 BTC to me. \\nTransfer satoshis to other people by upvoting their entries. \\nWe each pay dues of 100 satoshis per day, so you better start hustling! \\nCash out any time; I will send BTC to you. \\nSo long as you leave enough satoshis to pay for 1 week of dues. \\nWin big in this marketplace for ideas! \",\"picture\":\"https://synchrono.city/JAMN.png\",\"initial-credit-balance-sat\":100000,\"minimum-withdrawal-sat\":7000,\"daily-fee-sat\":100,\"timezone\":\"UTC-08:00\"}", :sig "151d534570d9d818fbfe33d0ecf3392c79f6ce6a5a951c42c154e8776f9ebf7529892958d29cd0c49d4aa294b6a4797cb910dd84085a9bd4ec68b7d879aebe54"}}
clojure.lang.Delay@773014c8 DEBUG [synchrono.server.ws:66] - Attempting to send EVENT {:subscription-id "sub:1", :event-id "20cba70f46e96dd1de7dadadd9eab404f187faa7f142d04ceb688880ab47fc30", :client-id "manifold.stream.SplicedStream@4a7c0e05"}
clojure.lang.Delay@73acc456 DEBUG [synchrono.server.ws:52] - Sending message to client {:message ["EVENT" "sub:1" {:id "20cba70f46e96dd1de7dadadd9eab404f187faa7f142d04ceb688880ab47fc30", :pubkey "800e78c63707901e8f9dff820659e844efe92b329e9f24d6ea53aece315cbfe4", :created_at 1730981067, :kind 4444, :tags "[[\"s\",\"synchrono\"]]", :content "{\"id\":null,\"name\":\"synchrono.city\",\"about\":\"Everyone buys in for 100,000 satoshis by sending 0.001 BTC to me. \\nTransfer satoshis to other people by upvoting their entries. \\nWe each pay dues of 100 satoshis per day, so you better start hustling! \\nCash out any time; I will send BTC to you. \\nSo long as you leave enough satoshis to pay for 1 week of dues. \\nWin big in this marketplace for ideas! \",\"picture\":\"https://synchrono.city/JAMN.png\",\"initial-credit-balance-sat\":100000,\"minimum-withdrawal-sat\":7000,\"daily-fee-sat\":100,\"timezone\":\"UTC-08:00\"}", :sig "151d534570d9d818fbfe33d0ecf3392c79f6ce6a5a951c42c154e8776f9ebf7529892958d29cd0c49d4aa294b6a4797cb910dd84085a9bd4ec68b7d879aebe54"}], :client-id "manifold.stream.SplicedStream@4a7c0e05"}
clojure.lang.Delay@3fae1df3 DEBUG [synchrono.server.ws:187] - Sending event for subscription {:subscription-id "sub:1", :event-id "5a24aab418cf86c0956802f0f5de81b9682d75db4d653abf603c015820306401", :event {:id "5a24aab418cf86c0956802f0f5de81b9682d75db4d653abf603c015820306401", :pubkey "800e78c63707901e8f9dff820659e844efe92b329e9f24d6ea53aece315cbfe4", :created_at 1730980824, :kind 4444, :tags "[[\"s\",\"synchrono\"]]", :content "{\"id\":null,\"name\":\"synchrono.city\",\"about\":\"Everyone buys in for 100,000 satoshis by sending 0.001 BTC to me. \\nTransfer satoshis to other people by upvoting their entries. \\nWe each pay dues of 100 satoshis per day, so you better start hustling! \\nCash out any time; I will send BTC to you. \\nSo long as you leave enough satoshis to pay for 1 week of dues. \\nWin big in this marketplace for ideas! \",\"picture\":\"https://synchrono.city/JAMN.png\",\"initial-credit-balance-sat\":100000,\"minimum-withdrawal-sat\":7000,\"daily-fee-sat\":100,\"timezone\":\"UTC-08:00\"}", :sig "980edfcac3469ec4062694368f65045ddf329e55da4c3dea3b48e2480216ed8c365a8451b809228f2362248e13c797afd278e05b3f68c51694f0a444fc209e5c"}}
clojure.lang.Delay@b955048 DEBUG [synchrono.server.ws:66] - Attempting to send EVENT {:subscription-id "sub:1", :event-id "5a24aab418cf86c0956802f0f5de81b9682d75db4d653abf603c015820306401", :client-id "manifold.stream.SplicedStream@4a7c0e05"}
clojure.lang.Delay@246374c2 DEBUG [synchrono.server.ws:52] - Sending message to client {:message ["EVENT" "sub:1" {:id "5a24aab418cf86c0956802f0f5de81b9682d75db4d653abf603c015820306401", :pubkey "800e78c63707901e8f9dff820659e844efe92b329e9f24d6ea53aece315cbfe4", :created_at 1730980824, :kind 4444, :tags "[[\"s\",\"synchrono\"]]", :content "{\"id\":null,\"name\":\"synchrono.city\",\"about\":\"Everyone buys in for 100,000 satoshis by sending 0.001 BTC to me. \\nTransfer satoshis to other people by upvoting their entries. \\nWe each pay dues of 100 satoshis per day, so you better start hustling! \\nCash out any time; I will send BTC to you. \\nSo long as you leave enough satoshis to pay for 1 week of dues. \\nWin big in this marketplace for ideas! \",\"picture\":\"https://synchrono.city/JAMN.png\",\"initial-credit-balance-sat\":100000,\"minimum-withdrawal-sat\":7000,\"daily-fee-sat\":100,\"timezone\":\"UTC-08:00\"}", :sig "980edfcac3469ec4062694368f65045ddf329e55da4c3dea3b48e2480216ed8c365a8451b809228f2362248e13c797afd278e05b3f68c51694f0a444fc209e5c"}], :client-id "manifold.stream.SplicedStream@4a7c0e05"}
clojure.lang.Delay@73717551 DEBUG [synchrono.server.ws:187] - Sending event for subscription {:subscription-id "sub:1", :event-id "d21e95e82856fa40c2b4a71d96110cb56fdda768a086bacd673af72d4e17465e", :event {:id "d21e95e82856fa40c2b4a71d96110cb56fdda768a086bacd673af72d4e17465e", :pubkey "800e78c63707901e8f9dff820659e844efe92b329e9f24d6ea53aece315cbfe4", :created_at 1730979951, :kind 4444, :tags "[[\"s\",\"synchrono\"]]", :content "{\"id\":null,\"name\":\"synchrono.city\",\"about\":\"Everyone buys in for 100,000 satoshis by sending 0.001 BTC to me. \\nTransfer satoshis to other people by upvoting their entries. \\nWe each pay dues of 100 satoshis per day, so you better start hustling! \\nCash out any time; I will send BTC to you. \\nSo long as you leave enough satoshis to pay for 1 week of dues. \\nWin big in this marketplace for ideas! \",\"picture\":\"https://synchrono.city/JAMN.png\",\"initial-credit-balance-sat\":100000,\"minimum-withdrawal-sat\":7000,\"daily-fee-sat\":100,\"timezone\":\"UTC-08:00\"}", :sig "6caf875b67c37126588d649815b7b46301ddce2f4d587adada939f8078946a4e4839744a8902acffde3f072cb5bb0798ec6d27a124c4e49f8ac48f9fed5a5f2b"}}
clojure.lang.Delay@2000d879 DEBUG [synchrono.server.ws:66] - Attempting to send EVENT {:subscription-id "sub:1", :event-id "d21e95e82856fa40c2b4a71d96110cb56fdda768a086bacd673af72d4e17465e", :client-id "manifold.stream.SplicedStream@4a7c0e05"}
clojure.lang.Delay@55c9f338 DEBUG [synchrono.server.ws:52] - Sending message to client {:message ["EVENT" "sub:1" {:id "d21e95e82856fa40c2b4a71d96110cb56fdda768a086bacd673af72d4e17465e", :pubkey "800e78c63707901e8f9dff820659e844efe92b329e9f24d6ea53aece315cbfe4", :created_at 1730979951, :kind 4444, :tags "[[\"s\",\"synchrono\"]]", :content "{\"id\":null,\"name\":\"synchrono.city\",\"about\":\"Everyone buys in for 100,000 satoshis by sending 0.001 BTC to me. \\nTransfer satoshis to other people by upvoting their entries. \\nWe each pay dues of 100 satoshis per day, so you better start hustling! \\nCash out any time; I will send BTC to you. \\nSo long as you leave enough satoshis to pay for 1 week of dues. \\nWin big in this marketplace for ideas! \",\"picture\":\"https://synchrono.city/JAMN.png\",\"initial-credit-balance-sat\":100000,\"minimum-withdrawal-sat\":7000,\"daily-fee-sat\":100,\"timezone\":\"UTC-08:00\"}", :sig "6caf875b67c37126588d649815b7b46301ddce2f4d587adada939f8078946a4e4839744a8902acffde3f072cb5bb0798ec6d27a124c4e49f8ac48f9fed5a5f2b"}], :client-id "manifold.stream.SplicedStream@4a7c0e05"}
clojure.lang.Delay@5d460909 DEBUG [synchrono.server.ws:187] - Sending event for subscription {:subscription-id "sub:1", :event-id "c9b9018eadf6b01a7817408bab9cfb293a0e32505ed61788eafe9d9e33bda89a", :event {:id "c9b9018eadf6b01a7817408bab9cfb293a0e32505ed61788eafe9d9e33bda89a", :pubkey "800e78c63707901e8f9dff820659e844efe92b329e9f24d6ea53aece315cbfe4", :created_at 1730979124, :kind 4444, :tags "[[\"s\",\"synchrono\"]]", :content "{\"id\":null,\"name\":\"synchrono.city\",\"about\":\"Everyone buys in for 100,000 satoshis by sending 0.001 BTC to me. \\nTransfer satoshis to other people by upvoting their entries. \\nWe each pay dues of 100 satoshis per day, so you better start hustling! \\nCash out any time; I will send BTC to you. \\nSo long as you leave enough satoshis to pay for 1 week of dues. \\nWin big in this marketplace for ideas! \",\"picture\":\"https://synchrono.city/JAMN.png\",\"initial-credit-balance-sat\":100000,\"minimum-withdrawal-sat\":7000,\"daily-fee-sat\":100,\"timezone\":\"UTC-08:00\"}", :sig "ea34fad43440cfd538285224eeb283bef9c01abc7b6e4d019e5833d70baf8624d391c3c6fc3aca4024b2a7ee97f2c43a87269981a7dada3e413e1455cafcc673"}}
clojure.lang.Delay@343e7e95 DEBUG [synchrono.server.ws:66] - Attempting to send EVENT {:subscription-id "sub:1", :event-id "c9b9018eadf6b01a7817408bab9cfb293a0e32505ed61788eafe9d9e33bda89a", :client-id "manifold.stream.SplicedStream@4a7c0e05"}
clojure.lang.Delay@e7bd28f DEBUG [synchrono.server.ws:52] - Sending message to client {:message ["EVENT" "sub:1" {:id "c9b9018eadf6b01a7817408bab9cfb293a0e32505ed61788eafe9d9e33bda89a", :pubkey "800e78c63707901e8f9dff820659e844efe92b329e9f24d6ea53aece315cbfe4", :created_at 1730979124, :kind 4444, :tags "[[\"s\",\"synchrono\"]]", :content "{\"id\":null,\"name\":\"synchrono.city\",\"about\":\"Everyone buys in for 100,000 satoshis by sending 0.001 BTC to me. \\nTransfer satoshis to other people by upvoting their entries. \\nWe each pay dues of 100 satoshis per day, so you better start hustling! \\nCash out any time; I will send BTC to you. \\nSo long as you leave enough satoshis to pay for 1 week of dues. \\nWin big in this marketplace for ideas! \",\"picture\":\"https://synchrono.city/JAMN.png\",\"initial-credit-balance-sat\":100000,\"minimum-withdrawal-sat\":7000,\"daily-fee-sat\":100,\"timezone\":\"UTC-08:00\"}", :sig "ea34fad43440cfd538285224eeb283bef9c01abc7b6e4d019e5833d70baf8624d391c3c6fc3aca4024b2a7ee97f2c43a87269981a7dada3e413e1455cafcc673"}], :client-id "manifold.stream.SplicedStream@4a7c0e05"}
clojure.lang.Delay@ba896d3 DEBUG [synchrono.server.ws:192] - Sending EOSE for subscription {:subscription-id "sub:1"}
clojure.lang.Delay@7f65d866 DEBUG [synchrono.server.ws:52] - Sending message to client {:message ["EOSE" "sub:1"], :client-id "manifold.stream.SplicedStream@4a7c0e05"}
clojure.lang.Delay@5e280ad8 DEBUG [synchrono.server.ws:220] - Received WebSocket message {:type "CLOSE", :params ("sub:1"), :raw-message "[\"CLOSE\",\"sub:1\"]"}
clojure.lang.Delay@7b6b6551 DEBUG [synchrono.server.ws:210] - Processing CLOSE message {:subscription-id "sub:1"}
clojure.lang.Delay@7e3f6ae2 INFO [synchrono.server.core:33] - [:get] /ws 404 - 254ms
clojure.lang.Delay@f7d8d1f INFO [synchrono.server.core:33] - [:get] / 200 - 1ms
clojure.lang.Delay@779138a4 INFO [synchrono.server.ws:268] - WebSocket connection closed {:client-id "manifold.stream.SplicedStream@4a7c0e05"}
clojure.lang.Delay@45f49bb7 INFO [synchrono.server.ws:261] - WebSocket connection established {:client-id "manifold.stream.SplicedStream@740bc0e5", :headers {"origin" "http://localhost:3000", "host" "localhost:3000", "upgrade" "websocket", "user-agent" "Mozilla/5.0 (Macintosh; Intel Mac OS X 10_15_7) AppleWebKit/537.36 (KHTML, like Gecko) Chrome/130.0.0.0 Safari/537.36", "cookie" "ring-session=ea3c4a1c-7dab-41bd-b09a-a684e37b5259", "connection" "Upgrade", "pragma" "no-cache", "sec-websocket-key" "eGf7ZFF7Z9WwSVRmffO2dg==", "accept-language" "en-US,en;q=0.9", "sec-websocket-version" "13", "accept-encoding" "gzip, deflate, br, zstd", "sec-websocket-extensions" "permessage-deflate; client_max_window_bits", "cache-control" "no-cache"}}
clojure.lang.Delay@19544864 DEBUG [synchrono.server.ws:220] - Received WebSocket message {:type "REQ", :params ("sub:1" {:kinds [4444], :#s ["synchrono"]}), :raw-message "[\"REQ\",\"sub:1\",{\"kinds\":[4444],\"#s\":[\"synchrono\"]}]"}
clojure.lang.Delay@16d436f2 DEBUG [synchrono.server.ws:175] - Processing REQ message {:subscription-id "sub:1", :filters ({:kinds [4444], :#s ["synchrono"]})}
clojure.lang.Delay@9e773c4 DEBUG [synchrono.server.ws:35] - Adding subscription {:client-id "manifold.stream.SplicedStream@740bc0e5", :subscription-id "sub:1", :filters ({:kinds [4444], :#s ["synchrono"]})}
clojure.lang.Delay@6131eab0 INFO [synchrono.server.ws:183] - Found matching events for subscription {:subscription-id "sub:1", :event-count 5}
clojure.lang.Delay@3295fa76 DEBUG [synchrono.server.ws:187] - Sending event for subscription {:subscription-id "sub:1", :event-id "4b9a57c73eee3deb848df08d66241369c67766716203cc763a25ab5377941fe0", :event {:id "4b9a57c73eee3deb848df08d66241369c67766716203cc763a25ab5377941fe0", :pubkey "800e78c63707901e8f9dff820659e844efe92b329e9f24d6ea53aece315cbfe4", :created_at 1730982229, :kind 4444, :tags "[[\"s\",\"synchrono\"]]", :content "{\"id\":null,\"name\":\"synchrono.city\",\"about\":\"Everyone buys in for 100,000 satoshis by sending 0.001 BTC to me. \\nTransfer satoshis to other people by upvoting their entries. \\nWe each pay dues of 100 satoshis per day, so you better start hustling! \\nCash out any time; I will send BTC to you. \\nSo long as you leave enough satoshis to pay for 1 week of dues. \\nWin big in this marketplace for ideas! \",\"picture\":\"https://synchrono.city/JAMN.png\",\"initial-credit-balance-sat\":100000,\"minimum-withdrawal-sat\":7000,\"daily-fee-sat\":100,\"timezone\":\"UTC-08:00\"}", :sig "8fd5e97c2e2d7faba3dba5f561d77156d0fe731fb4259d8d9fcb75a4af690f8be8888d48c3ef2bde227c70f83dc416b54cc0d784810b617a7403736ea4120ce3"}}
clojure.lang.Delay@643d5457 DEBUG [synchrono.server.ws:66] - Attempting to send EVENT {:subscription-id "sub:1", :event-id "4b9a57c73eee3deb848df08d66241369c67766716203cc763a25ab5377941fe0", :client-id "manifold.stream.SplicedStream@740bc0e5"}
clojure.lang.Delay@3204e704 DEBUG [synchrono.server.ws:52] - Sending message to client {:message ["EVENT" "sub:1" {:id "4b9a57c73eee3deb848df08d66241369c67766716203cc763a25ab5377941fe0", :pubkey "800e78c63707901e8f9dff820659e844efe92b329e9f24d6ea53aece315cbfe4", :created_at 1730982229, :kind 4444, :tags "[[\"s\",\"synchrono\"]]", :content "{\"id\":null,\"name\":\"synchrono.city\",\"about\":\"Everyone buys in for 100,000 satoshis by sending 0.001 BTC to me. \\nTransfer satoshis to other people by upvoting their entries. \\nWe each pay dues of 100 satoshis per day, so you better start hustling! \\nCash out any time; I will send BTC to you. \\nSo long as you leave enough satoshis to pay for 1 week of dues. \\nWin big in this marketplace for ideas! \",\"picture\":\"https://synchrono.city/JAMN.png\",\"initial-credit-balance-sat\":100000,\"minimum-withdrawal-sat\":7000,\"daily-fee-sat\":100,\"timezone\":\"UTC-08:00\"}", :sig "8fd5e97c2e2d7faba3dba5f561d77156d0fe731fb4259d8d9fcb75a4af690f8be8888d48c3ef2bde227c70f83dc416b54cc0d784810b617a7403736ea4120ce3"}], :client-id "manifold.stream.SplicedStream@740bc0e5"}
clojure.lang.Delay@3dfcf297 DEBUG [synchrono.server.ws:187] - Sending event for subscription {:subscription-id "sub:1", :event-id "20cba70f46e96dd1de7dadadd9eab404f187faa7f142d04ceb688880ab47fc30", :event {:id "20cba70f46e96dd1de7dadadd9eab404f187faa7f142d04ceb688880ab47fc30", :pubkey "800e78c63707901e8f9dff820659e844efe92b329e9f24d6ea53aece315cbfe4", :created_at 1730981067, :kind 4444, :tags "[[\"s\",\"synchrono\"]]", :content "{\"id\":null,\"name\":\"synchrono.city\",\"about\":\"Everyone buys in for 100,000 satoshis by sending 0.001 BTC to me. \\nTransfer satoshis to other people by upvoting their entries. \\nWe each pay dues of 100 satoshis per day, so you better start hustling! \\nCash out any time; I will send BTC to you. \\nSo long as you leave enough satoshis to pay for 1 week of dues. \\nWin big in this marketplace for ideas! \",\"picture\":\"https://synchrono.city/JAMN.png\",\"initial-credit-balance-sat\":100000,\"minimum-withdrawal-sat\":7000,\"daily-fee-sat\":100,\"timezone\":\"UTC-08:00\"}", :sig "151d534570d9d818fbfe33d0ecf3392c79f6ce6a5a951c42c154e8776f9ebf7529892958d29cd0c49d4aa294b6a4797cb910dd84085a9bd4ec68b7d879aebe54"}}
clojure.lang.Delay@3e525034 DEBUG [synchrono.server.ws:66] - Attempting to send EVENT {:subscription-id "sub:1", :event-id "20cba70f46e96dd1de7dadadd9eab404f187faa7f142d04ceb688880ab47fc30", :client-id "manifold.stream.SplicedStream@740bc0e5"}
clojure.lang.Delay@705a5c4a DEBUG [synchrono.server.ws:52] - Sending message to client {:message ["EVENT" "sub:1" {:id "20cba70f46e96dd1de7dadadd9eab404f187faa7f142d04ceb688880ab47fc30", :pubkey "800e78c63707901e8f9dff820659e844efe92b329e9f24d6ea53aece315cbfe4", :created_at 1730981067, :kind 4444, :tags "[[\"s\",\"synchrono\"]]", :content "{\"id\":null,\"name\":\"synchrono.city\",\"about\":\"Everyone buys in for 100,000 satoshis by sending 0.001 BTC to me. \\nTransfer satoshis to other people by upvoting their entries. \\nWe each pay dues of 100 satoshis per day, so you better start hustling! \\nCash out any time; I will send BTC to you. \\nSo long as you leave enough satoshis to pay for 1 week of dues. \\nWin big in this marketplace for ideas! \",\"picture\":\"https://synchrono.city/JAMN.png\",\"initial-credit-balance-sat\":100000,\"minimum-withdrawal-sat\":7000,\"daily-fee-sat\":100,\"timezone\":\"UTC-08:00\"}", :sig "151d534570d9d818fbfe33d0ecf3392c79f6ce6a5a951c42c154e8776f9ebf7529892958d29cd0c49d4aa294b6a4797cb910dd84085a9bd4ec68b7d879aebe54"}], :client-id "manifold.stream.SplicedStream@740bc0e5"}
clojure.lang.Delay@5a0b389f DEBUG [synchrono.server.ws:187] - Sending event for subscription {:subscription-id "sub:1", :event-id "5a24aab418cf86c0956802f0f5de81b9682d75db4d653abf603c015820306401", :event {:id "5a24aab418cf86c0956802f0f5de81b9682d75db4d653abf603c015820306401", :pubkey "800e78c63707901e8f9dff820659e844efe92b329e9f24d6ea53aece315cbfe4", :created_at 1730980824, :kind 4444, :tags "[[\"s\",\"synchrono\"]]", :content "{\"id\":null,\"name\":\"synchrono.city\",\"about\":\"Everyone buys in for 100,000 satoshis by sending 0.001 BTC to me. \\nTransfer satoshis to other people by upvoting their entries. \\nWe each pay dues of 100 satoshis per day, so you better start hustling! \\nCash out any time; I will send BTC to you. \\nSo long as you leave enough satoshis to pay for 1 week of dues. \\nWin big in this marketplace for ideas! \",\"picture\":\"https://synchrono.city/JAMN.png\",\"initial-credit-balance-sat\":100000,\"minimum-withdrawal-sat\":7000,\"daily-fee-sat\":100,\"timezone\":\"UTC-08:00\"}", :sig "980edfcac3469ec4062694368f65045ddf329e55da4c3dea3b48e2480216ed8c365a8451b809228f2362248e13c797afd278e05b3f68c51694f0a444fc209e5c"}}
clojure.lang.Delay@35a7fd48 DEBUG [synchrono.server.ws:66] - Attempting to send EVENT {:subscription-id "sub:1", :event-id "5a24aab418cf86c0956802f0f5de81b9682d75db4d653abf603c015820306401", :client-id "manifold.stream.SplicedStream@740bc0e5"}
clojure.lang.Delay@820b2c6 DEBUG [synchrono.server.ws:52] - Sending message to client {:message ["EVENT" "sub:1" {:id "5a24aab418cf86c0956802f0f5de81b9682d75db4d653abf603c015820306401", :pubkey "800e78c63707901e8f9dff820659e844efe92b329e9f24d6ea53aece315cbfe4", :created_at 1730980824, :kind 4444, :tags "[[\"s\",\"synchrono\"]]", :content "{\"id\":null,\"name\":\"synchrono.city\",\"about\":\"Everyone buys in for 100,000 satoshis by sending 0.001 BTC to me. \\nTransfer satoshis to other people by upvoting their entries. \\nWe each pay dues of 100 satoshis per day, so you better start hustling! \\nCash out any time; I will send BTC to you. \\nSo long as you leave enough satoshis to pay for 1 week of dues. \\nWin big in this marketplace for ideas! \",\"picture\":\"https://synchrono.city/JAMN.png\",\"initial-credit-balance-sat\":100000,\"minimum-withdrawal-sat\":7000,\"daily-fee-sat\":100,\"timezone\":\"UTC-08:00\"}", :sig "980edfcac3469ec4062694368f65045ddf329e55da4c3dea3b48e2480216ed8c365a8451b809228f2362248e13c797afd278e05b3f68c51694f0a444fc209e5c"}], :client-id "manifold.stream.SplicedStream@740bc0e5"}
clojure.lang.Delay@63f55b5d DEBUG [synchrono.server.ws:187] - Sending event for subscription {:subscription-id "sub:1", :event-id "d21e95e82856fa40c2b4a71d96110cb56fdda768a086bacd673af72d4e17465e", :event {:id "d21e95e82856fa40c2b4a71d96110cb56fdda768a086bacd673af72d4e17465e", :pubkey "800e78c63707901e8f9dff820659e844efe92b329e9f24d6ea53aece315cbfe4", :created_at 1730979951, :kind 4444, :tags "[[\"s\",\"synchrono\"]]", :content "{\"id\":null,\"name\":\"synchrono.city\",\"about\":\"Everyone buys in for 100,000 satoshis by sending 0.001 BTC to me. \\nTransfer satoshis to other people by upvoting their entries. \\nWe each pay dues of 100 satoshis per day, so you better start hustling! \\nCash out any time; I will send BTC to you. \\nSo long as you leave enough satoshis to pay for 1 week of dues. \\nWin big in this marketplace for ideas! \",\"picture\":\"https://synchrono.city/JAMN.png\",\"initial-credit-balance-sat\":100000,\"minimum-withdrawal-sat\":7000,\"daily-fee-sat\":100,\"timezone\":\"UTC-08:00\"}", :sig "6caf875b67c37126588d649815b7b46301ddce2f4d587adada939f8078946a4e4839744a8902acffde3f072cb5bb0798ec6d27a124c4e49f8ac48f9fed5a5f2b"}}
clojure.lang.Delay@75622e20 DEBUG [synchrono.server.ws:66] - Attempting to send EVENT {:subscription-id "sub:1", :event-id "d21e95e82856fa40c2b4a71d96110cb56fdda768a086bacd673af72d4e17465e", :client-id "manifold.stream.SplicedStream@740bc0e5"}
clojure.lang.Delay@529bdcb5 DEBUG [synchrono.server.ws:52] - Sending message to client {:message ["EVENT" "sub:1" {:id "d21e95e82856fa40c2b4a71d96110cb56fdda768a086bacd673af72d4e17465e", :pubkey "800e78c63707901e8f9dff820659e844efe92b329e9f24d6ea53aece315cbfe4", :created_at 1730979951, :kind 4444, :tags "[[\"s\",\"synchrono\"]]", :content "{\"id\":null,\"name\":\"synchrono.city\",\"about\":\"Everyone buys in for 100,000 satoshis by sending 0.001 BTC to me. \\nTransfer satoshis to other people by upvoting their entries. \\nWe each pay dues of 100 satoshis per day, so you better start hustling! \\nCash out any time; I will send BTC to you. \\nSo long as you leave enough satoshis to pay for 1 week of dues. \\nWin big in this marketplace for ideas! \",\"picture\":\"https://synchrono.city/JAMN.png\",\"initial-credit-balance-sat\":100000,\"minimum-withdrawal-sat\":7000,\"daily-fee-sat\":100,\"timezone\":\"UTC-08:00\"}", :sig "6caf875b67c37126588d649815b7b46301ddce2f4d587adada939f8078946a4e4839744a8902acffde3f072cb5bb0798ec6d27a124c4e49f8ac48f9fed5a5f2b"}], :client-id "manifold.stream.SplicedStream@740bc0e5"}
clojure.lang.Delay@1764e61e DEBUG [synchrono.server.ws:187] - Sending event for subscription {:subscription-id "sub:1", :event-id "c9b9018eadf6b01a7817408bab9cfb293a0e32505ed61788eafe9d9e33bda89a", :event {:id "c9b9018eadf6b01a7817408bab9cfb293a0e32505ed61788eafe9d9e33bda89a", :pubkey "800e78c63707901e8f9dff820659e844efe92b329e9f24d6ea53aece315cbfe4", :created_at 1730979124, :kind 4444, :tags "[[\"s\",\"synchrono\"]]", :content "{\"id\":null,\"name\":\"synchrono.city\",\"about\":\"Everyone buys in for 100,000 satoshis by sending 0.001 BTC to me. \\nTransfer satoshis to other people by upvoting their entries. \\nWe each pay dues of 100 satoshis per day, so you better start hustling! \\nCash out any time; I will send BTC to you. \\nSo long as you leave enough satoshis to pay for 1 week of dues. \\nWin big in this marketplace for ideas! \",\"picture\":\"https://synchrono.city/JAMN.png\",\"initial-credit-balance-sat\":100000,\"minimum-withdrawal-sat\":7000,\"daily-fee-sat\":100,\"timezone\":\"UTC-08:00\"}", :sig "ea34fad43440cfd538285224eeb283bef9c01abc7b6e4d019e5833d70baf8624d391c3c6fc3aca4024b2a7ee97f2c43a87269981a7dada3e413e1455cafcc673"}}
clojure.lang.Delay@7d3de3e2 DEBUG [synchrono.server.ws:66] - Attempting to send EVENT {:subscription-id "sub:1", :event-id "c9b9018eadf6b01a7817408bab9cfb293a0e32505ed61788eafe9d9e33bda89a", :client-id "manifold.stream.SplicedStream@740bc0e5"}
clojure.lang.Delay@7be3e931 DEBUG [synchrono.server.ws:52] - Sending message to client {:message ["EVENT" "sub:1" {:id "c9b9018eadf6b01a7817408bab9cfb293a0e32505ed61788eafe9d9e33bda89a", :pubkey "800e78c63707901e8f9dff820659e844efe92b329e9f24d6ea53aece315cbfe4", :created_at 1730979124, :kind 4444, :tags "[[\"s\",\"synchrono\"]]", :content "{\"id\":null,\"name\":\"synchrono.city\",\"about\":\"Everyone buys in for 100,000 satoshis by sending 0.001 BTC to me. \\nTransfer satoshis to other people by upvoting their entries. \\nWe each pay dues of 100 satoshis per day, so you better start hustling! \\nCash out any time; I will send BTC to you. \\nSo long as you leave enough satoshis to pay for 1 week of dues. \\nWin big in this marketplace for ideas! \",\"picture\":\"https://synchrono.city/JAMN.png\",\"initial-credit-balance-sat\":100000,\"minimum-withdrawal-sat\":7000,\"daily-fee-sat\":100,\"timezone\":\"UTC-08:00\"}", :sig "ea34fad43440cfd538285224eeb283bef9c01abc7b6e4d019e5833d70baf8624d391c3c6fc3aca4024b2a7ee97f2c43a87269981a7dada3e413e1455cafcc673"}], :client-id "manifold.stream.SplicedStream@740bc0e5"}
clojure.lang.Delay@265cd2d0 DEBUG [synchrono.server.ws:192] - Sending EOSE for subscription {:subscription-id "sub:1"}
clojure.lang.Delay@43859cf9 DEBUG [synchrono.server.ws:52] - Sending message to client {:message ["EOSE" "sub:1"], :client-id "manifold.stream.SplicedStream@740bc0e5"}
clojure.lang.Delay@18e8b12f INFO [synchrono.server.core:33] - [:get] /ws 404 - 68ms
clojure.lang.Delay@3723fcb1 DEBUG [synchrono.server.ws:220] - Received WebSocket message {:type "CLOSE", :params ("sub:1"), :raw-message "[\"CLOSE\",\"sub:1\"]"}
clojure.lang.Delay@570c03fe DEBUG [synchrono.server.ws:210] - Processing CLOSE message {:subscription-id "sub:1"}
clojure.lang.Delay@14278bb5 INFO [synchrono.server.core:70] - Initializing database
clojure.lang.Delay@12306cc INFO [synchrono.server.core:53] - Starting server on port 3000 in environment nil
clojure.lang.Delay@35117794 INFO [synchrono.server.core:55] - Server started successfully - ready to accept connections
clojure.lang.Delay@644b859 INFO [synchrono.server.core:33] - [:get] / 200 - 9ms
clojure.lang.Delay@61db6fb0 INFO [synchrono.server.ws:281] - WebSocket connection established {:client-id "manifold.stream.SplicedStream@73a365ed", :headers {"origin" "http://localhost:3000", "host" "localhost:3000", "upgrade" "websocket", "user-agent" "Mozilla/5.0 (Macintosh; Intel Mac OS X 10_15_7) AppleWebKit/537.36 (KHTML, like Gecko) Chrome/130.0.0.0 Safari/537.36", "cookie" "ring-session=ea3c4a1c-7dab-41bd-b09a-a684e37b5259", "connection" "Upgrade", "pragma" "no-cache", "sec-websocket-key" "I91fYpugb4klEmLqJeARSw==", "accept-language" "en-US,en;q=0.9", "sec-websocket-version" "13", "accept-encoding" "gzip, deflate, br, zstd", "sec-websocket-extensions" "permessage-deflate; client_max_window_bits", "cache-control" "no-cache"}}
clojure.lang.Delay@4b2c8f7f DEBUG [synchrono.server.ws:240] - Received WebSocket message {:type "REQ", :params ("sub:1" {:kinds [4444], :#s ["synchrono"]}), :raw-message "[\"REQ\",\"sub:1\",{\"kinds\":[4444],\"#s\":[\"synchrono\"]}]"}
clojure.lang.Delay@35228cf5 DEBUG [synchrono.server.ws:195] - Processing REQ message {:subscription-id "sub:1", :filters ({:kinds [4444], :#s ["synchrono"]})}
clojure.lang.Delay@4abc2544 DEBUG [synchrono.server.ws:35] - Adding subscription {:client-id "manifold.stream.SplicedStream@73a365ed", :subscription-id "sub:1", :filters ({:kinds [4444], :#s ["synchrono"]})}
clojure.lang.Delay@bb87805 INFO [synchrono.server.ws:203] - Found matching events for subscription {:subscription-id "sub:1", :event-count 5}
clojure.lang.Delay@1e92c579 DEBUG [synchrono.server.ws:207] - Sending event for subscription {:subscription-id "sub:1", :event-id "4b9a57c73eee3deb848df08d66241369c67766716203cc763a25ab5377941fe0", :event {:id "4b9a57c73eee3deb848df08d66241369c67766716203cc763a25ab5377941fe0", :pubkey "800e78c63707901e8f9dff820659e844efe92b329e9f24d6ea53aece315cbfe4", :created_at 1730982229, :kind 4444, :tags "[[\"s\",\"synchrono\"]]", :content "{\"id\":null,\"name\":\"synchrono.city\",\"about\":\"Everyone buys in for 100,000 satoshis by sending 0.001 BTC to me. \\nTransfer satoshis to other people by upvoting their entries. \\nWe each pay dues of 100 satoshis per day, so you better start hustling! \\nCash out any time; I will send BTC to you. \\nSo long as you leave enough satoshis to pay for 1 week of dues. \\nWin big in this marketplace for ideas! \",\"picture\":\"https://synchrono.city/JAMN.png\",\"initial-credit-balance-sat\":100000,\"minimum-withdrawal-sat\":7000,\"daily-fee-sat\":100,\"timezone\":\"UTC-08:00\"}", :sig "8fd5e97c2e2d7faba3dba5f561d77156d0fe731fb4259d8d9fcb75a4af690f8be8888d48c3ef2bde227c70f83dc416b54cc0d784810b617a7403736ea4120ce3"}}
clojure.lang.Delay@59eed703 DEBUG [synchrono.server.ws:83] - Attempting to send EVENT {:subscription-id "sub:1", :event-id "4b9a57c73eee3deb848df08d66241369c67766716203cc763a25ab5377941fe0", :client-id "manifold.stream.SplicedStream@73a365ed"}
clojure.lang.Delay@4e601774 DEBUG [synchrono.server.ws:88] - Normalized event for sending {:original {:id "4b9a57c73eee3deb848df08d66241369c67766716203cc763a25ab5377941fe0", :pubkey "800e78c63707901e8f9dff820659e844efe92b329e9f24d6ea53aece315cbfe4", :created_at 1730982229, :kind 4444, :tags "[[\"s\",\"synchrono\"]]", :content "{\"id\":null,\"name\":\"synchrono.city\",\"about\":\"Everyone buys in for 100,000 satoshis by sending 0.001 BTC to me. \\nTransfer satoshis to other people by upvoting their entries. \\nWe each pay dues of 100 satoshis per day, so you better start hustling! \\nCash out any time; I will send BTC to you. \\nSo long as you leave enough satoshis to pay for 1 week of dues. \\nWin big in this marketplace for ideas! \",\"picture\":\"https://synchrono.city/JAMN.png\",\"initial-credit-balance-sat\":100000,\"minimum-withdrawal-sat\":7000,\"daily-fee-sat\":100,\"timezone\":\"UTC-08:00\"}", :sig "8fd5e97c2e2d7faba3dba5f561d77156d0fe731fb4259d8d9fcb75a4af690f8be8888d48c3ef2bde227c70f83dc416b54cc0d784810b617a7403736ea4120ce3"}, :normalized #object[synchrono.server.ws$normalize_event$fn__22640 0x2c1e2c46 "synchrono.server.ws$normalize_event$fn__22640@2c1e2c46"]}
clojure.lang.Delay@660e26ee ERROR [synchrono.server.ws:57] - Failed to send message {:error "Cannot JSON encode object of class: class synchrono.server.ws$normalize_event$fn__22640: synchrono.server.ws$normalize_event$fn__22640@2c1e2c46", :error-type com.fasterxml.jackson.core.JsonGenerationException, :message ["EVENT" "sub:1" #object[synchrono.server.ws$normalize_event$fn__22640 0x2c1e2c46 "synchrono.server.ws$normalize_event$fn__22640@2c1e2c46"]], :client-id "manifold.stream.SplicedStream@73a365ed"}
clojure.lang.Delay@14dbf529 DEBUG [synchrono.server.ws:207] - Sending event for subscription {:subscription-id "sub:1", :event-id "20cba70f46e96dd1de7dadadd9eab404f187faa7f142d04ceb688880ab47fc30", :event {:id "20cba70f46e96dd1de7dadadd9eab404f187faa7f142d04ceb688880ab47fc30", :pubkey "800e78c63707901e8f9dff820659e844efe92b329e9f24d6ea53aece315cbfe4", :created_at 1730981067, :kind 4444, :tags "[[\"s\",\"synchrono\"]]", :content "{\"id\":null,\"name\":\"synchrono.city\",\"about\":\"Everyone buys in for 100,000 satoshis by sending 0.001 BTC to me. \\nTransfer satoshis to other people by upvoting their entries. \\nWe each pay dues of 100 satoshis per day, so you better start hustling! \\nCash out any time; I will send BTC to you. \\nSo long as you leave enough satoshis to pay for 1 week of dues. \\nWin big in this marketplace for ideas! \",\"picture\":\"https://synchrono.city/JAMN.png\",\"initial-credit-balance-sat\":100000,\"minimum-withdrawal-sat\":7000,\"daily-fee-sat\":100,\"timezone\":\"UTC-08:00\"}", :sig "151d534570d9d818fbfe33d0ecf3392c79f6ce6a5a951c42c154e8776f9ebf7529892958d29cd0c49d4aa294b6a4797cb910dd84085a9bd4ec68b7d879aebe54"}}
clojure.lang.Delay@1f6abd3e DEBUG [synchrono.server.ws:83] - Attempting to send EVENT {:subscription-id "sub:1", :event-id "20cba70f46e96dd1de7dadadd9eab404f187faa7f142d04ceb688880ab47fc30", :client-id "manifold.stream.SplicedStream@73a365ed"}
clojure.lang.Delay@7d23c120 DEBUG [synchrono.server.ws:88] - Normalized event for sending {:original {:id "20cba70f46e96dd1de7dadadd9eab404f187faa7f142d04ceb688880ab47fc30", :pubkey "800e78c63707901e8f9dff820659e844efe92b329e9f24d6ea53aece315cbfe4", :created_at 1730981067, :kind 4444, :tags "[[\"s\",\"synchrono\"]]", :content "{\"id\":null,\"name\":\"synchrono.city\",\"about\":\"Everyone buys in for 100,000 satoshis by sending 0.001 BTC to me. \\nTransfer satoshis to other people by upvoting their entries. \\nWe each pay dues of 100 satoshis per day, so you better start hustling! \\nCash out any time; I will send BTC to you. \\nSo long as you leave enough satoshis to pay for 1 week of dues. \\nWin big in this marketplace for ideas! \",\"picture\":\"https://synchrono.city/JAMN.png\",\"initial-credit-balance-sat\":100000,\"minimum-withdrawal-sat\":7000,\"daily-fee-sat\":100,\"timezone\":\"UTC-08:00\"}", :sig "151d534570d9d818fbfe33d0ecf3392c79f6ce6a5a951c42c154e8776f9ebf7529892958d29cd0c49d4aa294b6a4797cb910dd84085a9bd4ec68b7d879aebe54"}, :normalized #object[synchrono.server.ws$normalize_event$fn__22640 0x5594b63c "synchrono.server.ws$normalize_event$fn__22640@5594b63c"]}
clojure.lang.Delay@6a1bf087 ERROR [synchrono.server.ws:57] - Failed to send message {:error "Cannot JSON encode object of class: class synchrono.server.ws$normalize_event$fn__22640: synchrono.server.ws$normalize_event$fn__22640@5594b63c", :error-type com.fasterxml.jackson.core.JsonGenerationException, :message ["EVENT" "sub:1" #object[synchrono.server.ws$normalize_event$fn__22640 0x5594b63c "synchrono.server.ws$normalize_event$fn__22640@5594b63c"]], :client-id "manifold.stream.SplicedStream@73a365ed"}
clojure.lang.Delay@6a4feebb DEBUG [synchrono.server.ws:207] - Sending event for subscription {:subscription-id "sub:1", :event-id "5a24aab418cf86c0956802f0f5de81b9682d75db4d653abf603c015820306401", :event {:id "5a24aab418cf86c0956802f0f5de81b9682d75db4d653abf603c015820306401", :pubkey "800e78c63707901e8f9dff820659e844efe92b329e9f24d6ea53aece315cbfe4", :created_at 1730980824, :kind 4444, :tags "[[\"s\",\"synchrono\"]]", :content "{\"id\":null,\"name\":\"synchrono.city\",\"about\":\"Everyone buys in for 100,000 satoshis by sending 0.001 BTC to me. \\nTransfer satoshis to other people by upvoting their entries. \\nWe each pay dues of 100 satoshis per day, so you better start hustling! \\nCash out any time; I will send BTC to you. \\nSo long as you leave enough satoshis to pay for 1 week of dues. \\nWin big in this marketplace for ideas! \",\"picture\":\"https://synchrono.city/JAMN.png\",\"initial-credit-balance-sat\":100000,\"minimum-withdrawal-sat\":7000,\"daily-fee-sat\":100,\"timezone\":\"UTC-08:00\"}", :sig "980edfcac3469ec4062694368f65045ddf329e55da4c3dea3b48e2480216ed8c365a8451b809228f2362248e13c797afd278e05b3f68c51694f0a444fc209e5c"}}
clojure.lang.Delay@2e4a3cad DEBUG [synchrono.server.ws:83] - Attempting to send EVENT {:subscription-id "sub:1", :event-id "5a24aab418cf86c0956802f0f5de81b9682d75db4d653abf603c015820306401", :client-id "manifold.stream.SplicedStream@73a365ed"}
clojure.lang.Delay@654a1cd2 DEBUG [synchrono.server.ws:88] - Normalized event for sending {:original {:id "5a24aab418cf86c0956802f0f5de81b9682d75db4d653abf603c015820306401", :pubkey "800e78c63707901e8f9dff820659e844efe92b329e9f24d6ea53aece315cbfe4", :created_at 1730980824, :kind 4444, :tags "[[\"s\",\"synchrono\"]]", :content "{\"id\":null,\"name\":\"synchrono.city\",\"about\":\"Everyone buys in for 100,000 satoshis by sending 0.001 BTC to me. \\nTransfer satoshis to other people by upvoting their entries. \\nWe each pay dues of 100 satoshis per day, so you better start hustling! \\nCash out any time; I will send BTC to you. \\nSo long as you leave enough satoshis to pay for 1 week of dues. \\nWin big in this marketplace for ideas! \",\"picture\":\"https://synchrono.city/JAMN.png\",\"initial-credit-balance-sat\":100000,\"minimum-withdrawal-sat\":7000,\"daily-fee-sat\":100,\"timezone\":\"UTC-08:00\"}", :sig "980edfcac3469ec4062694368f65045ddf329e55da4c3dea3b48e2480216ed8c365a8451b809228f2362248e13c797afd278e05b3f68c51694f0a444fc209e5c"}, :normalized #object[synchrono.server.ws$normalize_event$fn__22640 0x571c59c9 "synchrono.server.ws$normalize_event$fn__22640@571c59c9"]}
clojure.lang.Delay@1d065ebe ERROR [synchrono.server.ws:57] - Failed to send message {:error "Cannot JSON encode object of class: class synchrono.server.ws$normalize_event$fn__22640: synchrono.server.ws$normalize_event$fn__22640@571c59c9", :error-type com.fasterxml.jackson.core.JsonGenerationException, :message ["EVENT" "sub:1" #object[synchrono.server.ws$normalize_event$fn__22640 0x571c59c9 "synchrono.server.ws$normalize_event$fn__22640@571c59c9"]], :client-id "manifold.stream.SplicedStream@73a365ed"}
clojure.lang.Delay@1054bc97 DEBUG [synchrono.server.ws:207] - Sending event for subscription {:subscription-id "sub:1", :event-id "d21e95e82856fa40c2b4a71d96110cb56fdda768a086bacd673af72d4e17465e", :event {:id "d21e95e82856fa40c2b4a71d96110cb56fdda768a086bacd673af72d4e17465e", :pubkey "800e78c63707901e8f9dff820659e844efe92b329e9f24d6ea53aece315cbfe4", :created_at 1730979951, :kind 4444, :tags "[[\"s\",\"synchrono\"]]", :content "{\"id\":null,\"name\":\"synchrono.city\",\"about\":\"Everyone buys in for 100,000 satoshis by sending 0.001 BTC to me. \\nTransfer satoshis to other people by upvoting their entries. \\nWe each pay dues of 100 satoshis per day, so you better start hustling! \\nCash out any time; I will send BTC to you. \\nSo long as you leave enough satoshis to pay for 1 week of dues. \\nWin big in this marketplace for ideas! \",\"picture\":\"https://synchrono.city/JAMN.png\",\"initial-credit-balance-sat\":100000,\"minimum-withdrawal-sat\":7000,\"daily-fee-sat\":100,\"timezone\":\"UTC-08:00\"}", :sig "6caf875b67c37126588d649815b7b46301ddce2f4d587adada939f8078946a4e4839744a8902acffde3f072cb5bb0798ec6d27a124c4e49f8ac48f9fed5a5f2b"}}
clojure.lang.Delay@da5f792 DEBUG [synchrono.server.ws:83] - Attempting to send EVENT {:subscription-id "sub:1", :event-id "d21e95e82856fa40c2b4a71d96110cb56fdda768a086bacd673af72d4e17465e", :client-id "manifold.stream.SplicedStream@73a365ed"}
clojure.lang.Delay@2d146a36 DEBUG [synchrono.server.ws:88] - Normalized event for sending {:original {:id "d21e95e82856fa40c2b4a71d96110cb56fdda768a086bacd673af72d4e17465e", :pubkey "800e78c63707901e8f9dff820659e844efe92b329e9f24d6ea53aece315cbfe4", :created_at 1730979951, :kind 4444, :tags "[[\"s\",\"synchrono\"]]", :content "{\"id\":null,\"name\":\"synchrono.city\",\"about\":\"Everyone buys in for 100,000 satoshis by sending 0.001 BTC to me. \\nTransfer satoshis to other people by upvoting their entries. \\nWe each pay dues of 100 satoshis per day, so you better start hustling! \\nCash out any time; I will send BTC to you. \\nSo long as you leave enough satoshis to pay for 1 week of dues. \\nWin big in this marketplace for ideas! \",\"picture\":\"https://synchrono.city/JAMN.png\",\"initial-credit-balance-sat\":100000,\"minimum-withdrawal-sat\":7000,\"daily-fee-sat\":100,\"timezone\":\"UTC-08:00\"}", :sig "6caf875b67c37126588d649815b7b46301ddce2f4d587adada939f8078946a4e4839744a8902acffde3f072cb5bb0798ec6d27a124c4e49f8ac48f9fed5a5f2b"}, :normalized #object[synchrono.server.ws$normalize_event$fn__22640 0x4e1e0e05 "synchrono.server.ws$normalize_event$fn__22640@4e1e0e05"]}
clojure.lang.Delay@644e6f77 ERROR [synchrono.server.ws:57] - Failed to send message {:error "Cannot JSON encode object of class: class synchrono.server.ws$normalize_event$fn__22640: synchrono.server.ws$normalize_event$fn__22640@4e1e0e05", :error-type com.fasterxml.jackson.core.JsonGenerationException, :message ["EVENT" "sub:1" #object[synchrono.server.ws$normalize_event$fn__22640 0x4e1e0e05 "synchrono.server.ws$normalize_event$fn__22640@4e1e0e05"]], :client-id "manifold.stream.SplicedStream@73a365ed"}
clojure.lang.Delay@160afd59 DEBUG [synchrono.server.ws:207] - Sending event for subscription {:subscription-id "sub:1", :event-id "c9b9018eadf6b01a7817408bab9cfb293a0e32505ed61788eafe9d9e33bda89a", :event {:id "c9b9018eadf6b01a7817408bab9cfb293a0e32505ed61788eafe9d9e33bda89a", :pubkey "800e78c63707901e8f9dff820659e844efe92b329e9f24d6ea53aece315cbfe4", :created_at 1730979124, :kind 4444, :tags "[[\"s\",\"synchrono\"]]", :content "{\"id\":null,\"name\":\"synchrono.city\",\"about\":\"Everyone buys in for 100,000 satoshis by sending 0.001 BTC to me. \\nTransfer satoshis to other people by upvoting their entries. \\nWe each pay dues of 100 satoshis per day, so you better start hustling! \\nCash out any time; I will send BTC to you. \\nSo long as you leave enough satoshis to pay for 1 week of dues. \\nWin big in this marketplace for ideas! \",\"picture\":\"https://synchrono.city/JAMN.png\",\"initial-credit-balance-sat\":100000,\"minimum-withdrawal-sat\":7000,\"daily-fee-sat\":100,\"timezone\":\"UTC-08:00\"}", :sig "ea34fad43440cfd538285224eeb283bef9c01abc7b6e4d019e5833d70baf8624d391c3c6fc3aca4024b2a7ee97f2c43a87269981a7dada3e413e1455cafcc673"}}
clojure.lang.Delay@1a549ee6 DEBUG [synchrono.server.ws:83] - Attempting to send EVENT {:subscription-id "sub:1", :event-id "c9b9018eadf6b01a7817408bab9cfb293a0e32505ed61788eafe9d9e33bda89a", :client-id "manifold.stream.SplicedStream@73a365ed"}
clojure.lang.Delay@7990fd15 DEBUG [synchrono.server.ws:88] - Normalized event for sending {:original {:id "c9b9018eadf6b01a7817408bab9cfb293a0e32505ed61788eafe9d9e33bda89a", :pubkey "800e78c63707901e8f9dff820659e844efe92b329e9f24d6ea53aece315cbfe4", :created_at 1730979124, :kind 4444, :tags "[[\"s\",\"synchrono\"]]", :content "{\"id\":null,\"name\":\"synchrono.city\",\"about\":\"Everyone buys in for 100,000 satoshis by sending 0.001 BTC to me. \\nTransfer satoshis to other people by upvoting their entries. \\nWe each pay dues of 100 satoshis per day, so you better start hustling! \\nCash out any time; I will send BTC to you. \\nSo long as you leave enough satoshis to pay for 1 week of dues. \\nWin big in this marketplace for ideas! \",\"picture\":\"https://synchrono.city/JAMN.png\",\"initial-credit-balance-sat\":100000,\"minimum-withdrawal-sat\":7000,\"daily-fee-sat\":100,\"timezone\":\"UTC-08:00\"}", :sig "ea34fad43440cfd538285224eeb283bef9c01abc7b6e4d019e5833d70baf8624d391c3c6fc3aca4024b2a7ee97f2c43a87269981a7dada3e413e1455cafcc673"}, :normalized #object[synchrono.server.ws$normalize_event$fn__22640 0x200865f1 "synchrono.server.ws$normalize_event$fn__22640@200865f1"]}
clojure.lang.Delay@3222741a ERROR [synchrono.server.ws:57] - Failed to send message {:error "Cannot JSON encode object of class: class synchrono.server.ws$normalize_event$fn__22640: synchrono.server.ws$normalize_event$fn__22640@200865f1", :error-type com.fasterxml.jackson.core.JsonGenerationException, :message ["EVENT" "sub:1" #object[synchrono.server.ws$normalize_event$fn__22640 0x200865f1 "synchrono.server.ws$normalize_event$fn__22640@200865f1"]], :client-id "manifold.stream.SplicedStream@73a365ed"}
clojure.lang.Delay@4c7150a8 DEBUG [synchrono.server.ws:212] - Sending EOSE for subscription {:subscription-id "sub:1"}
clojure.lang.Delay@4adde1a5 DEBUG [synchrono.server.ws:52] - Sending message to client {:message ["EOSE" "sub:1"], :client-id "manifold.stream.SplicedStream@73a365ed"}
clojure.lang.Delay@22a64940 INFO [synchrono.server.core:33] - [:get] /ws 404 - 171ms
clojure.lang.Delay@1ebabc70 DEBUG [synchrono.server.ws:240] - Received WebSocket message {:type "CLOSE", :params ("sub:1"), :raw-message "[\"CLOSE\",\"sub:1\"]"}
clojure.lang.Delay@3546be5d DEBUG [synchrono.server.ws:230] - Processing CLOSE message {:subscription-id "sub:1"}
clojure.lang.Delay@391e3c75 INFO [synchrono.server.core:70] - Initializing database
clojure.lang.Delay@78f1c9f5 INFO [synchrono.server.core:53] - Starting server on port 3000 in environment nil
clojure.lang.Delay@7abdb7cf INFO [synchrono.server.core:55] - Server started successfully - ready to accept connections
clojure.lang.Delay@197001b5 INFO [synchrono.server.core:33] - [:get] / 200 - 14ms
clojure.lang.Delay@6863863d INFO [synchrono.server.ws:281] - WebSocket connection established {:client-id "manifold.stream.SplicedStream@705c0495", :headers {"origin" "http://localhost:3000", "host" "localhost:3000", "upgrade" "websocket", "user-agent" "Mozilla/5.0 (Macintosh; Intel Mac OS X 10_15_7) AppleWebKit/537.36 (KHTML, like Gecko) Chrome/130.0.0.0 Safari/537.36", "cookie" "ring-session=ea3c4a1c-7dab-41bd-b09a-a684e37b5259", "connection" "Upgrade", "pragma" "no-cache", "sec-websocket-key" "QLdENhd0R07e5sXn18A+cA==", "accept-language" "en-US,en;q=0.9", "sec-websocket-version" "13", "accept-encoding" "gzip, deflate, br, zstd", "sec-websocket-extensions" "permessage-deflate; client_max_window_bits", "cache-control" "no-cache"}}
clojure.lang.Delay@73c41509 DEBUG [synchrono.server.ws:240] - Received WebSocket message {:type "REQ", :params ("sub:1" {:kinds [4444], :#s ["synchrono"]}), :raw-message "[\"REQ\",\"sub:1\",{\"kinds\":[4444],\"#s\":[\"synchrono\"]}]"}
clojure.lang.Delay@628c99ba DEBUG [synchrono.server.ws:195] - Processing REQ message {:subscription-id "sub:1", :filters ({:kinds [4444], :#s ["synchrono"]})}
clojure.lang.Delay@433e64ee DEBUG [synchrono.server.ws:35] - Adding subscription {:client-id "manifold.stream.SplicedStream@705c0495", :subscription-id "sub:1", :filters ({:kinds [4444], :#s ["synchrono"]})}
clojure.lang.Delay@1ed309a3 INFO [synchrono.server.ws:203] - Found matching events for subscription {:subscription-id "sub:1", :event-count 5}
clojure.lang.Delay@7390cd78 DEBUG [synchrono.server.ws:207] - Sending event for subscription {:subscription-id "sub:1", :event-id "4b9a57c73eee3deb848df08d66241369c67766716203cc763a25ab5377941fe0", :event {:id "4b9a57c73eee3deb848df08d66241369c67766716203cc763a25ab5377941fe0", :pubkey "800e78c63707901e8f9dff820659e844efe92b329e9f24d6ea53aece315cbfe4", :created_at 1730982229, :kind 4444, :tags "[[\"s\",\"synchrono\"]]", :content "{\"id\":null,\"name\":\"synchrono.city\",\"about\":\"Everyone buys in for 100,000 satoshis by sending 0.001 BTC to me. \\nTransfer satoshis to other people by upvoting their entries. \\nWe each pay dues of 100 satoshis per day, so you better start hustling! \\nCash out any time; I will send BTC to you. \\nSo long as you leave enough satoshis to pay for 1 week of dues. \\nWin big in this marketplace for ideas! \",\"picture\":\"https://synchrono.city/JAMN.png\",\"initial-credit-balance-sat\":100000,\"minimum-withdrawal-sat\":7000,\"daily-fee-sat\":100,\"timezone\":\"UTC-08:00\"}", :sig "8fd5e97c2e2d7faba3dba5f561d77156d0fe731fb4259d8d9fcb75a4af690f8be8888d48c3ef2bde227c70f83dc416b54cc0d784810b617a7403736ea4120ce3"}}
clojure.lang.Delay@44fd8328 DEBUG [synchrono.server.ws:83] - Attempting to send EVENT {:subscription-id "sub:1", :event-id "4b9a57c73eee3deb848df08d66241369c67766716203cc763a25ab5377941fe0", :client-id "manifold.stream.SplicedStream@705c0495"}
clojure.lang.Delay@1665cf28 DEBUG [synchrono.server.ws:88] - Normalized event for sending {:original {:id "4b9a57c73eee3deb848df08d66241369c67766716203cc763a25ab5377941fe0", :pubkey "800e78c63707901e8f9dff820659e844efe92b329e9f24d6ea53aece315cbfe4", :created_at 1730982229, :kind 4444, :tags "[[\"s\",\"synchrono\"]]", :content "{\"id\":null,\"name\":\"synchrono.city\",\"about\":\"Everyone buys in for 100,000 satoshis by sending 0.001 BTC to me. \\nTransfer satoshis to other people by upvoting their entries. \\nWe each pay dues of 100 satoshis per day, so you better start hustling! \\nCash out any time; I will send BTC to you. \\nSo long as you leave enough satoshis to pay for 1 week of dues. \\nWin big in this marketplace for ideas! \",\"picture\":\"https://synchrono.city/JAMN.png\",\"initial-credit-balance-sat\":100000,\"minimum-withdrawal-sat\":7000,\"daily-fee-sat\":100,\"timezone\":\"UTC-08:00\"}", :sig "8fd5e97c2e2d7faba3dba5f561d77156d0fe731fb4259d8d9fcb75a4af690f8be8888d48c3ef2bde227c70f83dc416b54cc0d784810b617a7403736ea4120ce3"}, :normalized {"id" "4b9a57c73eee3deb848df08d66241369c67766716203cc763a25ab5377941fe0", "pubkey" "800e78c63707901e8f9dff820659e844efe92b329e9f24d6ea53aece315cbfe4", "created_at" 1730982229, "kind" 4444, "tags" (["s" "synchrono"]), "content" "{\"id\":null,\"name\":\"synchrono.city\",\"about\":\"Everyone buys in for 100,000 satoshis by sending 0.001 BTC to me. \\nTransfer satoshis to other people by upvoting their entries. \\nWe each pay dues of 100 satoshis per day, so you better start hustling! \\nCash out any time; I will send BTC to you. \\nSo long as you leave enough satoshis to pay for 1 week of dues. \\nWin big in this marketplace for ideas! \",\"picture\":\"https://synchrono.city/JAMN.png\",\"initial-credit-balance-sat\":100000,\"minimum-withdrawal-sat\":7000,\"daily-fee-sat\":100,\"timezone\":\"UTC-08:00\"}", "sig" "8fd5e97c2e2d7faba3dba5f561d77156d0fe731fb4259d8d9fcb75a4af690f8be8888d48c3ef2bde227c70f83dc416b54cc0d784810b617a7403736ea4120ce3"}}
clojure.lang.Delay@5e531486 DEBUG [synchrono.server.ws:52] - Sending message to client {:message ["EVENT" "sub:1" {"id" "4b9a57c73eee3deb848df08d66241369c67766716203cc763a25ab5377941fe0", "pubkey" "800e78c63707901e8f9dff820659e844efe92b329e9f24d6ea53aece315cbfe4", "created_at" 1730982229, "kind" 4444, "tags" (["s" "synchrono"]), "content" "{\"id\":null,\"name\":\"synchrono.city\",\"about\":\"Everyone buys in for 100,000 satoshis by sending 0.001 BTC to me. \\nTransfer satoshis to other people by upvoting their entries. \\nWe each pay dues of 100 satoshis per day, so you better start hustling! \\nCash out any time; I will send BTC to you. \\nSo long as you leave enough satoshis to pay for 1 week of dues. \\nWin big in this marketplace for ideas! \",\"picture\":\"https://synchrono.city/JAMN.png\",\"initial-credit-balance-sat\":100000,\"minimum-withdrawal-sat\":7000,\"daily-fee-sat\":100,\"timezone\":\"UTC-08:00\"}", "sig" "8fd5e97c2e2d7faba3dba5f561d77156d0fe731fb4259d8d9fcb75a4af690f8be8888d48c3ef2bde227c70f83dc416b54cc0d784810b617a7403736ea4120ce3"}], :client-id "manifold.stream.SplicedStream@705c0495"}
clojure.lang.Delay@6b335788 DEBUG [synchrono.server.ws:207] - Sending event for subscription {:subscription-id "sub:1", :event-id "20cba70f46e96dd1de7dadadd9eab404f187faa7f142d04ceb688880ab47fc30", :event {:id "20cba70f46e96dd1de7dadadd9eab404f187faa7f142d04ceb688880ab47fc30", :pubkey "800e78c63707901e8f9dff820659e844efe92b329e9f24d6ea53aece315cbfe4", :created_at 1730981067, :kind 4444, :tags "[[\"s\",\"synchrono\"]]", :content "{\"id\":null,\"name\":\"synchrono.city\",\"about\":\"Everyone buys in for 100,000 satoshis by sending 0.001 BTC to me. \\nTransfer satoshis to other people by upvoting their entries. \\nWe each pay dues of 100 satoshis per day, so you better start hustling! \\nCash out any time; I will send BTC to you. \\nSo long as you leave enough satoshis to pay for 1 week of dues. \\nWin big in this marketplace for ideas! \",\"picture\":\"https://synchrono.city/JAMN.png\",\"initial-credit-balance-sat\":100000,\"minimum-withdrawal-sat\":7000,\"daily-fee-sat\":100,\"timezone\":\"UTC-08:00\"}", :sig "151d534570d9d818fbfe33d0ecf3392c79f6ce6a5a951c42c154e8776f9ebf7529892958d29cd0c49d4aa294b6a4797cb910dd84085a9bd4ec68b7d879aebe54"}}
clojure.lang.Delay@5ed5944c DEBUG [synchrono.server.ws:83] - Attempting to send EVENT {:subscription-id "sub:1", :event-id "20cba70f46e96dd1de7dadadd9eab404f187faa7f142d04ceb688880ab47fc30", :client-id "manifold.stream.SplicedStream@705c0495"}
clojure.lang.Delay@427137ec DEBUG [synchrono.server.ws:88] - Normalized event for sending {:original {:id "20cba70f46e96dd1de7dadadd9eab404f187faa7f142d04ceb688880ab47fc30", :pubkey "800e78c63707901e8f9dff820659e844efe92b329e9f24d6ea53aece315cbfe4", :created_at 1730981067, :kind 4444, :tags "[[\"s\",\"synchrono\"]]", :content "{\"id\":null,\"name\":\"synchrono.city\",\"about\":\"Everyone buys in for 100,000 satoshis by sending 0.001 BTC to me. \\nTransfer satoshis to other people by upvoting their entries. \\nWe each pay dues of 100 satoshis per day, so you better start hustling! \\nCash out any time; I will send BTC to you. \\nSo long as you leave enough satoshis to pay for 1 week of dues. \\nWin big in this marketplace for ideas! \",\"picture\":\"https://synchrono.city/JAMN.png\",\"initial-credit-balance-sat\":100000,\"minimum-withdrawal-sat\":7000,\"daily-fee-sat\":100,\"timezone\":\"UTC-08:00\"}", :sig "151d534570d9d818fbfe33d0ecf3392c79f6ce6a5a951c42c154e8776f9ebf7529892958d29cd0c49d4aa294b6a4797cb910dd84085a9bd4ec68b7d879aebe54"}, :normalized {"id" "20cba70f46e96dd1de7dadadd9eab404f187faa7f142d04ceb688880ab47fc30", "pubkey" "800e78c63707901e8f9dff820659e844efe92b329e9f24d6ea53aece315cbfe4", "created_at" 1730981067, "kind" 4444, "tags" (["s" "synchrono"]), "content" "{\"id\":null,\"name\":\"synchrono.city\",\"about\":\"Everyone buys in for 100,000 satoshis by sending 0.001 BTC to me. \\nTransfer satoshis to other people by upvoting their entries. \\nWe each pay dues of 100 satoshis per day, so you better start hustling! \\nCash out any time; I will send BTC to you. \\nSo long as you leave enough satoshis to pay for 1 week of dues. \\nWin big in this marketplace for ideas! \",\"picture\":\"https://synchrono.city/JAMN.png\",\"initial-credit-balance-sat\":100000,\"minimum-withdrawal-sat\":7000,\"daily-fee-sat\":100,\"timezone\":\"UTC-08:00\"}", "sig" "151d534570d9d818fbfe33d0ecf3392c79f6ce6a5a951c42c154e8776f9ebf7529892958d29cd0c49d4aa294b6a4797cb910dd84085a9bd4ec68b7d879aebe54"}}
clojure.lang.Delay@395cc111 DEBUG [synchrono.server.ws:52] - Sending message to client {:message ["EVENT" "sub:1" {"id" "20cba70f46e96dd1de7dadadd9eab404f187faa7f142d04ceb688880ab47fc30", "pubkey" "800e78c63707901e8f9dff820659e844efe92b329e9f24d6ea53aece315cbfe4", "created_at" 1730981067, "kind" 4444, "tags" (["s" "synchrono"]), "content" "{\"id\":null,\"name\":\"synchrono.city\",\"about\":\"Everyone buys in for 100,000 satoshis by sending 0.001 BTC to me. \\nTransfer satoshis to other people by upvoting their entries. \\nWe each pay dues of 100 satoshis per day, so you better start hustling! \\nCash out any time; I will send BTC to you. \\nSo long as you leave enough satoshis to pay for 1 week of dues. \\nWin big in this marketplace for ideas! \",\"picture\":\"https://synchrono.city/JAMN.png\",\"initial-credit-balance-sat\":100000,\"minimum-withdrawal-sat\":7000,\"daily-fee-sat\":100,\"timezone\":\"UTC-08:00\"}", "sig" "151d534570d9d818fbfe33d0ecf3392c79f6ce6a5a951c42c154e8776f9ebf7529892958d29cd0c49d4aa294b6a4797cb910dd84085a9bd4ec68b7d879aebe54"}], :client-id "manifold.stream.SplicedStream@705c0495"}
clojure.lang.Delay@306cbf31 DEBUG [synchrono.server.ws:207] - Sending event for subscription {:subscription-id "sub:1", :event-id "5a24aab418cf86c0956802f0f5de81b9682d75db4d653abf603c015820306401", :event {:id "5a24aab418cf86c0956802f0f5de81b9682d75db4d653abf603c015820306401", :pubkey "800e78c63707901e8f9dff820659e844efe92b329e9f24d6ea53aece315cbfe4", :created_at 1730980824, :kind 4444, :tags "[[\"s\",\"synchrono\"]]", :content "{\"id\":null,\"name\":\"synchrono.city\",\"about\":\"Everyone buys in for 100,000 satoshis by sending 0.001 BTC to me. \\nTransfer satoshis to other people by upvoting their entries. \\nWe each pay dues of 100 satoshis per day, so you better start hustling! \\nCash out any time; I will send BTC to you. \\nSo long as you leave enough satoshis to pay for 1 week of dues. \\nWin big in this marketplace for ideas! \",\"picture\":\"https://synchrono.city/JAMN.png\",\"initial-credit-balance-sat\":100000,\"minimum-withdrawal-sat\":7000,\"daily-fee-sat\":100,\"timezone\":\"UTC-08:00\"}", :sig "980edfcac3469ec4062694368f65045ddf329e55da4c3dea3b48e2480216ed8c365a8451b809228f2362248e13c797afd278e05b3f68c51694f0a444fc209e5c"}}
clojure.lang.Delay@5503ad34 DEBUG [synchrono.server.ws:83] - Attempting to send EVENT {:subscription-id "sub:1", :event-id "5a24aab418cf86c0956802f0f5de81b9682d75db4d653abf603c015820306401", :client-id "manifold.stream.SplicedStream@705c0495"}
clojure.lang.Delay@7d6744c3 DEBUG [synchrono.server.ws:88] - Normalized event for sending {:original {:id "5a24aab418cf86c0956802f0f5de81b9682d75db4d653abf603c015820306401", :pubkey "800e78c63707901e8f9dff820659e844efe92b329e9f24d6ea53aece315cbfe4", :created_at 1730980824, :kind 4444, :tags "[[\"s\",\"synchrono\"]]", :content "{\"id\":null,\"name\":\"synchrono.city\",\"about\":\"Everyone buys in for 100,000 satoshis by sending 0.001 BTC to me. \\nTransfer satoshis to other people by upvoting their entries. \\nWe each pay dues of 100 satoshis per day, so you better start hustling! \\nCash out any time; I will send BTC to you. \\nSo long as you leave enough satoshis to pay for 1 week of dues. \\nWin big in this marketplace for ideas! \",\"picture\":\"https://synchrono.city/JAMN.png\",\"initial-credit-balance-sat\":100000,\"minimum-withdrawal-sat\":7000,\"daily-fee-sat\":100,\"timezone\":\"UTC-08:00\"}", :sig "980edfcac3469ec4062694368f65045ddf329e55da4c3dea3b48e2480216ed8c365a8451b809228f2362248e13c797afd278e05b3f68c51694f0a444fc209e5c"}, :normalized {"id" "5a24aab418cf86c0956802f0f5de81b9682d75db4d653abf603c015820306401", "pubkey" "800e78c63707901e8f9dff820659e844efe92b329e9f24d6ea53aece315cbfe4", "created_at" 1730980824, "kind" 4444, "tags" (["s" "synchrono"]), "content" "{\"id\":null,\"name\":\"synchrono.city\",\"about\":\"Everyone buys in for 100,000 satoshis by sending 0.001 BTC to me. \\nTransfer satoshis to other people by upvoting their entries. \\nWe each pay dues of 100 satoshis per day, so you better start hustling! \\nCash out any time; I will send BTC to you. \\nSo long as you leave enough satoshis to pay for 1 week of dues. \\nWin big in this marketplace for ideas! \",\"picture\":\"https://synchrono.city/JAMN.png\",\"initial-credit-balance-sat\":100000,\"minimum-withdrawal-sat\":7000,\"daily-fee-sat\":100,\"timezone\":\"UTC-08:00\"}", "sig" "980edfcac3469ec4062694368f65045ddf329e55da4c3dea3b48e2480216ed8c365a8451b809228f2362248e13c797afd278e05b3f68c51694f0a444fc209e5c"}}
clojure.lang.Delay@18e1393d DEBUG [synchrono.server.ws:52] - Sending message to client {:message ["EVENT" "sub:1" {"id" "5a24aab418cf86c0956802f0f5de81b9682d75db4d653abf603c015820306401", "pubkey" "800e78c63707901e8f9dff820659e844efe92b329e9f24d6ea53aece315cbfe4", "created_at" 1730980824, "kind" 4444, "tags" (["s" "synchrono"]), "content" "{\"id\":null,\"name\":\"synchrono.city\",\"about\":\"Everyone buys in for 100,000 satoshis by sending 0.001 BTC to me. \\nTransfer satoshis to other people by upvoting their entries. \\nWe each pay dues of 100 satoshis per day, so you better start hustling! \\nCash out any time; I will send BTC to you. \\nSo long as you leave enough satoshis to pay for 1 week of dues. \\nWin big in this marketplace for ideas! \",\"picture\":\"https://synchrono.city/JAMN.png\",\"initial-credit-balance-sat\":100000,\"minimum-withdrawal-sat\":7000,\"daily-fee-sat\":100,\"timezone\":\"UTC-08:00\"}", "sig" "980edfcac3469ec4062694368f65045ddf329e55da4c3dea3b48e2480216ed8c365a8451b809228f2362248e13c797afd278e05b3f68c51694f0a444fc209e5c"}], :client-id "manifold.stream.SplicedStream@705c0495"}
clojure.lang.Delay@3aca108a DEBUG [synchrono.server.ws:207] - Sending event for subscription {:subscription-id "sub:1", :event-id "d21e95e82856fa40c2b4a71d96110cb56fdda768a086bacd673af72d4e17465e", :event {:id "d21e95e82856fa40c2b4a71d96110cb56fdda768a086bacd673af72d4e17465e", :pubkey "800e78c63707901e8f9dff820659e844efe92b329e9f24d6ea53aece315cbfe4", :created_at 1730979951, :kind 4444, :tags "[[\"s\",\"synchrono\"]]", :content "{\"id\":null,\"name\":\"synchrono.city\",\"about\":\"Everyone buys in for 100,000 satoshis by sending 0.001 BTC to me. \\nTransfer satoshis to other people by upvoting their entries. \\nWe each pay dues of 100 satoshis per day, so you better start hustling! \\nCash out any time; I will send BTC to you. \\nSo long as you leave enough satoshis to pay for 1 week of dues. \\nWin big in this marketplace for ideas! \",\"picture\":\"https://synchrono.city/JAMN.png\",\"initial-credit-balance-sat\":100000,\"minimum-withdrawal-sat\":7000,\"daily-fee-sat\":100,\"timezone\":\"UTC-08:00\"}", :sig "6caf875b67c37126588d649815b7b46301ddce2f4d587adada939f8078946a4e4839744a8902acffde3f072cb5bb0798ec6d27a124c4e49f8ac48f9fed5a5f2b"}}
clojure.lang.Delay@7617d2da DEBUG [synchrono.server.ws:83] - Attempting to send EVENT {:subscription-id "sub:1", :event-id "d21e95e82856fa40c2b4a71d96110cb56fdda768a086bacd673af72d4e17465e", :client-id "manifold.stream.SplicedStream@705c0495"}
clojure.lang.Delay@5eda4555 DEBUG [synchrono.server.ws:88] - Normalized event for sending {:original {:id "d21e95e82856fa40c2b4a71d96110cb56fdda768a086bacd673af72d4e17465e", :pubkey "800e78c63707901e8f9dff820659e844efe92b329e9f24d6ea53aece315cbfe4", :created_at 1730979951, :kind 4444, :tags "[[\"s\",\"synchrono\"]]", :content "{\"id\":null,\"name\":\"synchrono.city\",\"about\":\"Everyone buys in for 100,000 satoshis by sending 0.001 BTC to me. \\nTransfer satoshis to other people by upvoting their entries. \\nWe each pay dues of 100 satoshis per day, so you better start hustling! \\nCash out any time; I will send BTC to you. \\nSo long as you leave enough satoshis to pay for 1 week of dues. \\nWin big in this marketplace for ideas! \",\"picture\":\"https://synchrono.city/JAMN.png\",\"initial-credit-balance-sat\":100000,\"minimum-withdrawal-sat\":7000,\"daily-fee-sat\":100,\"timezone\":\"UTC-08:00\"}", :sig "6caf875b67c37126588d649815b7b46301ddce2f4d587adada939f8078946a4e4839744a8902acffde3f072cb5bb0798ec6d27a124c4e49f8ac48f9fed5a5f2b"}, :normalized {"id" "d21e95e82856fa40c2b4a71d96110cb56fdda768a086bacd673af72d4e17465e", "pubkey" "800e78c63707901e8f9dff820659e844efe92b329e9f24d6ea53aece315cbfe4", "created_at" 1730979951, "kind" 4444, "tags" (["s" "synchrono"]), "content" "{\"id\":null,\"name\":\"synchrono.city\",\"about\":\"Everyone buys in for 100,000 satoshis by sending 0.001 BTC to me. \\nTransfer satoshis to other people by upvoting their entries. \\nWe each pay dues of 100 satoshis per day, so you better start hustling! \\nCash out any time; I will send BTC to you. \\nSo long as you leave enough satoshis to pay for 1 week of dues. \\nWin big in this marketplace for ideas! \",\"picture\":\"https://synchrono.city/JAMN.png\",\"initial-credit-balance-sat\":100000,\"minimum-withdrawal-sat\":7000,\"daily-fee-sat\":100,\"timezone\":\"UTC-08:00\"}", "sig" "6caf875b67c37126588d649815b7b46301ddce2f4d587adada939f8078946a4e4839744a8902acffde3f072cb5bb0798ec6d27a124c4e49f8ac48f9fed5a5f2b"}}
clojure.lang.Delay@47e9abf5 DEBUG [synchrono.server.ws:52] - Sending message to client {:message ["EVENT" "sub:1" {"id" "d21e95e82856fa40c2b4a71d96110cb56fdda768a086bacd673af72d4e17465e", "pubkey" "800e78c63707901e8f9dff820659e844efe92b329e9f24d6ea53aece315cbfe4", "created_at" 1730979951, "kind" 4444, "tags" (["s" "synchrono"]), "content" "{\"id\":null,\"name\":\"synchrono.city\",\"about\":\"Everyone buys in for 100,000 satoshis by sending 0.001 BTC to me. \\nTransfer satoshis to other people by upvoting their entries. \\nWe each pay dues of 100 satoshis per day, so you better start hustling! \\nCash out any time; I will send BTC to you. \\nSo long as you leave enough satoshis to pay for 1 week of dues. \\nWin big in this marketplace for ideas! \",\"picture\":\"https://synchrono.city/JAMN.png\",\"initial-credit-balance-sat\":100000,\"minimum-withdrawal-sat\":7000,\"daily-fee-sat\":100,\"timezone\":\"UTC-08:00\"}", "sig" "6caf875b67c37126588d649815b7b46301ddce2f4d587adada939f8078946a4e4839744a8902acffde3f072cb5bb0798ec6d27a124c4e49f8ac48f9fed5a5f2b"}], :client-id "manifold.stream.SplicedStream@705c0495"}
clojure.lang.Delay@2b7e418f DEBUG [synchrono.server.ws:207] - Sending event for subscription {:subscription-id "sub:1", :event-id "c9b9018eadf6b01a7817408bab9cfb293a0e32505ed61788eafe9d9e33bda89a", :event {:id "c9b9018eadf6b01a7817408bab9cfb293a0e32505ed61788eafe9d9e33bda89a", :pubkey "800e78c63707901e8f9dff820659e844efe92b329e9f24d6ea53aece315cbfe4", :created_at 1730979124, :kind 4444, :tags "[[\"s\",\"synchrono\"]]", :content "{\"id\":null,\"name\":\"synchrono.city\",\"about\":\"Everyone buys in for 100,000 satoshis by sending 0.001 BTC to me. \\nTransfer satoshis to other people by upvoting their entries. \\nWe each pay dues of 100 satoshis per day, so you better start hustling! \\nCash out any time; I will send BTC to you. \\nSo long as you leave enough satoshis to pay for 1 week of dues. \\nWin big in this marketplace for ideas! \",\"picture\":\"https://synchrono.city/JAMN.png\",\"initial-credit-balance-sat\":100000,\"minimum-withdrawal-sat\":7000,\"daily-fee-sat\":100,\"timezone\":\"UTC-08:00\"}", :sig "ea34fad43440cfd538285224eeb283bef9c01abc7b6e4d019e5833d70baf8624d391c3c6fc3aca4024b2a7ee97f2c43a87269981a7dada3e413e1455cafcc673"}}
clojure.lang.Delay@3eb99491 DEBUG [synchrono.server.ws:83] - Attempting to send EVENT {:subscription-id "sub:1", :event-id "c9b9018eadf6b01a7817408bab9cfb293a0e32505ed61788eafe9d9e33bda89a", :client-id "manifold.stream.SplicedStream@705c0495"}
clojure.lang.Delay@bd79de DEBUG [synchrono.server.ws:88] - Normalized event for sending {:original {:id "c9b9018eadf6b01a7817408bab9cfb293a0e32505ed61788eafe9d9e33bda89a", :pubkey "800e78c63707901e8f9dff820659e844efe92b329e9f24d6ea53aece315cbfe4", :created_at 1730979124, :kind 4444, :tags "[[\"s\",\"synchrono\"]]", :content "{\"id\":null,\"name\":\"synchrono.city\",\"about\":\"Everyone buys in for 100,000 satoshis by sending 0.001 BTC to me. \\nTransfer satoshis to other people by upvoting their entries. \\nWe each pay dues of 100 satoshis per day, so you better start hustling! \\nCash out any time; I will send BTC to you. \\nSo long as you leave enough satoshis to pay for 1 week of dues. \\nWin big in this marketplace for ideas! \",\"picture\":\"https://synchrono.city/JAMN.png\",\"initial-credit-balance-sat\":100000,\"minimum-withdrawal-sat\":7000,\"daily-fee-sat\":100,\"timezone\":\"UTC-08:00\"}", :sig "ea34fad43440cfd538285224eeb283bef9c01abc7b6e4d019e5833d70baf8624d391c3c6fc3aca4024b2a7ee97f2c43a87269981a7dada3e413e1455cafcc673"}, :normalized {"id" "c9b9018eadf6b01a7817408bab9cfb293a0e32505ed61788eafe9d9e33bda89a", "pubkey" "800e78c63707901e8f9dff820659e844efe92b329e9f24d6ea53aece315cbfe4", "created_at" 1730979124, "kind" 4444, "tags" (["s" "synchrono"]), "content" "{\"id\":null,\"name\":\"synchrono.city\",\"about\":\"Everyone buys in for 100,000 satoshis by sending 0.001 BTC to me. \\nTransfer satoshis to other people by upvoting their entries. \\nWe each pay dues of 100 satoshis per day, so you better start hustling! \\nCash out any time; I will send BTC to you. \\nSo long as you leave enough satoshis to pay for 1 week of dues. \\nWin big in this marketplace for ideas! \",\"picture\":\"https://synchrono.city/JAMN.png\",\"initial-credit-balance-sat\":100000,\"minimum-withdrawal-sat\":7000,\"daily-fee-sat\":100,\"timezone\":\"UTC-08:00\"}", "sig" "ea34fad43440cfd538285224eeb283bef9c01abc7b6e4d019e5833d70baf8624d391c3c6fc3aca4024b2a7ee97f2c43a87269981a7dada3e413e1455cafcc673"}}
clojure.lang.Delay@1c80d31b DEBUG [synchrono.server.ws:52] - Sending message to client {:message ["EVENT" "sub:1" {"id" "c9b9018eadf6b01a7817408bab9cfb293a0e32505ed61788eafe9d9e33bda89a", "pubkey" "800e78c63707901e8f9dff820659e844efe92b329e9f24d6ea53aece315cbfe4", "created_at" 1730979124, "kind" 4444, "tags" (["s" "synchrono"]), "content" "{\"id\":null,\"name\":\"synchrono.city\",\"about\":\"Everyone buys in for 100,000 satoshis by sending 0.001 BTC to me. \\nTransfer satoshis to other people by upvoting their entries. \\nWe each pay dues of 100 satoshis per day, so you better start hustling! \\nCash out any time; I will send BTC to you. \\nSo long as you leave enough satoshis to pay for 1 week of dues. \\nWin big in this marketplace for ideas! \",\"picture\":\"https://synchrono.city/JAMN.png\",\"initial-credit-balance-sat\":100000,\"minimum-withdrawal-sat\":7000,\"daily-fee-sat\":100,\"timezone\":\"UTC-08:00\"}", "sig" "ea34fad43440cfd538285224eeb283bef9c01abc7b6e4d019e5833d70baf8624d391c3c6fc3aca4024b2a7ee97f2c43a87269981a7dada3e413e1455cafcc673"}], :client-id "manifold.stream.SplicedStream@705c0495"}
clojure.lang.Delay@5b6fcbf5 DEBUG [synchrono.server.ws:212] - Sending EOSE for subscription {:subscription-id "sub:1"}
clojure.lang.Delay@1f41fad6 DEBUG [synchrono.server.ws:52] - Sending message to client {:message ["EOSE" "sub:1"], :client-id "manifold.stream.SplicedStream@705c0495"}
clojure.lang.Delay@55f09bf2 DEBUG [synchrono.server.ws:240] - Received WebSocket message {:type "CLOSE", :params ("sub:1"), :raw-message "[\"CLOSE\",\"sub:1\"]"}
clojure.lang.Delay@6eaf594d DEBUG [synchrono.server.ws:230] - Processing CLOSE message {:subscription-id "sub:1"}
clojure.lang.Delay@3d5670f7 INFO [synchrono.server.core:33] - [:get] /ws 404 - 217ms
clojure.lang.Delay@9033195 INFO [synchrono.server.core:33] - [:get] / 200 - 3ms
clojure.lang.Delay@4527298d INFO [synchrono.server.ws:288] - WebSocket connection closed {:client-id "manifold.stream.SplicedStream@705c0495"}
clojure.lang.Delay@3e1d50be INFO [synchrono.server.ws:281] - WebSocket connection established {:client-id "manifold.stream.SplicedStream@4ee5722d", :headers {"origin" "http://localhost:3000", "host" "localhost:3000", "upgrade" "websocket", "user-agent" "Mozilla/5.0 (Macintosh; Intel Mac OS X 10_15_7) AppleWebKit/537.36 (KHTML, like Gecko) Chrome/130.0.0.0 Safari/537.36", "cookie" "ring-session=ea3c4a1c-7dab-41bd-b09a-a684e37b5259", "connection" "Upgrade", "pragma" "no-cache", "sec-websocket-key" "oUQFb9ZVTloB8f6D6cI63A==", "accept-language" "en-US,en;q=0.9", "sec-websocket-version" "13", "accept-encoding" "gzip, deflate, br, zstd", "sec-websocket-extensions" "permessage-deflate; client_max_window_bits", "cache-control" "no-cache"}}
clojure.lang.Delay@38a71915 DEBUG [synchrono.server.ws:240] - Received WebSocket message {:type "REQ", :params ("sub:1" {:kinds [4444], :#s ["synchrono"]}), :raw-message "[\"REQ\",\"sub:1\",{\"kinds\":[4444],\"#s\":[\"synchrono\"]}]"}
clojure.lang.Delay@5e3a3e85 DEBUG [synchrono.server.ws:195] - Processing REQ message {:subscription-id "sub:1", :filters ({:kinds [4444], :#s ["synchrono"]})}
clojure.lang.Delay@4719394d DEBUG [synchrono.server.ws:35] - Adding subscription {:client-id "manifold.stream.SplicedStream@4ee5722d", :subscription-id "sub:1", :filters ({:kinds [4444], :#s ["synchrono"]})}
clojure.lang.Delay@3e3c20db INFO [synchrono.server.ws:203] - Found matching events for subscription {:subscription-id "sub:1", :event-count 5}
clojure.lang.Delay@57c053c4 DEBUG [synchrono.server.ws:207] - Sending event for subscription {:subscription-id "sub:1", :event-id "4b9a57c73eee3deb848df08d66241369c67766716203cc763a25ab5377941fe0", :event {:id "4b9a57c73eee3deb848df08d66241369c67766716203cc763a25ab5377941fe0", :pubkey "800e78c63707901e8f9dff820659e844efe92b329e9f24d6ea53aece315cbfe4", :created_at 1730982229, :kind 4444, :tags "[[\"s\",\"synchrono\"]]", :content "{\"id\":null,\"name\":\"synchrono.city\",\"about\":\"Everyone buys in for 100,000 satoshis by sending 0.001 BTC to me. \\nTransfer satoshis to other people by upvoting their entries. \\nWe each pay dues of 100 satoshis per day, so you better start hustling! \\nCash out any time; I will send BTC to you. \\nSo long as you leave enough satoshis to pay for 1 week of dues. \\nWin big in this marketplace for ideas! \",\"picture\":\"https://synchrono.city/JAMN.png\",\"initial-credit-balance-sat\":100000,\"minimum-withdrawal-sat\":7000,\"daily-fee-sat\":100,\"timezone\":\"UTC-08:00\"}", :sig "8fd5e97c2e2d7faba3dba5f561d77156d0fe731fb4259d8d9fcb75a4af690f8be8888d48c3ef2bde227c70f83dc416b54cc0d784810b617a7403736ea4120ce3"}}
clojure.lang.Delay@31700063 DEBUG [synchrono.server.ws:83] - Attempting to send EVENT {:subscription-id "sub:1", :event-id "4b9a57c73eee3deb848df08d66241369c67766716203cc763a25ab5377941fe0", :client-id "manifold.stream.SplicedStream@4ee5722d"}
clojure.lang.Delay@32a89dee DEBUG [synchrono.server.ws:88] - Normalized event for sending {:original {:id "4b9a57c73eee3deb848df08d66241369c67766716203cc763a25ab5377941fe0", :pubkey "800e78c63707901e8f9dff820659e844efe92b329e9f24d6ea53aece315cbfe4", :created_at 1730982229, :kind 4444, :tags "[[\"s\",\"synchrono\"]]", :content "{\"id\":null,\"name\":\"synchrono.city\",\"about\":\"Everyone buys in for 100,000 satoshis by sending 0.001 BTC to me. \\nTransfer satoshis to other people by upvoting their entries. \\nWe each pay dues of 100 satoshis per day, so you better start hustling! \\nCash out any time; I will send BTC to you. \\nSo long as you leave enough satoshis to pay for 1 week of dues. \\nWin big in this marketplace for ideas! \",\"picture\":\"https://synchrono.city/JAMN.png\",\"initial-credit-balance-sat\":100000,\"minimum-withdrawal-sat\":7000,\"daily-fee-sat\":100,\"timezone\":\"UTC-08:00\"}", :sig "8fd5e97c2e2d7faba3dba5f561d77156d0fe731fb4259d8d9fcb75a4af690f8be8888d48c3ef2bde227c70f83dc416b54cc0d784810b617a7403736ea4120ce3"}, :normalized {"id" "4b9a57c73eee3deb848df08d66241369c67766716203cc763a25ab5377941fe0", "pubkey" "800e78c63707901e8f9dff820659e844efe92b329e9f24d6ea53aece315cbfe4", "created_at" 1730982229, "kind" 4444, "tags" (["s" "synchrono"]), "content" "{\"id\":null,\"name\":\"synchrono.city\",\"about\":\"Everyone buys in for 100,000 satoshis by sending 0.001 BTC to me. \\nTransfer satoshis to other people by upvoting their entries. \\nWe each pay dues of 100 satoshis per day, so you better start hustling! \\nCash out any time; I will send BTC to you. \\nSo long as you leave enough satoshis to pay for 1 week of dues. \\nWin big in this marketplace for ideas! \",\"picture\":\"https://synchrono.city/JAMN.png\",\"initial-credit-balance-sat\":100000,\"minimum-withdrawal-sat\":7000,\"daily-fee-sat\":100,\"timezone\":\"UTC-08:00\"}", "sig" "8fd5e97c2e2d7faba3dba5f561d77156d0fe731fb4259d8d9fcb75a4af690f8be8888d48c3ef2bde227c70f83dc416b54cc0d784810b617a7403736ea4120ce3"}}
clojure.lang.Delay@78788bcb DEBUG [synchrono.server.ws:52] - Sending message to client {:message ["EVENT" "sub:1" {"id" "4b9a57c73eee3deb848df08d66241369c67766716203cc763a25ab5377941fe0", "pubkey" "800e78c63707901e8f9dff820659e844efe92b329e9f24d6ea53aece315cbfe4", "created_at" 1730982229, "kind" 4444, "tags" (["s" "synchrono"]), "content" "{\"id\":null,\"name\":\"synchrono.city\",\"about\":\"Everyone buys in for 100,000 satoshis by sending 0.001 BTC to me. \\nTransfer satoshis to other people by upvoting their entries. \\nWe each pay dues of 100 satoshis per day, so you better start hustling! \\nCash out any time; I will send BTC to you. \\nSo long as you leave enough satoshis to pay for 1 week of dues. \\nWin big in this marketplace for ideas! \",\"picture\":\"https://synchrono.city/JAMN.png\",\"initial-credit-balance-sat\":100000,\"minimum-withdrawal-sat\":7000,\"daily-fee-sat\":100,\"timezone\":\"UTC-08:00\"}", "sig" "8fd5e97c2e2d7faba3dba5f561d77156d0fe731fb4259d8d9fcb75a4af690f8be8888d48c3ef2bde227c70f83dc416b54cc0d784810b617a7403736ea4120ce3"}], :client-id "manifold.stream.SplicedStream@4ee5722d"}
clojure.lang.Delay@1152d34d DEBUG [synchrono.server.ws:207] - Sending event for subscription {:subscription-id "sub:1", :event-id "20cba70f46e96dd1de7dadadd9eab404f187faa7f142d04ceb688880ab47fc30", :event {:id "20cba70f46e96dd1de7dadadd9eab404f187faa7f142d04ceb688880ab47fc30", :pubkey "800e78c63707901e8f9dff820659e844efe92b329e9f24d6ea53aece315cbfe4", :created_at 1730981067, :kind 4444, :tags "[[\"s\",\"synchrono\"]]", :content "{\"id\":null,\"name\":\"synchrono.city\",\"about\":\"Everyone buys in for 100,000 satoshis by sending 0.001 BTC to me. \\nTransfer satoshis to other people by upvoting their entries. \\nWe each pay dues of 100 satoshis per day, so you better start hustling! \\nCash out any time; I will send BTC to you. \\nSo long as you leave enough satoshis to pay for 1 week of dues. \\nWin big in this marketplace for ideas! \",\"picture\":\"https://synchrono.city/JAMN.png\",\"initial-credit-balance-sat\":100000,\"minimum-withdrawal-sat\":7000,\"daily-fee-sat\":100,\"timezone\":\"UTC-08:00\"}", :sig "151d534570d9d818fbfe33d0ecf3392c79f6ce6a5a951c42c154e8776f9ebf7529892958d29cd0c49d4aa294b6a4797cb910dd84085a9bd4ec68b7d879aebe54"}}
clojure.lang.Delay@4772521f DEBUG [synchrono.server.ws:83] - Attempting to send EVENT {:subscription-id "sub:1", :event-id "20cba70f46e96dd1de7dadadd9eab404f187faa7f142d04ceb688880ab47fc30", :client-id "manifold.stream.SplicedStream@4ee5722d"}
clojure.lang.Delay@7329721e DEBUG [synchrono.server.ws:88] - Normalized event for sending {:original {:id "20cba70f46e96dd1de7dadadd9eab404f187faa7f142d04ceb688880ab47fc30", :pubkey "800e78c63707901e8f9dff820659e844efe92b329e9f24d6ea53aece315cbfe4", :created_at 1730981067, :kind 4444, :tags "[[\"s\",\"synchrono\"]]", :content "{\"id\":null,\"name\":\"synchrono.city\",\"about\":\"Everyone buys in for 100,000 satoshis by sending 0.001 BTC to me. \\nTransfer satoshis to other people by upvoting their entries. \\nWe each pay dues of 100 satoshis per day, so you better start hustling! \\nCash out any time; I will send BTC to you. \\nSo long as you leave enough satoshis to pay for 1 week of dues. \\nWin big in this marketplace for ideas! \",\"picture\":\"https://synchrono.city/JAMN.png\",\"initial-credit-balance-sat\":100000,\"minimum-withdrawal-sat\":7000,\"daily-fee-sat\":100,\"timezone\":\"UTC-08:00\"}", :sig "151d534570d9d818fbfe33d0ecf3392c79f6ce6a5a951c42c154e8776f9ebf7529892958d29cd0c49d4aa294b6a4797cb910dd84085a9bd4ec68b7d879aebe54"}, :normalized {"id" "20cba70f46e96dd1de7dadadd9eab404f187faa7f142d04ceb688880ab47fc30", "pubkey" "800e78c63707901e8f9dff820659e844efe92b329e9f24d6ea53aece315cbfe4", "created_at" 1730981067, "kind" 4444, "tags" (["s" "synchrono"]), "content" "{\"id\":null,\"name\":\"synchrono.city\",\"about\":\"Everyone buys in for 100,000 satoshis by sending 0.001 BTC to me. \\nTransfer satoshis to other people by upvoting their entries. \\nWe each pay dues of 100 satoshis per day, so you better start hustling! \\nCash out any time; I will send BTC to you. \\nSo long as you leave enough satoshis to pay for 1 week of dues. \\nWin big in this marketplace for ideas! \",\"picture\":\"https://synchrono.city/JAMN.png\",\"initial-credit-balance-sat\":100000,\"minimum-withdrawal-sat\":7000,\"daily-fee-sat\":100,\"timezone\":\"UTC-08:00\"}", "sig" "151d534570d9d818fbfe33d0ecf3392c79f6ce6a5a951c42c154e8776f9ebf7529892958d29cd0c49d4aa294b6a4797cb910dd84085a9bd4ec68b7d879aebe54"}}
clojure.lang.Delay@4a0c7408 DEBUG [synchrono.server.ws:52] - Sending message to client {:message ["EVENT" "sub:1" {"id" "20cba70f46e96dd1de7dadadd9eab404f187faa7f142d04ceb688880ab47fc30", "pubkey" "800e78c63707901e8f9dff820659e844efe92b329e9f24d6ea53aece315cbfe4", "created_at" 1730981067, "kind" 4444, "tags" (["s" "synchrono"]), "content" "{\"id\":null,\"name\":\"synchrono.city\",\"about\":\"Everyone buys in for 100,000 satoshis by sending 0.001 BTC to me. \\nTransfer satoshis to other people by upvoting their entries. \\nWe each pay dues of 100 satoshis per day, so you better start hustling! \\nCash out any time; I will send BTC to you. \\nSo long as you leave enough satoshis to pay for 1 week of dues. \\nWin big in this marketplace for ideas! \",\"picture\":\"https://synchrono.city/JAMN.png\",\"initial-credit-balance-sat\":100000,\"minimum-withdrawal-sat\":7000,\"daily-fee-sat\":100,\"timezone\":\"UTC-08:00\"}", "sig" "151d534570d9d818fbfe33d0ecf3392c79f6ce6a5a951c42c154e8776f9ebf7529892958d29cd0c49d4aa294b6a4797cb910dd84085a9bd4ec68b7d879aebe54"}], :client-id "manifold.stream.SplicedStream@4ee5722d"}
clojure.lang.Delay@66aec06e DEBUG [synchrono.server.ws:207] - Sending event for subscription {:subscription-id "sub:1", :event-id "5a24aab418cf86c0956802f0f5de81b9682d75db4d653abf603c015820306401", :event {:id "5a24aab418cf86c0956802f0f5de81b9682d75db4d653abf603c015820306401", :pubkey "800e78c63707901e8f9dff820659e844efe92b329e9f24d6ea53aece315cbfe4", :created_at 1730980824, :kind 4444, :tags "[[\"s\",\"synchrono\"]]", :content "{\"id\":null,\"name\":\"synchrono.city\",\"about\":\"Everyone buys in for 100,000 satoshis by sending 0.001 BTC to me. \\nTransfer satoshis to other people by upvoting their entries. \\nWe each pay dues of 100 satoshis per day, so you better start hustling! \\nCash out any time; I will send BTC to you. \\nSo long as you leave enough satoshis to pay for 1 week of dues. \\nWin big in this marketplace for ideas! \",\"picture\":\"https://synchrono.city/JAMN.png\",\"initial-credit-balance-sat\":100000,\"minimum-withdrawal-sat\":7000,\"daily-fee-sat\":100,\"timezone\":\"UTC-08:00\"}", :sig "980edfcac3469ec4062694368f65045ddf329e55da4c3dea3b48e2480216ed8c365a8451b809228f2362248e13c797afd278e05b3f68c51694f0a444fc209e5c"}}
clojure.lang.Delay@27638610 DEBUG [synchrono.server.ws:83] - Attempting to send EVENT {:subscription-id "sub:1", :event-id "5a24aab418cf86c0956802f0f5de81b9682d75db4d653abf603c015820306401", :client-id "manifold.stream.SplicedStream@4ee5722d"}
clojure.lang.Delay@424ea7a0 DEBUG [synchrono.server.ws:88] - Normalized event for sending {:original {:id "5a24aab418cf86c0956802f0f5de81b9682d75db4d653abf603c015820306401", :pubkey "800e78c63707901e8f9dff820659e844efe92b329e9f24d6ea53aece315cbfe4", :created_at 1730980824, :kind 4444, :tags "[[\"s\",\"synchrono\"]]", :content "{\"id\":null,\"name\":\"synchrono.city\",\"about\":\"Everyone buys in for 100,000 satoshis by sending 0.001 BTC to me. \\nTransfer satoshis to other people by upvoting their entries. \\nWe each pay dues of 100 satoshis per day, so you better start hustling! \\nCash out any time; I will send BTC to you. \\nSo long as you leave enough satoshis to pay for 1 week of dues. \\nWin big in this marketplace for ideas! \",\"picture\":\"https://synchrono.city/JAMN.png\",\"initial-credit-balance-sat\":100000,\"minimum-withdrawal-sat\":7000,\"daily-fee-sat\":100,\"timezone\":\"UTC-08:00\"}", :sig "980edfcac3469ec4062694368f65045ddf329e55da4c3dea3b48e2480216ed8c365a8451b809228f2362248e13c797afd278e05b3f68c51694f0a444fc209e5c"}, :normalized {"id" "5a24aab418cf86c0956802f0f5de81b9682d75db4d653abf603c015820306401", "pubkey" "800e78c63707901e8f9dff820659e844efe92b329e9f24d6ea53aece315cbfe4", "created_at" 1730980824, "kind" 4444, "tags" (["s" "synchrono"]), "content" "{\"id\":null,\"name\":\"synchrono.city\",\"about\":\"Everyone buys in for 100,000 satoshis by sending 0.001 BTC to me. \\nTransfer satoshis to other people by upvoting their entries. \\nWe each pay dues of 100 satoshis per day, so you better start hustling! \\nCash out any time; I will send BTC to you. \\nSo long as you leave enough satoshis to pay for 1 week of dues. \\nWin big in this marketplace for ideas! \",\"picture\":\"https://synchrono.city/JAMN.png\",\"initial-credit-balance-sat\":100000,\"minimum-withdrawal-sat\":7000,\"daily-fee-sat\":100,\"timezone\":\"UTC-08:00\"}", "sig" "980edfcac3469ec4062694368f65045ddf329e55da4c3dea3b48e2480216ed8c365a8451b809228f2362248e13c797afd278e05b3f68c51694f0a444fc209e5c"}}
clojure.lang.Delay@56f335f8 DEBUG [synchrono.server.ws:52] - Sending message to client {:message ["EVENT" "sub:1" {"id" "5a24aab418cf86c0956802f0f5de81b9682d75db4d653abf603c015820306401", "pubkey" "800e78c63707901e8f9dff820659e844efe92b329e9f24d6ea53aece315cbfe4", "created_at" 1730980824, "kind" 4444, "tags" (["s" "synchrono"]), "content" "{\"id\":null,\"name\":\"synchrono.city\",\"about\":\"Everyone buys in for 100,000 satoshis by sending 0.001 BTC to me. \\nTransfer satoshis to other people by upvoting their entries. \\nWe each pay dues of 100 satoshis per day, so you better start hustling! \\nCash out any time; I will send BTC to you. \\nSo long as you leave enough satoshis to pay for 1 week of dues. \\nWin big in this marketplace for ideas! \",\"picture\":\"https://synchrono.city/JAMN.png\",\"initial-credit-balance-sat\":100000,\"minimum-withdrawal-sat\":7000,\"daily-fee-sat\":100,\"timezone\":\"UTC-08:00\"}", "sig" "980edfcac3469ec4062694368f65045ddf329e55da4c3dea3b48e2480216ed8c365a8451b809228f2362248e13c797afd278e05b3f68c51694f0a444fc209e5c"}], :client-id "manifold.stream.SplicedStream@4ee5722d"}
clojure.lang.Delay@3db3df0 DEBUG [synchrono.server.ws:207] - Sending event for subscription {:subscription-id "sub:1", :event-id "d21e95e82856fa40c2b4a71d96110cb56fdda768a086bacd673af72d4e17465e", :event {:id "d21e95e82856fa40c2b4a71d96110cb56fdda768a086bacd673af72d4e17465e", :pubkey "800e78c63707901e8f9dff820659e844efe92b329e9f24d6ea53aece315cbfe4", :created_at 1730979951, :kind 4444, :tags "[[\"s\",\"synchrono\"]]", :content "{\"id\":null,\"name\":\"synchrono.city\",\"about\":\"Everyone buys in for 100,000 satoshis by sending 0.001 BTC to me. \\nTransfer satoshis to other people by upvoting their entries. \\nWe each pay dues of 100 satoshis per day, so you better start hustling! \\nCash out any time; I will send BTC to you. \\nSo long as you leave enough satoshis to pay for 1 week of dues. \\nWin big in this marketplace for ideas! \",\"picture\":\"https://synchrono.city/JAMN.png\",\"initial-credit-balance-sat\":100000,\"minimum-withdrawal-sat\":7000,\"daily-fee-sat\":100,\"timezone\":\"UTC-08:00\"}", :sig "6caf875b67c37126588d649815b7b46301ddce2f4d587adada939f8078946a4e4839744a8902acffde3f072cb5bb0798ec6d27a124c4e49f8ac48f9fed5a5f2b"}}
clojure.lang.Delay@a01952 DEBUG [synchrono.server.ws:83] - Attempting to send EVENT {:subscription-id "sub:1", :event-id "d21e95e82856fa40c2b4a71d96110cb56fdda768a086bacd673af72d4e17465e", :client-id "manifold.stream.SplicedStream@4ee5722d"}
clojure.lang.Delay@262ead80 DEBUG [synchrono.server.ws:88] - Normalized event for sending {:original {:id "d21e95e82856fa40c2b4a71d96110cb56fdda768a086bacd673af72d4e17465e", :pubkey "800e78c63707901e8f9dff820659e844efe92b329e9f24d6ea53aece315cbfe4", :created_at 1730979951, :kind 4444, :tags "[[\"s\",\"synchrono\"]]", :content "{\"id\":null,\"name\":\"synchrono.city\",\"about\":\"Everyone buys in for 100,000 satoshis by sending 0.001 BTC to me. \\nTransfer satoshis to other people by upvoting their entries. \\nWe each pay dues of 100 satoshis per day, so you better start hustling! \\nCash out any time; I will send BTC to you. \\nSo long as you leave enough satoshis to pay for 1 week of dues. \\nWin big in this marketplace for ideas! \",\"picture\":\"https://synchrono.city/JAMN.png\",\"initial-credit-balance-sat\":100000,\"minimum-withdrawal-sat\":7000,\"daily-fee-sat\":100,\"timezone\":\"UTC-08:00\"}", :sig "6caf875b67c37126588d649815b7b46301ddce2f4d587adada939f8078946a4e4839744a8902acffde3f072cb5bb0798ec6d27a124c4e49f8ac48f9fed5a5f2b"}, :normalized {"id" "d21e95e82856fa40c2b4a71d96110cb56fdda768a086bacd673af72d4e17465e", "pubkey" "800e78c63707901e8f9dff820659e844efe92b329e9f24d6ea53aece315cbfe4", "created_at" 1730979951, "kind" 4444, "tags" (["s" "synchrono"]), "content" "{\"id\":null,\"name\":\"synchrono.city\",\"about\":\"Everyone buys in for 100,000 satoshis by sending 0.001 BTC to me. \\nTransfer satoshis to other people by upvoting their entries. \\nWe each pay dues of 100 satoshis per day, so you better start hustling! \\nCash out any time; I will send BTC to you. \\nSo long as you leave enough satoshis to pay for 1 week of dues. \\nWin big in this marketplace for ideas! \",\"picture\":\"https://synchrono.city/JAMN.png\",\"initial-credit-balance-sat\":100000,\"minimum-withdrawal-sat\":7000,\"daily-fee-sat\":100,\"timezone\":\"UTC-08:00\"}", "sig" "6caf875b67c37126588d649815b7b46301ddce2f4d587adada939f8078946a4e4839744a8902acffde3f072cb5bb0798ec6d27a124c4e49f8ac48f9fed5a5f2b"}}
clojure.lang.Delay@230cda63 DEBUG [synchrono.server.ws:52] - Sending message to client {:message ["EVENT" "sub:1" {"id" "d21e95e82856fa40c2b4a71d96110cb56fdda768a086bacd673af72d4e17465e", "pubkey" "800e78c63707901e8f9dff820659e844efe92b329e9f24d6ea53aece315cbfe4", "created_at" 1730979951, "kind" 4444, "tags" (["s" "synchrono"]), "content" "{\"id\":null,\"name\":\"synchrono.city\",\"about\":\"Everyone buys in for 100,000 satoshis by sending 0.001 BTC to me. \\nTransfer satoshis to other people by upvoting their entries. \\nWe each pay dues of 100 satoshis per day, so you better start hustling! \\nCash out any time; I will send BTC to you. \\nSo long as you leave enough satoshis to pay for 1 week of dues. \\nWin big in this marketplace for ideas! \",\"picture\":\"https://synchrono.city/JAMN.png\",\"initial-credit-balance-sat\":100000,\"minimum-withdrawal-sat\":7000,\"daily-fee-sat\":100,\"timezone\":\"UTC-08:00\"}", "sig" "6caf875b67c37126588d649815b7b46301ddce2f4d587adada939f8078946a4e4839744a8902acffde3f072cb5bb0798ec6d27a124c4e49f8ac48f9fed5a5f2b"}], :client-id "manifold.stream.SplicedStream@4ee5722d"}
clojure.lang.Delay@15838b57 DEBUG [synchrono.server.ws:207] - Sending event for subscription {:subscription-id "sub:1", :event-id "c9b9018eadf6b01a7817408bab9cfb293a0e32505ed61788eafe9d9e33bda89a", :event {:id "c9b9018eadf6b01a7817408bab9cfb293a0e32505ed61788eafe9d9e33bda89a", :pubkey "800e78c63707901e8f9dff820659e844efe92b329e9f24d6ea53aece315cbfe4", :created_at 1730979124, :kind 4444, :tags "[[\"s\",\"synchrono\"]]", :content "{\"id\":null,\"name\":\"synchrono.city\",\"about\":\"Everyone buys in for 100,000 satoshis by sending 0.001 BTC to me. \\nTransfer satoshis to other people by upvoting their entries. \\nWe each pay dues of 100 satoshis per day, so you better start hustling! \\nCash out any time; I will send BTC to you. \\nSo long as you leave enough satoshis to pay for 1 week of dues. \\nWin big in this marketplace for ideas! \",\"picture\":\"https://synchrono.city/JAMN.png\",\"initial-credit-balance-sat\":100000,\"minimum-withdrawal-sat\":7000,\"daily-fee-sat\":100,\"timezone\":\"UTC-08:00\"}", :sig "ea34fad43440cfd538285224eeb283bef9c01abc7b6e4d019e5833d70baf8624d391c3c6fc3aca4024b2a7ee97f2c43a87269981a7dada3e413e1455cafcc673"}}
clojure.lang.Delay@6a77eb36 DEBUG [synchrono.server.ws:83] - Attempting to send EVENT {:subscription-id "sub:1", :event-id "c9b9018eadf6b01a7817408bab9cfb293a0e32505ed61788eafe9d9e33bda89a", :client-id "manifold.stream.SplicedStream@4ee5722d"}
clojure.lang.Delay@533e8794 DEBUG [synchrono.server.ws:88] - Normalized event for sending {:original {:id "c9b9018eadf6b01a7817408bab9cfb293a0e32505ed61788eafe9d9e33bda89a", :pubkey "800e78c63707901e8f9dff820659e844efe92b329e9f24d6ea53aece315cbfe4", :created_at 1730979124, :kind 4444, :tags "[[\"s\",\"synchrono\"]]", :content "{\"id\":null,\"name\":\"synchrono.city\",\"about\":\"Everyone buys in for 100,000 satoshis by sending 0.001 BTC to me. \\nTransfer satoshis to other people by upvoting their entries. \\nWe each pay dues of 100 satoshis per day, so you better start hustling! \\nCash out any time; I will send BTC to you. \\nSo long as you leave enough satoshis to pay for 1 week of dues. \\nWin big in this marketplace for ideas! \",\"picture\":\"https://synchrono.city/JAMN.png\",\"initial-credit-balance-sat\":100000,\"minimum-withdrawal-sat\":7000,\"daily-fee-sat\":100,\"timezone\":\"UTC-08:00\"}", :sig "ea34fad43440cfd538285224eeb283bef9c01abc7b6e4d019e5833d70baf8624d391c3c6fc3aca4024b2a7ee97f2c43a87269981a7dada3e413e1455cafcc673"}, :normalized {"id" "c9b9018eadf6b01a7817408bab9cfb293a0e32505ed61788eafe9d9e33bda89a", "pubkey" "800e78c63707901e8f9dff820659e844efe92b329e9f24d6ea53aece315cbfe4", "created_at" 1730979124, "kind" 4444, "tags" (["s" "synchrono"]), "content" "{\"id\":null,\"name\":\"synchrono.city\",\"about\":\"Everyone buys in for 100,000 satoshis by sending 0.001 BTC to me. \\nTransfer satoshis to other people by upvoting their entries. \\nWe each pay dues of 100 satoshis per day, so you better start hustling! \\nCash out any time; I will send BTC to you. \\nSo long as you leave enough satoshis to pay for 1 week of dues. \\nWin big in this marketplace for ideas! \",\"picture\":\"https://synchrono.city/JAMN.png\",\"initial-credit-balance-sat\":100000,\"minimum-withdrawal-sat\":7000,\"daily-fee-sat\":100,\"timezone\":\"UTC-08:00\"}", "sig" "ea34fad43440cfd538285224eeb283bef9c01abc7b6e4d019e5833d70baf8624d391c3c6fc3aca4024b2a7ee97f2c43a87269981a7dada3e413e1455cafcc673"}}
clojure.lang.Delay@2d67a18b DEBUG [synchrono.server.ws:52] - Sending message to client {:message ["EVENT" "sub:1" {"id" "c9b9018eadf6b01a7817408bab9cfb293a0e32505ed61788eafe9d9e33bda89a", "pubkey" "800e78c63707901e8f9dff820659e844efe92b329e9f24d6ea53aece315cbfe4", "created_at" 1730979124, "kind" 4444, "tags" (["s" "synchrono"]), "content" "{\"id\":null,\"name\":\"synchrono.city\",\"about\":\"Everyone buys in for 100,000 satoshis by sending 0.001 BTC to me. \\nTransfer satoshis to other people by upvoting their entries. \\nWe each pay dues of 100 satoshis per day, so you better start hustling! \\nCash out any time; I will send BTC to you. \\nSo long as you leave enough satoshis to pay for 1 week of dues. \\nWin big in this marketplace for ideas! \",\"picture\":\"https://synchrono.city/JAMN.png\",\"initial-credit-balance-sat\":100000,\"minimum-withdrawal-sat\":7000,\"daily-fee-sat\":100,\"timezone\":\"UTC-08:00\"}", "sig" "ea34fad43440cfd538285224eeb283bef9c01abc7b6e4d019e5833d70baf8624d391c3c6fc3aca4024b2a7ee97f2c43a87269981a7dada3e413e1455cafcc673"}], :client-id "manifold.stream.SplicedStream@4ee5722d"}
clojure.lang.Delay@120db75a DEBUG [synchrono.server.ws:212] - Sending EOSE for subscription {:subscription-id "sub:1"}
clojure.lang.Delay@5c20a022 DEBUG [synchrono.server.ws:52] - Sending message to client {:message ["EOSE" "sub:1"], :client-id "manifold.stream.SplicedStream@4ee5722d"}
clojure.lang.Delay@5a13e7a3 INFO [synchrono.server.core:33] - [:get] /ws 404 - 163ms
clojure.lang.Delay@8c4da20 DEBUG [synchrono.server.ws:240] - Received WebSocket message {:type "CLOSE", :params ("sub:1"), :raw-message "[\"CLOSE\",\"sub:1\"]"}
clojure.lang.Delay@1f563de9 DEBUG [synchrono.server.ws:230] - Processing CLOSE message {:subscription-id "sub:1"}
clojure.lang.Delay@7545ed11 INFO [synchrono.server.core:33] - [:get] / 200 - 4ms
clojure.lang.Delay@12141191 INFO [synchrono.server.ws:288] - WebSocket connection closed {:client-id "manifold.stream.SplicedStream@4ee5722d"}
clojure.lang.Delay@648554eb INFO [synchrono.server.ws:281] - WebSocket connection established {:client-id "manifold.stream.SplicedStream@37c8cac2", :headers {"origin" "http://localhost:3000", "host" "localhost:3000", "upgrade" "websocket", "user-agent" "Mozilla/5.0 (Macintosh; Intel Mac OS X 10_15_7) AppleWebKit/537.36 (KHTML, like Gecko) Chrome/130.0.0.0 Safari/537.36", "cookie" "ring-session=ea3c4a1c-7dab-41bd-b09a-a684e37b5259", "connection" "Upgrade", "pragma" "no-cache", "sec-websocket-key" "9BWVhNAw6BVOtdYQytOdOw==", "accept-language" "en-US,en;q=0.9", "sec-websocket-version" "13", "accept-encoding" "gzip, deflate, br, zstd", "sec-websocket-extensions" "permessage-deflate; client_max_window_bits", "cache-control" "no-cache"}}
clojure.lang.Delay@559358b5 DEBUG [synchrono.server.ws:240] - Received WebSocket message {:type "REQ", :params ("sub:1" {:kinds [4444], :#s ["synchrono"]}), :raw-message "[\"REQ\",\"sub:1\",{\"kinds\":[4444],\"#s\":[\"synchrono\"]}]"}
clojure.lang.Delay@2af4ff98 DEBUG [synchrono.server.ws:195] - Processing REQ message {:subscription-id "sub:1", :filters ({:kinds [4444], :#s ["synchrono"]})}
clojure.lang.Delay@4985cdcb DEBUG [synchrono.server.ws:35] - Adding subscription {:client-id "manifold.stream.SplicedStream@37c8cac2", :subscription-id "sub:1", :filters ({:kinds [4444], :#s ["synchrono"]})}
clojure.lang.Delay@305bff94 INFO [synchrono.server.ws:203] - Found matching events for subscription {:subscription-id "sub:1", :event-count 5}
clojure.lang.Delay@532f8299 DEBUG [synchrono.server.ws:207] - Sending event for subscription {:subscription-id "sub:1", :event-id "4b9a57c73eee3deb848df08d66241369c67766716203cc763a25ab5377941fe0", :event {:id "4b9a57c73eee3deb848df08d66241369c67766716203cc763a25ab5377941fe0", :pubkey "800e78c63707901e8f9dff820659e844efe92b329e9f24d6ea53aece315cbfe4", :created_at 1730982229, :kind 4444, :tags "[[\"s\",\"synchrono\"]]", :content "{\"id\":null,\"name\":\"synchrono.city\",\"about\":\"Everyone buys in for 100,000 satoshis by sending 0.001 BTC to me. \\nTransfer satoshis to other people by upvoting their entries. \\nWe each pay dues of 100 satoshis per day, so you better start hustling! \\nCash out any time; I will send BTC to you. \\nSo long as you leave enough satoshis to pay for 1 week of dues. \\nWin big in this marketplace for ideas! \",\"picture\":\"https://synchrono.city/JAMN.png\",\"initial-credit-balance-sat\":100000,\"minimum-withdrawal-sat\":7000,\"daily-fee-sat\":100,\"timezone\":\"UTC-08:00\"}", :sig "8fd5e97c2e2d7faba3dba5f561d77156d0fe731fb4259d8d9fcb75a4af690f8be8888d48c3ef2bde227c70f83dc416b54cc0d784810b617a7403736ea4120ce3"}}
clojure.lang.Delay@1b8e46d4 DEBUG [synchrono.server.ws:83] - Attempting to send EVENT {:subscription-id "sub:1", :event-id "4b9a57c73eee3deb848df08d66241369c67766716203cc763a25ab5377941fe0", :client-id "manifold.stream.SplicedStream@37c8cac2"}
clojure.lang.Delay@413d2601 DEBUG [synchrono.server.ws:88] - Normalized event for sending {:original {:id "4b9a57c73eee3deb848df08d66241369c67766716203cc763a25ab5377941fe0", :pubkey "800e78c63707901e8f9dff820659e844efe92b329e9f24d6ea53aece315cbfe4", :created_at 1730982229, :kind 4444, :tags "[[\"s\",\"synchrono\"]]", :content "{\"id\":null,\"name\":\"synchrono.city\",\"about\":\"Everyone buys in for 100,000 satoshis by sending 0.001 BTC to me. \\nTransfer satoshis to other people by upvoting their entries. \\nWe each pay dues of 100 satoshis per day, so you better start hustling! \\nCash out any time; I will send BTC to you. \\nSo long as you leave enough satoshis to pay for 1 week of dues. \\nWin big in this marketplace for ideas! \",\"picture\":\"https://synchrono.city/JAMN.png\",\"initial-credit-balance-sat\":100000,\"minimum-withdrawal-sat\":7000,\"daily-fee-sat\":100,\"timezone\":\"UTC-08:00\"}", :sig "8fd5e97c2e2d7faba3dba5f561d77156d0fe731fb4259d8d9fcb75a4af690f8be8888d48c3ef2bde227c70f83dc416b54cc0d784810b617a7403736ea4120ce3"}, :normalized {"id" "4b9a57c73eee3deb848df08d66241369c67766716203cc763a25ab5377941fe0", "pubkey" "800e78c63707901e8f9dff820659e844efe92b329e9f24d6ea53aece315cbfe4", "created_at" 1730982229, "kind" 4444, "tags" (["s" "synchrono"]), "content" "{\"id\":null,\"name\":\"synchrono.city\",\"about\":\"Everyone buys in for 100,000 satoshis by sending 0.001 BTC to me. \\nTransfer satoshis to other people by upvoting their entries. \\nWe each pay dues of 100 satoshis per day, so you better start hustling! \\nCash out any time; I will send BTC to you. \\nSo long as you leave enough satoshis to pay for 1 week of dues. \\nWin big in this marketplace for ideas! \",\"picture\":\"https://synchrono.city/JAMN.png\",\"initial-credit-balance-sat\":100000,\"minimum-withdrawal-sat\":7000,\"daily-fee-sat\":100,\"timezone\":\"UTC-08:00\"}", "sig" "8fd5e97c2e2d7faba3dba5f561d77156d0fe731fb4259d8d9fcb75a4af690f8be8888d48c3ef2bde227c70f83dc416b54cc0d784810b617a7403736ea4120ce3"}}
clojure.lang.Delay@68cdb3c6 DEBUG [synchrono.server.ws:52] - Sending message to client {:message ["EVENT" "sub:1" {"id" "4b9a57c73eee3deb848df08d66241369c67766716203cc763a25ab5377941fe0", "pubkey" "800e78c63707901e8f9dff820659e844efe92b329e9f24d6ea53aece315cbfe4", "created_at" 1730982229, "kind" 4444, "tags" (["s" "synchrono"]), "content" "{\"id\":null,\"name\":\"synchrono.city\",\"about\":\"Everyone buys in for 100,000 satoshis by sending 0.001 BTC to me. \\nTransfer satoshis to other people by upvoting their entries. \\nWe each pay dues of 100 satoshis per day, so you better start hustling! \\nCash out any time; I will send BTC to you. \\nSo long as you leave enough satoshis to pay for 1 week of dues. \\nWin big in this marketplace for ideas! \",\"picture\":\"https://synchrono.city/JAMN.png\",\"initial-credit-balance-sat\":100000,\"minimum-withdrawal-sat\":7000,\"daily-fee-sat\":100,\"timezone\":\"UTC-08:00\"}", "sig" "8fd5e97c2e2d7faba3dba5f561d77156d0fe731fb4259d8d9fcb75a4af690f8be8888d48c3ef2bde227c70f83dc416b54cc0d784810b617a7403736ea4120ce3"}], :client-id "manifold.stream.SplicedStream@37c8cac2"}
clojure.lang.Delay@5626a6a8 DEBUG [synchrono.server.ws:207] - Sending event for subscription {:subscription-id "sub:1", :event-id "20cba70f46e96dd1de7dadadd9eab404f187faa7f142d04ceb688880ab47fc30", :event {:id "20cba70f46e96dd1de7dadadd9eab404f187faa7f142d04ceb688880ab47fc30", :pubkey "800e78c63707901e8f9dff820659e844efe92b329e9f24d6ea53aece315cbfe4", :created_at 1730981067, :kind 4444, :tags "[[\"s\",\"synchrono\"]]", :content "{\"id\":null,\"name\":\"synchrono.city\",\"about\":\"Everyone buys in for 100,000 satoshis by sending 0.001 BTC to me. \\nTransfer satoshis to other people by upvoting their entries. \\nWe each pay dues of 100 satoshis per day, so you better start hustling! \\nCash out any time; I will send BTC to you. \\nSo long as you leave enough satoshis to pay for 1 week of dues. \\nWin big in this marketplace for ideas! \",\"picture\":\"https://synchrono.city/JAMN.png\",\"initial-credit-balance-sat\":100000,\"minimum-withdrawal-sat\":7000,\"daily-fee-sat\":100,\"timezone\":\"UTC-08:00\"}", :sig "151d534570d9d818fbfe33d0ecf3392c79f6ce6a5a951c42c154e8776f9ebf7529892958d29cd0c49d4aa294b6a4797cb910dd84085a9bd4ec68b7d879aebe54"}}
clojure.lang.Delay@5b41e55c DEBUG [synchrono.server.ws:83] - Attempting to send EVENT {:subscription-id "sub:1", :event-id "20cba70f46e96dd1de7dadadd9eab404f187faa7f142d04ceb688880ab47fc30", :client-id "manifold.stream.SplicedStream@37c8cac2"}
clojure.lang.Delay@433a3e39 DEBUG [synchrono.server.ws:88] - Normalized event for sending {:original {:id "20cba70f46e96dd1de7dadadd9eab404f187faa7f142d04ceb688880ab47fc30", :pubkey "800e78c63707901e8f9dff820659e844efe92b329e9f24d6ea53aece315cbfe4", :created_at 1730981067, :kind 4444, :tags "[[\"s\",\"synchrono\"]]", :content "{\"id\":null,\"name\":\"synchrono.city\",\"about\":\"Everyone buys in for 100,000 satoshis by sending 0.001 BTC to me. \\nTransfer satoshis to other people by upvoting their entries. \\nWe each pay dues of 100 satoshis per day, so you better start hustling! \\nCash out any time; I will send BTC to you. \\nSo long as you leave enough satoshis to pay for 1 week of dues. \\nWin big in this marketplace for ideas! \",\"picture\":\"https://synchrono.city/JAMN.png\",\"initial-credit-balance-sat\":100000,\"minimum-withdrawal-sat\":7000,\"daily-fee-sat\":100,\"timezone\":\"UTC-08:00\"}", :sig "151d534570d9d818fbfe33d0ecf3392c79f6ce6a5a951c42c154e8776f9ebf7529892958d29cd0c49d4aa294b6a4797cb910dd84085a9bd4ec68b7d879aebe54"}, :normalized {"id" "20cba70f46e96dd1de7dadadd9eab404f187faa7f142d04ceb688880ab47fc30", "pubkey" "800e78c63707901e8f9dff820659e844efe92b329e9f24d6ea53aece315cbfe4", "created_at" 1730981067, "kind" 4444, "tags" (["s" "synchrono"]), "content" "{\"id\":null,\"name\":\"synchrono.city\",\"about\":\"Everyone buys in for 100,000 satoshis by sending 0.001 BTC to me. \\nTransfer satoshis to other people by upvoting their entries. \\nWe each pay dues of 100 satoshis per day, so you better start hustling! \\nCash out any time; I will send BTC to you. \\nSo long as you leave enough satoshis to pay for 1 week of dues. \\nWin big in this marketplace for ideas! \",\"picture\":\"https://synchrono.city/JAMN.png\",\"initial-credit-balance-sat\":100000,\"minimum-withdrawal-sat\":7000,\"daily-fee-sat\":100,\"timezone\":\"UTC-08:00\"}", "sig" "151d534570d9d818fbfe33d0ecf3392c79f6ce6a5a951c42c154e8776f9ebf7529892958d29cd0c49d4aa294b6a4797cb910dd84085a9bd4ec68b7d879aebe54"}}
clojure.lang.Delay@60768a3 DEBUG [synchrono.server.ws:52] - Sending message to client {:message ["EVENT" "sub:1" {"id" "20cba70f46e96dd1de7dadadd9eab404f187faa7f142d04ceb688880ab47fc30", "pubkey" "800e78c63707901e8f9dff820659e844efe92b329e9f24d6ea53aece315cbfe4", "created_at" 1730981067, "kind" 4444, "tags" (["s" "synchrono"]), "content" "{\"id\":null,\"name\":\"synchrono.city\",\"about\":\"Everyone buys in for 100,000 satoshis by sending 0.001 BTC to me. \\nTransfer satoshis to other people by upvoting their entries. \\nWe each pay dues of 100 satoshis per day, so you better start hustling! \\nCash out any time; I will send BTC to you. \\nSo long as you leave enough satoshis to pay for 1 week of dues. \\nWin big in this marketplace for ideas! \",\"picture\":\"https://synchrono.city/JAMN.png\",\"initial-credit-balance-sat\":100000,\"minimum-withdrawal-sat\":7000,\"daily-fee-sat\":100,\"timezone\":\"UTC-08:00\"}", "sig" "151d534570d9d818fbfe33d0ecf3392c79f6ce6a5a951c42c154e8776f9ebf7529892958d29cd0c49d4aa294b6a4797cb910dd84085a9bd4ec68b7d879aebe54"}], :client-id "manifold.stream.SplicedStream@37c8cac2"}
clojure.lang.Delay@4ca90d98 DEBUG [synchrono.server.ws:207] - Sending event for subscription {:subscription-id "sub:1", :event-id "5a24aab418cf86c0956802f0f5de81b9682d75db4d653abf603c015820306401", :event {:id "5a24aab418cf86c0956802f0f5de81b9682d75db4d653abf603c015820306401", :pubkey "800e78c63707901e8f9dff820659e844efe92b329e9f24d6ea53aece315cbfe4", :created_at 1730980824, :kind 4444, :tags "[[\"s\",\"synchrono\"]]", :content "{\"id\":null,\"name\":\"synchrono.city\",\"about\":\"Everyone buys in for 100,000 satoshis by sending 0.001 BTC to me. \\nTransfer satoshis to other people by upvoting their entries. \\nWe each pay dues of 100 satoshis per day, so you better start hustling! \\nCash out any time; I will send BTC to you. \\nSo long as you leave enough satoshis to pay for 1 week of dues. \\nWin big in this marketplace for ideas! \",\"picture\":\"https://synchrono.city/JAMN.png\",\"initial-credit-balance-sat\":100000,\"minimum-withdrawal-sat\":7000,\"daily-fee-sat\":100,\"timezone\":\"UTC-08:00\"}", :sig "980edfcac3469ec4062694368f65045ddf329e55da4c3dea3b48e2480216ed8c365a8451b809228f2362248e13c797afd278e05b3f68c51694f0a444fc209e5c"}}
clojure.lang.Delay@8268b6a DEBUG [synchrono.server.ws:83] - Attempting to send EVENT {:subscription-id "sub:1", :event-id "5a24aab418cf86c0956802f0f5de81b9682d75db4d653abf603c015820306401", :client-id "manifold.stream.SplicedStream@37c8cac2"}
clojure.lang.Delay@2213aa5c DEBUG [synchrono.server.ws:88] - Normalized event for sending {:original {:id "5a24aab418cf86c0956802f0f5de81b9682d75db4d653abf603c015820306401", :pubkey "800e78c63707901e8f9dff820659e844efe92b329e9f24d6ea53aece315cbfe4", :created_at 1730980824, :kind 4444, :tags "[[\"s\",\"synchrono\"]]", :content "{\"id\":null,\"name\":\"synchrono.city\",\"about\":\"Everyone buys in for 100,000 satoshis by sending 0.001 BTC to me. \\nTransfer satoshis to other people by upvoting their entries. \\nWe each pay dues of 100 satoshis per day, so you better start hustling! \\nCash out any time; I will send BTC to you. \\nSo long as you leave enough satoshis to pay for 1 week of dues. \\nWin big in this marketplace for ideas! \",\"picture\":\"https://synchrono.city/JAMN.png\",\"initial-credit-balance-sat\":100000,\"minimum-withdrawal-sat\":7000,\"daily-fee-sat\":100,\"timezone\":\"UTC-08:00\"}", :sig "980edfcac3469ec4062694368f65045ddf329e55da4c3dea3b48e2480216ed8c365a8451b809228f2362248e13c797afd278e05b3f68c51694f0a444fc209e5c"}, :normalized {"id" "5a24aab418cf86c0956802f0f5de81b9682d75db4d653abf603c015820306401", "pubkey" "800e78c63707901e8f9dff820659e844efe92b329e9f24d6ea53aece315cbfe4", "created_at" 1730980824, "kind" 4444, "tags" (["s" "synchrono"]), "content" "{\"id\":null,\"name\":\"synchrono.city\",\"about\":\"Everyone buys in for 100,000 satoshis by sending 0.001 BTC to me. \\nTransfer satoshis to other people by upvoting their entries. \\nWe each pay dues of 100 satoshis per day, so you better start hustling! \\nCash out any time; I will send BTC to you. \\nSo long as you leave enough satoshis to pay for 1 week of dues. \\nWin big in this marketplace for ideas! \",\"picture\":\"https://synchrono.city/JAMN.png\",\"initial-credit-balance-sat\":100000,\"minimum-withdrawal-sat\":7000,\"daily-fee-sat\":100,\"timezone\":\"UTC-08:00\"}", "sig" "980edfcac3469ec4062694368f65045ddf329e55da4c3dea3b48e2480216ed8c365a8451b809228f2362248e13c797afd278e05b3f68c51694f0a444fc209e5c"}}
clojure.lang.Delay@7adf568f DEBUG [synchrono.server.ws:52] - Sending message to client {:message ["EVENT" "sub:1" {"id" "5a24aab418cf86c0956802f0f5de81b9682d75db4d653abf603c015820306401", "pubkey" "800e78c63707901e8f9dff820659e844efe92b329e9f24d6ea53aece315cbfe4", "created_at" 1730980824, "kind" 4444, "tags" (["s" "synchrono"]), "content" "{\"id\":null,\"name\":\"synchrono.city\",\"about\":\"Everyone buys in for 100,000 satoshis by sending 0.001 BTC to me. \\nTransfer satoshis to other people by upvoting their entries. \\nWe each pay dues of 100 satoshis per day, so you better start hustling! \\nCash out any time; I will send BTC to you. \\nSo long as you leave enough satoshis to pay for 1 week of dues. \\nWin big in this marketplace for ideas! \",\"picture\":\"https://synchrono.city/JAMN.png\",\"initial-credit-balance-sat\":100000,\"minimum-withdrawal-sat\":7000,\"daily-fee-sat\":100,\"timezone\":\"UTC-08:00\"}", "sig" "980edfcac3469ec4062694368f65045ddf329e55da4c3dea3b48e2480216ed8c365a8451b809228f2362248e13c797afd278e05b3f68c51694f0a444fc209e5c"}], :client-id "manifold.stream.SplicedStream@37c8cac2"}
clojure.lang.Delay@64e9b717 DEBUG [synchrono.server.ws:207] - Sending event for subscription {:subscription-id "sub:1", :event-id "d21e95e82856fa40c2b4a71d96110cb56fdda768a086bacd673af72d4e17465e", :event {:id "d21e95e82856fa40c2b4a71d96110cb56fdda768a086bacd673af72d4e17465e", :pubkey "800e78c63707901e8f9dff820659e844efe92b329e9f24d6ea53aece315cbfe4", :created_at 1730979951, :kind 4444, :tags "[[\"s\",\"synchrono\"]]", :content "{\"id\":null,\"name\":\"synchrono.city\",\"about\":\"Everyone buys in for 100,000 satoshis by sending 0.001 BTC to me. \\nTransfer satoshis to other people by upvoting their entries. \\nWe each pay dues of 100 satoshis per day, so you better start hustling! \\nCash out any time; I will send BTC to you. \\nSo long as you leave enough satoshis to pay for 1 week of dues. \\nWin big in this marketplace for ideas! \",\"picture\":\"https://synchrono.city/JAMN.png\",\"initial-credit-balance-sat\":100000,\"minimum-withdrawal-sat\":7000,\"daily-fee-sat\":100,\"timezone\":\"UTC-08:00\"}", :sig "6caf875b67c37126588d649815b7b46301ddce2f4d587adada939f8078946a4e4839744a8902acffde3f072cb5bb0798ec6d27a124c4e49f8ac48f9fed5a5f2b"}}
clojure.lang.Delay@2aff103e DEBUG [synchrono.server.ws:83] - Attempting to send EVENT {:subscription-id "sub:1", :event-id "d21e95e82856fa40c2b4a71d96110cb56fdda768a086bacd673af72d4e17465e", :client-id "manifold.stream.SplicedStream@37c8cac2"}
clojure.lang.Delay@700686d3 DEBUG [synchrono.server.ws:88] - Normalized event for sending {:original {:id "d21e95e82856fa40c2b4a71d96110cb56fdda768a086bacd673af72d4e17465e", :pubkey "800e78c63707901e8f9dff820659e844efe92b329e9f24d6ea53aece315cbfe4", :created_at 1730979951, :kind 4444, :tags "[[\"s\",\"synchrono\"]]", :content "{\"id\":null,\"name\":\"synchrono.city\",\"about\":\"Everyone buys in for 100,000 satoshis by sending 0.001 BTC to me. \\nTransfer satoshis to other people by upvoting their entries. \\nWe each pay dues of 100 satoshis per day, so you better start hustling! \\nCash out any time; I will send BTC to you. \\nSo long as you leave enough satoshis to pay for 1 week of dues. \\nWin big in this marketplace for ideas! \",\"picture\":\"https://synchrono.city/JAMN.png\",\"initial-credit-balance-sat\":100000,\"minimum-withdrawal-sat\":7000,\"daily-fee-sat\":100,\"timezone\":\"UTC-08:00\"}", :sig "6caf875b67c37126588d649815b7b46301ddce2f4d587adada939f8078946a4e4839744a8902acffde3f072cb5bb0798ec6d27a124c4e49f8ac48f9fed5a5f2b"}, :normalized {"id" "d21e95e82856fa40c2b4a71d96110cb56fdda768a086bacd673af72d4e17465e", "pubkey" "800e78c63707901e8f9dff820659e844efe92b329e9f24d6ea53aece315cbfe4", "created_at" 1730979951, "kind" 4444, "tags" (["s" "synchrono"]), "content" "{\"id\":null,\"name\":\"synchrono.city\",\"about\":\"Everyone buys in for 100,000 satoshis by sending 0.001 BTC to me. \\nTransfer satoshis to other people by upvoting their entries. \\nWe each pay dues of 100 satoshis per day, so you better start hustling! \\nCash out any time; I will send BTC to you. \\nSo long as you leave enough satoshis to pay for 1 week of dues. \\nWin big in this marketplace for ideas! \",\"picture\":\"https://synchrono.city/JAMN.png\",\"initial-credit-balance-sat\":100000,\"minimum-withdrawal-sat\":7000,\"daily-fee-sat\":100,\"timezone\":\"UTC-08:00\"}", "sig" "6caf875b67c37126588d649815b7b46301ddce2f4d587adada939f8078946a4e4839744a8902acffde3f072cb5bb0798ec6d27a124c4e49f8ac48f9fed5a5f2b"}}
clojure.lang.Delay@6c042bf DEBUG [synchrono.server.ws:52] - Sending message to client {:message ["EVENT" "sub:1" {"id" "d21e95e82856fa40c2b4a71d96110cb56fdda768a086bacd673af72d4e17465e", "pubkey" "800e78c63707901e8f9dff820659e844efe92b329e9f24d6ea53aece315cbfe4", "created_at" 1730979951, "kind" 4444, "tags" (["s" "synchrono"]), "content" "{\"id\":null,\"name\":\"synchrono.city\",\"about\":\"Everyone buys in for 100,000 satoshis by sending 0.001 BTC to me. \\nTransfer satoshis to other people by upvoting their entries. \\nWe each pay dues of 100 satoshis per day, so you better start hustling! \\nCash out any time; I will send BTC to you. \\nSo long as you leave enough satoshis to pay for 1 week of dues. \\nWin big in this marketplace for ideas! \",\"picture\":\"https://synchrono.city/JAMN.png\",\"initial-credit-balance-sat\":100000,\"minimum-withdrawal-sat\":7000,\"daily-fee-sat\":100,\"timezone\":\"UTC-08:00\"}", "sig" "6caf875b67c37126588d649815b7b46301ddce2f4d587adada939f8078946a4e4839744a8902acffde3f072cb5bb0798ec6d27a124c4e49f8ac48f9fed5a5f2b"}], :client-id "manifold.stream.SplicedStream@37c8cac2"}
clojure.lang.Delay@2146904a DEBUG [synchrono.server.ws:207] - Sending event for subscription {:subscription-id "sub:1", :event-id "c9b9018eadf6b01a7817408bab9cfb293a0e32505ed61788eafe9d9e33bda89a", :event {:id "c9b9018eadf6b01a7817408bab9cfb293a0e32505ed61788eafe9d9e33bda89a", :pubkey "800e78c63707901e8f9dff820659e844efe92b329e9f24d6ea53aece315cbfe4", :created_at 1730979124, :kind 4444, :tags "[[\"s\",\"synchrono\"]]", :content "{\"id\":null,\"name\":\"synchrono.city\",\"about\":\"Everyone buys in for 100,000 satoshis by sending 0.001 BTC to me. \\nTransfer satoshis to other people by upvoting their entries. \\nWe each pay dues of 100 satoshis per day, so you better start hustling! \\nCash out any time; I will send BTC to you. \\nSo long as you leave enough satoshis to pay for 1 week of dues. \\nWin big in this marketplace for ideas! \",\"picture\":\"https://synchrono.city/JAMN.png\",\"initial-credit-balance-sat\":100000,\"minimum-withdrawal-sat\":7000,\"daily-fee-sat\":100,\"timezone\":\"UTC-08:00\"}", :sig "ea34fad43440cfd538285224eeb283bef9c01abc7b6e4d019e5833d70baf8624d391c3c6fc3aca4024b2a7ee97f2c43a87269981a7dada3e413e1455cafcc673"}}
clojure.lang.Delay@f951366 DEBUG [synchrono.server.ws:83] - Attempting to send EVENT {:subscription-id "sub:1", :event-id "c9b9018eadf6b01a7817408bab9cfb293a0e32505ed61788eafe9d9e33bda89a", :client-id "manifold.stream.SplicedStream@37c8cac2"}
clojure.lang.Delay@3dd2c37f DEBUG [synchrono.server.ws:88] - Normalized event for sending {:original {:id "c9b9018eadf6b01a7817408bab9cfb293a0e32505ed61788eafe9d9e33bda89a", :pubkey "800e78c63707901e8f9dff820659e844efe92b329e9f24d6ea53aece315cbfe4", :created_at 1730979124, :kind 4444, :tags "[[\"s\",\"synchrono\"]]", :content "{\"id\":null,\"name\":\"synchrono.city\",\"about\":\"Everyone buys in for 100,000 satoshis by sending 0.001 BTC to me. \\nTransfer satoshis to other people by upvoting their entries. \\nWe each pay dues of 100 satoshis per day, so you better start hustling! \\nCash out any time; I will send BTC to you. \\nSo long as you leave enough satoshis to pay for 1 week of dues. \\nWin big in this marketplace for ideas! \",\"picture\":\"https://synchrono.city/JAMN.png\",\"initial-credit-balance-sat\":100000,\"minimum-withdrawal-sat\":7000,\"daily-fee-sat\":100,\"timezone\":\"UTC-08:00\"}", :sig "ea34fad43440cfd538285224eeb283bef9c01abc7b6e4d019e5833d70baf8624d391c3c6fc3aca4024b2a7ee97f2c43a87269981a7dada3e413e1455cafcc673"}, :normalized {"id" "c9b9018eadf6b01a7817408bab9cfb293a0e32505ed61788eafe9d9e33bda89a", "pubkey" "800e78c63707901e8f9dff820659e844efe92b329e9f24d6ea53aece315cbfe4", "created_at" 1730979124, "kind" 4444, "tags" (["s" "synchrono"]), "content" "{\"id\":null,\"name\":\"synchrono.city\",\"about\":\"Everyone buys in for 100,000 satoshis by sending 0.001 BTC to me. \\nTransfer satoshis to other people by upvoting their entries. \\nWe each pay dues of 100 satoshis per day, so you better start hustling! \\nCash out any time; I will send BTC to you. \\nSo long as you leave enough satoshis to pay for 1 week of dues. \\nWin big in this marketplace for ideas! \",\"picture\":\"https://synchrono.city/JAMN.png\",\"initial-credit-balance-sat\":100000,\"minimum-withdrawal-sat\":7000,\"daily-fee-sat\":100,\"timezone\":\"UTC-08:00\"}", "sig" "ea34fad43440cfd538285224eeb283bef9c01abc7b6e4d019e5833d70baf8624d391c3c6fc3aca4024b2a7ee97f2c43a87269981a7dada3e413e1455cafcc673"}}
clojure.lang.Delay@36d20792 DEBUG [synchrono.server.ws:52] - Sending message to client {:message ["EVENT" "sub:1" {"id" "c9b9018eadf6b01a7817408bab9cfb293a0e32505ed61788eafe9d9e33bda89a", "pubkey" "800e78c63707901e8f9dff820659e844efe92b329e9f24d6ea53aece315cbfe4", "created_at" 1730979124, "kind" 4444, "tags" (["s" "synchrono"]), "content" "{\"id\":null,\"name\":\"synchrono.city\",\"about\":\"Everyone buys in for 100,000 satoshis by sending 0.001 BTC to me. \\nTransfer satoshis to other people by upvoting their entries. \\nWe each pay dues of 100 satoshis per day, so you better start hustling! \\nCash out any time; I will send BTC to you. \\nSo long as you leave enough satoshis to pay for 1 week of dues. \\nWin big in this marketplace for ideas! \",\"picture\":\"https://synchrono.city/JAMN.png\",\"initial-credit-balance-sat\":100000,\"minimum-withdrawal-sat\":7000,\"daily-fee-sat\":100,\"timezone\":\"UTC-08:00\"}", "sig" "ea34fad43440cfd538285224eeb283bef9c01abc7b6e4d019e5833d70baf8624d391c3c6fc3aca4024b2a7ee97f2c43a87269981a7dada3e413e1455cafcc673"}], :client-id "manifold.stream.SplicedStream@37c8cac2"}
clojure.lang.Delay@3c90e59f DEBUG [synchrono.server.ws:212] - Sending EOSE for subscription {:subscription-id "sub:1"}
clojure.lang.Delay@1fd64dc3 DEBUG [synchrono.server.ws:52] - Sending message to client {:message ["EOSE" "sub:1"], :client-id "manifold.stream.SplicedStream@37c8cac2"}
clojure.lang.Delay@7677a981 DEBUG [synchrono.server.ws:240] - Received WebSocket message {:type "CLOSE", :params ("sub:1"), :raw-message "[\"CLOSE\",\"sub:1\"]"}
clojure.lang.Delay@383a9dc6 DEBUG [synchrono.server.ws:230] - Processing CLOSE message {:subscription-id "sub:1"}
clojure.lang.Delay@5689a7ba INFO [synchrono.server.core:33] - [:get] /ws 404 - 233ms
clojure.lang.Delay@31141e7b INFO [synchrono.server.core:33] - [:get] / 200 - 2ms
clojure.lang.Delay@1c6bed9 INFO [synchrono.server.ws:288] - WebSocket connection closed {:client-id "manifold.stream.SplicedStream@37c8cac2"}
clojure.lang.Delay@732cd7a4 INFO [synchrono.server.ws:281] - WebSocket connection established {:client-id "manifold.stream.SplicedStream@2fe788b3", :headers {"origin" "http://localhost:3000", "host" "localhost:3000", "upgrade" "websocket", "user-agent" "Mozilla/5.0 (Macintosh; Intel Mac OS X 10_15_7) AppleWebKit/537.36 (KHTML, like Gecko) Chrome/130.0.0.0 Safari/537.36", "cookie" "ring-session=ea3c4a1c-7dab-41bd-b09a-a684e37b5259", "connection" "Upgrade", "pragma" "no-cache", "sec-websocket-key" "t99XqIjrVxAm5QC0Ekxh7w==", "accept-language" "en-US,en;q=0.9", "sec-websocket-version" "13", "accept-encoding" "gzip, deflate, br, zstd", "sec-websocket-extensions" "permessage-deflate; client_max_window_bits", "cache-control" "no-cache"}}
clojure.lang.Delay@7f30cd9e DEBUG [synchrono.server.ws:240] - Received WebSocket message {:type "REQ", :params ("sub:1" {:kinds [4444], :#s ["synchrono"]}), :raw-message "[\"REQ\",\"sub:1\",{\"kinds\":[4444],\"#s\":[\"synchrono\"]}]"}
clojure.lang.Delay@5f4d3937 DEBUG [synchrono.server.ws:195] - Processing REQ message {:subscription-id "sub:1", :filters ({:kinds [4444], :#s ["synchrono"]})}
clojure.lang.Delay@3bd7d864 DEBUG [synchrono.server.ws:35] - Adding subscription {:client-id "manifold.stream.SplicedStream@2fe788b3", :subscription-id "sub:1", :filters ({:kinds [4444], :#s ["synchrono"]})}
clojure.lang.Delay@12a888a4 INFO [synchrono.server.ws:203] - Found matching events for subscription {:subscription-id "sub:1", :event-count 5}
clojure.lang.Delay@2ed7e648 DEBUG [synchrono.server.ws:207] - Sending event for subscription {:subscription-id "sub:1", :event-id "4b9a57c73eee3deb848df08d66241369c67766716203cc763a25ab5377941fe0", :event {:id "4b9a57c73eee3deb848df08d66241369c67766716203cc763a25ab5377941fe0", :pubkey "800e78c63707901e8f9dff820659e844efe92b329e9f24d6ea53aece315cbfe4", :created_at 1730982229, :kind 4444, :tags "[[\"s\",\"synchrono\"]]", :content "{\"id\":null,\"name\":\"synchrono.city\",\"about\":\"Everyone buys in for 100,000 satoshis by sending 0.001 BTC to me. \\nTransfer satoshis to other people by upvoting their entries. \\nWe each pay dues of 100 satoshis per day, so you better start hustling! \\nCash out any time; I will send BTC to you. \\nSo long as you leave enough satoshis to pay for 1 week of dues. \\nWin big in this marketplace for ideas! \",\"picture\":\"https://synchrono.city/JAMN.png\",\"initial-credit-balance-sat\":100000,\"minimum-withdrawal-sat\":7000,\"daily-fee-sat\":100,\"timezone\":\"UTC-08:00\"}", :sig "8fd5e97c2e2d7faba3dba5f561d77156d0fe731fb4259d8d9fcb75a4af690f8be8888d48c3ef2bde227c70f83dc416b54cc0d784810b617a7403736ea4120ce3"}}
clojure.lang.Delay@74ce22b DEBUG [synchrono.server.ws:83] - Attempting to send EVENT {:subscription-id "sub:1", :event-id "4b9a57c73eee3deb848df08d66241369c67766716203cc763a25ab5377941fe0", :client-id "manifold.stream.SplicedStream@2fe788b3"}
clojure.lang.Delay@3c603588 DEBUG [synchrono.server.ws:88] - Normalized event for sending {:original {:id "4b9a57c73eee3deb848df08d66241369c67766716203cc763a25ab5377941fe0", :pubkey "800e78c63707901e8f9dff820659e844efe92b329e9f24d6ea53aece315cbfe4", :created_at 1730982229, :kind 4444, :tags "[[\"s\",\"synchrono\"]]", :content "{\"id\":null,\"name\":\"synchrono.city\",\"about\":\"Everyone buys in for 100,000 satoshis by sending 0.001 BTC to me. \\nTransfer satoshis to other people by upvoting their entries. \\nWe each pay dues of 100 satoshis per day, so you better start hustling! \\nCash out any time; I will send BTC to you. \\nSo long as you leave enough satoshis to pay for 1 week of dues. \\nWin big in this marketplace for ideas! \",\"picture\":\"https://synchrono.city/JAMN.png\",\"initial-credit-balance-sat\":100000,\"minimum-withdrawal-sat\":7000,\"daily-fee-sat\":100,\"timezone\":\"UTC-08:00\"}", :sig "8fd5e97c2e2d7faba3dba5f561d77156d0fe731fb4259d8d9fcb75a4af690f8be8888d48c3ef2bde227c70f83dc416b54cc0d784810b617a7403736ea4120ce3"}, :normalized {"id" "4b9a57c73eee3deb848df08d66241369c67766716203cc763a25ab5377941fe0", "pubkey" "800e78c63707901e8f9dff820659e844efe92b329e9f24d6ea53aece315cbfe4", "created_at" 1730982229, "kind" 4444, "tags" (["s" "synchrono"]), "content" "{\"id\":null,\"name\":\"synchrono.city\",\"about\":\"Everyone buys in for 100,000 satoshis by sending 0.001 BTC to me. \\nTransfer satoshis to other people by upvoting their entries. \\nWe each pay dues of 100 satoshis per day, so you better start hustling! \\nCash out any time; I will send BTC to you. \\nSo long as you leave enough satoshis to pay for 1 week of dues. \\nWin big in this marketplace for ideas! \",\"picture\":\"https://synchrono.city/JAMN.png\",\"initial-credit-balance-sat\":100000,\"minimum-withdrawal-sat\":7000,\"daily-fee-sat\":100,\"timezone\":\"UTC-08:00\"}", "sig" "8fd5e97c2e2d7faba3dba5f561d77156d0fe731fb4259d8d9fcb75a4af690f8be8888d48c3ef2bde227c70f83dc416b54cc0d784810b617a7403736ea4120ce3"}}
clojure.lang.Delay@216ced6e DEBUG [synchrono.server.ws:52] - Sending message to client {:message ["EVENT" "sub:1" {"id" "4b9a57c73eee3deb848df08d66241369c67766716203cc763a25ab5377941fe0", "pubkey" "800e78c63707901e8f9dff820659e844efe92b329e9f24d6ea53aece315cbfe4", "created_at" 1730982229, "kind" 4444, "tags" (["s" "synchrono"]), "content" "{\"id\":null,\"name\":\"synchrono.city\",\"about\":\"Everyone buys in for 100,000 satoshis by sending 0.001 BTC to me. \\nTransfer satoshis to other people by upvoting their entries. \\nWe each pay dues of 100 satoshis per day, so you better start hustling! \\nCash out any time; I will send BTC to you. \\nSo long as you leave enough satoshis to pay for 1 week of dues. \\nWin big in this marketplace for ideas! \",\"picture\":\"https://synchrono.city/JAMN.png\",\"initial-credit-balance-sat\":100000,\"minimum-withdrawal-sat\":7000,\"daily-fee-sat\":100,\"timezone\":\"UTC-08:00\"}", "sig" "8fd5e97c2e2d7faba3dba5f561d77156d0fe731fb4259d8d9fcb75a4af690f8be8888d48c3ef2bde227c70f83dc416b54cc0d784810b617a7403736ea4120ce3"}], :client-id "manifold.stream.SplicedStream@2fe788b3"}
clojure.lang.Delay@4cce876 DEBUG [synchrono.server.ws:207] - Sending event for subscription {:subscription-id "sub:1", :event-id "20cba70f46e96dd1de7dadadd9eab404f187faa7f142d04ceb688880ab47fc30", :event {:id "20cba70f46e96dd1de7dadadd9eab404f187faa7f142d04ceb688880ab47fc30", :pubkey "800e78c63707901e8f9dff820659e844efe92b329e9f24d6ea53aece315cbfe4", :created_at 1730981067, :kind 4444, :tags "[[\"s\",\"synchrono\"]]", :content "{\"id\":null,\"name\":\"synchrono.city\",\"about\":\"Everyone buys in for 100,000 satoshis by sending 0.001 BTC to me. \\nTransfer satoshis to other people by upvoting their entries. \\nWe each pay dues of 100 satoshis per day, so you better start hustling! \\nCash out any time; I will send BTC to you. \\nSo long as you leave enough satoshis to pay for 1 week of dues. \\nWin big in this marketplace for ideas! \",\"picture\":\"https://synchrono.city/JAMN.png\",\"initial-credit-balance-sat\":100000,\"minimum-withdrawal-sat\":7000,\"daily-fee-sat\":100,\"timezone\":\"UTC-08:00\"}", :sig "151d534570d9d818fbfe33d0ecf3392c79f6ce6a5a951c42c154e8776f9ebf7529892958d29cd0c49d4aa294b6a4797cb910dd84085a9bd4ec68b7d879aebe54"}}
clojure.lang.Delay@30f1a45f DEBUG [synchrono.server.ws:83] - Attempting to send EVENT {:subscription-id "sub:1", :event-id "20cba70f46e96dd1de7dadadd9eab404f187faa7f142d04ceb688880ab47fc30", :client-id "manifold.stream.SplicedStream@2fe788b3"}
clojure.lang.Delay@697173d DEBUG [synchrono.server.ws:88] - Normalized event for sending {:original {:id "20cba70f46e96dd1de7dadadd9eab404f187faa7f142d04ceb688880ab47fc30", :pubkey "800e78c63707901e8f9dff820659e844efe92b329e9f24d6ea53aece315cbfe4", :created_at 1730981067, :kind 4444, :tags "[[\"s\",\"synchrono\"]]", :content "{\"id\":null,\"name\":\"synchrono.city\",\"about\":\"Everyone buys in for 100,000 satoshis by sending 0.001 BTC to me. \\nTransfer satoshis to other people by upvoting their entries. \\nWe each pay dues of 100 satoshis per day, so you better start hustling! \\nCash out any time; I will send BTC to you. \\nSo long as you leave enough satoshis to pay for 1 week of dues. \\nWin big in this marketplace for ideas! \",\"picture\":\"https://synchrono.city/JAMN.png\",\"initial-credit-balance-sat\":100000,\"minimum-withdrawal-sat\":7000,\"daily-fee-sat\":100,\"timezone\":\"UTC-08:00\"}", :sig "151d534570d9d818fbfe33d0ecf3392c79f6ce6a5a951c42c154e8776f9ebf7529892958d29cd0c49d4aa294b6a4797cb910dd84085a9bd4ec68b7d879aebe54"}, :normalized {"id" "20cba70f46e96dd1de7dadadd9eab404f187faa7f142d04ceb688880ab47fc30", "pubkey" "800e78c63707901e8f9dff820659e844efe92b329e9f24d6ea53aece315cbfe4", "created_at" 1730981067, "kind" 4444, "tags" (["s" "synchrono"]), "content" "{\"id\":null,\"name\":\"synchrono.city\",\"about\":\"Everyone buys in for 100,000 satoshis by sending 0.001 BTC to me. \\nTransfer satoshis to other people by upvoting their entries. \\nWe each pay dues of 100 satoshis per day, so you better start hustling! \\nCash out any time; I will send BTC to you. \\nSo long as you leave enough satoshis to pay for 1 week of dues. \\nWin big in this marketplace for ideas! \",\"picture\":\"https://synchrono.city/JAMN.png\",\"initial-credit-balance-sat\":100000,\"minimum-withdrawal-sat\":7000,\"daily-fee-sat\":100,\"timezone\":\"UTC-08:00\"}", "sig" "151d534570d9d818fbfe33d0ecf3392c79f6ce6a5a951c42c154e8776f9ebf7529892958d29cd0c49d4aa294b6a4797cb910dd84085a9bd4ec68b7d879aebe54"}}
clojure.lang.Delay@6ff4f56a DEBUG [synchrono.server.ws:52] - Sending message to client {:message ["EVENT" "sub:1" {"id" "20cba70f46e96dd1de7dadadd9eab404f187faa7f142d04ceb688880ab47fc30", "pubkey" "800e78c63707901e8f9dff820659e844efe92b329e9f24d6ea53aece315cbfe4", "created_at" 1730981067, "kind" 4444, "tags" (["s" "synchrono"]), "content" "{\"id\":null,\"name\":\"synchrono.city\",\"about\":\"Everyone buys in for 100,000 satoshis by sending 0.001 BTC to me. \\nTransfer satoshis to other people by upvoting their entries. \\nWe each pay dues of 100 satoshis per day, so you better start hustling! \\nCash out any time; I will send BTC to you. \\nSo long as you leave enough satoshis to pay for 1 week of dues. \\nWin big in this marketplace for ideas! \",\"picture\":\"https://synchrono.city/JAMN.png\",\"initial-credit-balance-sat\":100000,\"minimum-withdrawal-sat\":7000,\"daily-fee-sat\":100,\"timezone\":\"UTC-08:00\"}", "sig" "151d534570d9d818fbfe33d0ecf3392c79f6ce6a5a951c42c154e8776f9ebf7529892958d29cd0c49d4aa294b6a4797cb910dd84085a9bd4ec68b7d879aebe54"}], :client-id "manifold.stream.SplicedStream@2fe788b3"}
clojure.lang.Delay@36a7dfde DEBUG [synchrono.server.ws:207] - Sending event for subscription {:subscription-id "sub:1", :event-id "5a24aab418cf86c0956802f0f5de81b9682d75db4d653abf603c015820306401", :event {:id "5a24aab418cf86c0956802f0f5de81b9682d75db4d653abf603c015820306401", :pubkey "800e78c63707901e8f9dff820659e844efe92b329e9f24d6ea53aece315cbfe4", :created_at 1730980824, :kind 4444, :tags "[[\"s\",\"synchrono\"]]", :content "{\"id\":null,\"name\":\"synchrono.city\",\"about\":\"Everyone buys in for 100,000 satoshis by sending 0.001 BTC to me. \\nTransfer satoshis to other people by upvoting their entries. \\nWe each pay dues of 100 satoshis per day, so you better start hustling! \\nCash out any time; I will send BTC to you. \\nSo long as you leave enough satoshis to pay for 1 week of dues. \\nWin big in this marketplace for ideas! \",\"picture\":\"https://synchrono.city/JAMN.png\",\"initial-credit-balance-sat\":100000,\"minimum-withdrawal-sat\":7000,\"daily-fee-sat\":100,\"timezone\":\"UTC-08:00\"}", :sig "980edfcac3469ec4062694368f65045ddf329e55da4c3dea3b48e2480216ed8c365a8451b809228f2362248e13c797afd278e05b3f68c51694f0a444fc209e5c"}}
clojure.lang.Delay@5ce9e070 DEBUG [synchrono.server.ws:83] - Attempting to send EVENT {:subscription-id "sub:1", :event-id "5a24aab418cf86c0956802f0f5de81b9682d75db4d653abf603c015820306401", :client-id "manifold.stream.SplicedStream@2fe788b3"}
clojure.lang.Delay@6f9790b6 DEBUG [synchrono.server.ws:88] - Normalized event for sending {:original {:id "5a24aab418cf86c0956802f0f5de81b9682d75db4d653abf603c015820306401", :pubkey "800e78c63707901e8f9dff820659e844efe92b329e9f24d6ea53aece315cbfe4", :created_at 1730980824, :kind 4444, :tags "[[\"s\",\"synchrono\"]]", :content "{\"id\":null,\"name\":\"synchrono.city\",\"about\":\"Everyone buys in for 100,000 satoshis by sending 0.001 BTC to me. \\nTransfer satoshis to other people by upvoting their entries. \\nWe each pay dues of 100 satoshis per day, so you better start hustling! \\nCash out any time; I will send BTC to you. \\nSo long as you leave enough satoshis to pay for 1 week of dues. \\nWin big in this marketplace for ideas! \",\"picture\":\"https://synchrono.city/JAMN.png\",\"initial-credit-balance-sat\":100000,\"minimum-withdrawal-sat\":7000,\"daily-fee-sat\":100,\"timezone\":\"UTC-08:00\"}", :sig "980edfcac3469ec4062694368f65045ddf329e55da4c3dea3b48e2480216ed8c365a8451b809228f2362248e13c797afd278e05b3f68c51694f0a444fc209e5c"}, :normalized {"id" "5a24aab418cf86c0956802f0f5de81b9682d75db4d653abf603c015820306401", "pubkey" "800e78c63707901e8f9dff820659e844efe92b329e9f24d6ea53aece315cbfe4", "created_at" 1730980824, "kind" 4444, "tags" (["s" "synchrono"]), "content" "{\"id\":null,\"name\":\"synchrono.city\",\"about\":\"Everyone buys in for 100,000 satoshis by sending 0.001 BTC to me. \\nTransfer satoshis to other people by upvoting their entries. \\nWe each pay dues of 100 satoshis per day, so you better start hustling! \\nCash out any time; I will send BTC to you. \\nSo long as you leave enough satoshis to pay for 1 week of dues. \\nWin big in this marketplace for ideas! \",\"picture\":\"https://synchrono.city/JAMN.png\",\"initial-credit-balance-sat\":100000,\"minimum-withdrawal-sat\":7000,\"daily-fee-sat\":100,\"timezone\":\"UTC-08:00\"}", "sig" "980edfcac3469ec4062694368f65045ddf329e55da4c3dea3b48e2480216ed8c365a8451b809228f2362248e13c797afd278e05b3f68c51694f0a444fc209e5c"}}
clojure.lang.Delay@7492bd0a DEBUG [synchrono.server.ws:52] - Sending message to client {:message ["EVENT" "sub:1" {"id" "5a24aab418cf86c0956802f0f5de81b9682d75db4d653abf603c015820306401", "pubkey" "800e78c63707901e8f9dff820659e844efe92b329e9f24d6ea53aece315cbfe4", "created_at" 1730980824, "kind" 4444, "tags" (["s" "synchrono"]), "content" "{\"id\":null,\"name\":\"synchrono.city\",\"about\":\"Everyone buys in for 100,000 satoshis by sending 0.001 BTC to me. \\nTransfer satoshis to other people by upvoting their entries. \\nWe each pay dues of 100 satoshis per day, so you better start hustling! \\nCash out any time; I will send BTC to you. \\nSo long as you leave enough satoshis to pay for 1 week of dues. \\nWin big in this marketplace for ideas! \",\"picture\":\"https://synchrono.city/JAMN.png\",\"initial-credit-balance-sat\":100000,\"minimum-withdrawal-sat\":7000,\"daily-fee-sat\":100,\"timezone\":\"UTC-08:00\"}", "sig" "980edfcac3469ec4062694368f65045ddf329e55da4c3dea3b48e2480216ed8c365a8451b809228f2362248e13c797afd278e05b3f68c51694f0a444fc209e5c"}], :client-id "manifold.stream.SplicedStream@2fe788b3"}
clojure.lang.Delay@39f2ce94 DEBUG [synchrono.server.ws:207] - Sending event for subscription {:subscription-id "sub:1", :event-id "d21e95e82856fa40c2b4a71d96110cb56fdda768a086bacd673af72d4e17465e", :event {:id "d21e95e82856fa40c2b4a71d96110cb56fdda768a086bacd673af72d4e17465e", :pubkey "800e78c63707901e8f9dff820659e844efe92b329e9f24d6ea53aece315cbfe4", :created_at 1730979951, :kind 4444, :tags "[[\"s\",\"synchrono\"]]", :content "{\"id\":null,\"name\":\"synchrono.city\",\"about\":\"Everyone buys in for 100,000 satoshis by sending 0.001 BTC to me. \\nTransfer satoshis to other people by upvoting their entries. \\nWe each pay dues of 100 satoshis per day, so you better start hustling! \\nCash out any time; I will send BTC to you. \\nSo long as you leave enough satoshis to pay for 1 week of dues. \\nWin big in this marketplace for ideas! \",\"picture\":\"https://synchrono.city/JAMN.png\",\"initial-credit-balance-sat\":100000,\"minimum-withdrawal-sat\":7000,\"daily-fee-sat\":100,\"timezone\":\"UTC-08:00\"}", :sig "6caf875b67c37126588d649815b7b46301ddce2f4d587adada939f8078946a4e4839744a8902acffde3f072cb5bb0798ec6d27a124c4e49f8ac48f9fed5a5f2b"}}
clojure.lang.Delay@4abe6292 DEBUG [synchrono.server.ws:83] - Attempting to send EVENT {:subscription-id "sub:1", :event-id "d21e95e82856fa40c2b4a71d96110cb56fdda768a086bacd673af72d4e17465e", :client-id "manifold.stream.SplicedStream@2fe788b3"}
clojure.lang.Delay@3ecd1837 DEBUG [synchrono.server.ws:88] - Normalized event for sending {:original {:id "d21e95e82856fa40c2b4a71d96110cb56fdda768a086bacd673af72d4e17465e", :pubkey "800e78c63707901e8f9dff820659e844efe92b329e9f24d6ea53aece315cbfe4", :created_at 1730979951, :kind 4444, :tags "[[\"s\",\"synchrono\"]]", :content "{\"id\":null,\"name\":\"synchrono.city\",\"about\":\"Everyone buys in for 100,000 satoshis by sending 0.001 BTC to me. \\nTransfer satoshis to other people by upvoting their entries. \\nWe each pay dues of 100 satoshis per day, so you better start hustling! \\nCash out any time; I will send BTC to you. \\nSo long as you leave enough satoshis to pay for 1 week of dues. \\nWin big in this marketplace for ideas! \",\"picture\":\"https://synchrono.city/JAMN.png\",\"initial-credit-balance-sat\":100000,\"minimum-withdrawal-sat\":7000,\"daily-fee-sat\":100,\"timezone\":\"UTC-08:00\"}", :sig "6caf875b67c37126588d649815b7b46301ddce2f4d587adada939f8078946a4e4839744a8902acffde3f072cb5bb0798ec6d27a124c4e49f8ac48f9fed5a5f2b"}, :normalized {"id" "d21e95e82856fa40c2b4a71d96110cb56fdda768a086bacd673af72d4e17465e", "pubkey" "800e78c63707901e8f9dff820659e844efe92b329e9f24d6ea53aece315cbfe4", "created_at" 1730979951, "kind" 4444, "tags" (["s" "synchrono"]), "content" "{\"id\":null,\"name\":\"synchrono.city\",\"about\":\"Everyone buys in for 100,000 satoshis by sending 0.001 BTC to me. \\nTransfer satoshis to other people by upvoting their entries. \\nWe each pay dues of 100 satoshis per day, so you better start hustling! \\nCash out any time; I will send BTC to you. \\nSo long as you leave enough satoshis to pay for 1 week of dues. \\nWin big in this marketplace for ideas! \",\"picture\":\"https://synchrono.city/JAMN.png\",\"initial-credit-balance-sat\":100000,\"minimum-withdrawal-sat\":7000,\"daily-fee-sat\":100,\"timezone\":\"UTC-08:00\"}", "sig" "6caf875b67c37126588d649815b7b46301ddce2f4d587adada939f8078946a4e4839744a8902acffde3f072cb5bb0798ec6d27a124c4e49f8ac48f9fed5a5f2b"}}
clojure.lang.Delay@1b9adb11 DEBUG [synchrono.server.ws:52] - Sending message to client {:message ["EVENT" "sub:1" {"id" "d21e95e82856fa40c2b4a71d96110cb56fdda768a086bacd673af72d4e17465e", "pubkey" "800e78c63707901e8f9dff820659e844efe92b329e9f24d6ea53aece315cbfe4", "created_at" 1730979951, "kind" 4444, "tags" (["s" "synchrono"]), "content" "{\"id\":null,\"name\":\"synchrono.city\",\"about\":\"Everyone buys in for 100,000 satoshis by sending 0.001 BTC to me. \\nTransfer satoshis to other people by upvoting their entries. \\nWe each pay dues of 100 satoshis per day, so you better start hustling! \\nCash out any time; I will send BTC to you. \\nSo long as you leave enough satoshis to pay for 1 week of dues. \\nWin big in this marketplace for ideas! \",\"picture\":\"https://synchrono.city/JAMN.png\",\"initial-credit-balance-sat\":100000,\"minimum-withdrawal-sat\":7000,\"daily-fee-sat\":100,\"timezone\":\"UTC-08:00\"}", "sig" "6caf875b67c37126588d649815b7b46301ddce2f4d587adada939f8078946a4e4839744a8902acffde3f072cb5bb0798ec6d27a124c4e49f8ac48f9fed5a5f2b"}], :client-id "manifold.stream.SplicedStream@2fe788b3"}
clojure.lang.Delay@21658748 DEBUG [synchrono.server.ws:207] - Sending event for subscription {:subscription-id "sub:1", :event-id "c9b9018eadf6b01a7817408bab9cfb293a0e32505ed61788eafe9d9e33bda89a", :event {:id "c9b9018eadf6b01a7817408bab9cfb293a0e32505ed61788eafe9d9e33bda89a", :pubkey "800e78c63707901e8f9dff820659e844efe92b329e9f24d6ea53aece315cbfe4", :created_at 1730979124, :kind 4444, :tags "[[\"s\",\"synchrono\"]]", :content "{\"id\":null,\"name\":\"synchrono.city\",\"about\":\"Everyone buys in for 100,000 satoshis by sending 0.001 BTC to me. \\nTransfer satoshis to other people by upvoting their entries. \\nWe each pay dues of 100 satoshis per day, so you better start hustling! \\nCash out any time; I will send BTC to you. \\nSo long as you leave enough satoshis to pay for 1 week of dues. \\nWin big in this marketplace for ideas! \",\"picture\":\"https://synchrono.city/JAMN.png\",\"initial-credit-balance-sat\":100000,\"minimum-withdrawal-sat\":7000,\"daily-fee-sat\":100,\"timezone\":\"UTC-08:00\"}", :sig "ea34fad43440cfd538285224eeb283bef9c01abc7b6e4d019e5833d70baf8624d391c3c6fc3aca4024b2a7ee97f2c43a87269981a7dada3e413e1455cafcc673"}}
clojure.lang.Delay@60be6100 DEBUG [synchrono.server.ws:83] - Attempting to send EVENT {:subscription-id "sub:1", :event-id "c9b9018eadf6b01a7817408bab9cfb293a0e32505ed61788eafe9d9e33bda89a", :client-id "manifold.stream.SplicedStream@2fe788b3"}
clojure.lang.Delay@3a8b1b79 DEBUG [synchrono.server.ws:88] - Normalized event for sending {:original {:id "c9b9018eadf6b01a7817408bab9cfb293a0e32505ed61788eafe9d9e33bda89a", :pubkey "800e78c63707901e8f9dff820659e844efe92b329e9f24d6ea53aece315cbfe4", :created_at 1730979124, :kind 4444, :tags "[[\"s\",\"synchrono\"]]", :content "{\"id\":null,\"name\":\"synchrono.city\",\"about\":\"Everyone buys in for 100,000 satoshis by sending 0.001 BTC to me. \\nTransfer satoshis to other people by upvoting their entries. \\nWe each pay dues of 100 satoshis per day, so you better start hustling! \\nCash out any time; I will send BTC to you. \\nSo long as you leave enough satoshis to pay for 1 week of dues. \\nWin big in this marketplace for ideas! \",\"picture\":\"https://synchrono.city/JAMN.png\",\"initial-credit-balance-sat\":100000,\"minimum-withdrawal-sat\":7000,\"daily-fee-sat\":100,\"timezone\":\"UTC-08:00\"}", :sig "ea34fad43440cfd538285224eeb283bef9c01abc7b6e4d019e5833d70baf8624d391c3c6fc3aca4024b2a7ee97f2c43a87269981a7dada3e413e1455cafcc673"}, :normalized {"id" "c9b9018eadf6b01a7817408bab9cfb293a0e32505ed61788eafe9d9e33bda89a", "pubkey" "800e78c63707901e8f9dff820659e844efe92b329e9f24d6ea53aece315cbfe4", "created_at" 1730979124, "kind" 4444, "tags" (["s" "synchrono"]), "content" "{\"id\":null,\"name\":\"synchrono.city\",\"about\":\"Everyone buys in for 100,000 satoshis by sending 0.001 BTC to me. \\nTransfer satoshis to other people by upvoting their entries. \\nWe each pay dues of 100 satoshis per day, so you better start hustling! \\nCash out any time; I will send BTC to you. \\nSo long as you leave enough satoshis to pay for 1 week of dues. \\nWin big in this marketplace for ideas! \",\"picture\":\"https://synchrono.city/JAMN.png\",\"initial-credit-balance-sat\":100000,\"minimum-withdrawal-sat\":7000,\"daily-fee-sat\":100,\"timezone\":\"UTC-08:00\"}", "sig" "ea34fad43440cfd538285224eeb283bef9c01abc7b6e4d019e5833d70baf8624d391c3c6fc3aca4024b2a7ee97f2c43a87269981a7dada3e413e1455cafcc673"}}
clojure.lang.Delay@2d13e54d DEBUG [synchrono.server.ws:52] - Sending message to client {:message ["EVENT" "sub:1" {"id" "c9b9018eadf6b01a7817408bab9cfb293a0e32505ed61788eafe9d9e33bda89a", "pubkey" "800e78c63707901e8f9dff820659e844efe92b329e9f24d6ea53aece315cbfe4", "created_at" 1730979124, "kind" 4444, "tags" (["s" "synchrono"]), "content" "{\"id\":null,\"name\":\"synchrono.city\",\"about\":\"Everyone buys in for 100,000 satoshis by sending 0.001 BTC to me. \\nTransfer satoshis to other people by upvoting their entries. \\nWe each pay dues of 100 satoshis per day, so you better start hustling! \\nCash out any time; I will send BTC to you. \\nSo long as you leave enough satoshis to pay for 1 week of dues. \\nWin big in this marketplace for ideas! \",\"picture\":\"https://synchrono.city/JAMN.png\",\"initial-credit-balance-sat\":100000,\"minimum-withdrawal-sat\":7000,\"daily-fee-sat\":100,\"timezone\":\"UTC-08:00\"}", "sig" "ea34fad43440cfd538285224eeb283bef9c01abc7b6e4d019e5833d70baf8624d391c3c6fc3aca4024b2a7ee97f2c43a87269981a7dada3e413e1455cafcc673"}], :client-id "manifold.stream.SplicedStream@2fe788b3"}
clojure.lang.Delay@3fd6ed3c DEBUG [synchrono.server.ws:212] - Sending EOSE for subscription {:subscription-id "sub:1"}
clojure.lang.Delay@4d5a9097 DEBUG [synchrono.server.ws:52] - Sending message to client {:message ["EOSE" "sub:1"], :client-id "manifold.stream.SplicedStream@2fe788b3"}
clojure.lang.Delay@26b1d724 DEBUG [synchrono.server.ws:240] - Received WebSocket message {:type "CLOSE", :params ("sub:1"), :raw-message "[\"CLOSE\",\"sub:1\"]"}
clojure.lang.Delay@39b013eb DEBUG [synchrono.server.ws:230] - Processing CLOSE message {:subscription-id "sub:1"}
clojure.lang.Delay@1f26e564 INFO [synchrono.server.core:33] - [:get] /ws 404 - 157ms
clojure.lang.Delay@65739f13 INFO [synchrono.server.core:33] - [:get] / 200 - 2ms
clojure.lang.Delay@7954cc9e INFO [synchrono.server.ws:288] - WebSocket connection closed {:client-id "manifold.stream.SplicedStream@2fe788b3"}
clojure.lang.Delay@11daf313 INFO [synchrono.server.ws:281] - WebSocket connection established {:client-id "manifold.stream.SplicedStream@30bcfad", :headers {"origin" "http://localhost:3000", "host" "localhost:3000", "upgrade" "websocket", "user-agent" "Mozilla/5.0 (Macintosh; Intel Mac OS X 10_15_7) AppleWebKit/537.36 (KHTML, like Gecko) Chrome/130.0.0.0 Safari/537.36", "cookie" "ring-session=ea3c4a1c-7dab-41bd-b09a-a684e37b5259", "connection" "Upgrade", "pragma" "no-cache", "sec-websocket-key" "AmAjp+3/u5BQu7pZiNfbeQ==", "accept-language" "en-US,en;q=0.9", "sec-websocket-version" "13", "accept-encoding" "gzip, deflate, br, zstd", "sec-websocket-extensions" "permessage-deflate; client_max_window_bits", "cache-control" "no-cache"}}
clojure.lang.Delay@2ce1416c DEBUG [synchrono.server.ws:240] - Received WebSocket message {:type "REQ", :params ("sub:1" {:kinds [4444], :#s ["synchrono"]}), :raw-message "[\"REQ\",\"sub:1\",{\"kinds\":[4444],\"#s\":[\"synchrono\"]}]"}
clojure.lang.Delay@33fa6bd5 DEBUG [synchrono.server.ws:195] - Processing REQ message {:subscription-id "sub:1", :filters ({:kinds [4444], :#s ["synchrono"]})}
clojure.lang.Delay@3a426123 DEBUG [synchrono.server.ws:35] - Adding subscription {:client-id "manifold.stream.SplicedStream@30bcfad", :subscription-id "sub:1", :filters ({:kinds [4444], :#s ["synchrono"]})}
clojure.lang.Delay@1b4298cf INFO [synchrono.server.ws:203] - Found matching events for subscription {:subscription-id "sub:1", :event-count 5}
clojure.lang.Delay@265d39b6 DEBUG [synchrono.server.ws:207] - Sending event for subscription {:subscription-id "sub:1", :event-id "4b9a57c73eee3deb848df08d66241369c67766716203cc763a25ab5377941fe0", :event {:id "4b9a57c73eee3deb848df08d66241369c67766716203cc763a25ab5377941fe0", :pubkey "800e78c63707901e8f9dff820659e844efe92b329e9f24d6ea53aece315cbfe4", :created_at 1730982229, :kind 4444, :tags "[[\"s\",\"synchrono\"]]", :content "{\"id\":null,\"name\":\"synchrono.city\",\"about\":\"Everyone buys in for 100,000 satoshis by sending 0.001 BTC to me. \\nTransfer satoshis to other people by upvoting their entries. \\nWe each pay dues of 100 satoshis per day, so you better start hustling! \\nCash out any time; I will send BTC to you. \\nSo long as you leave enough satoshis to pay for 1 week of dues. \\nWin big in this marketplace for ideas! \",\"picture\":\"https://synchrono.city/JAMN.png\",\"initial-credit-balance-sat\":100000,\"minimum-withdrawal-sat\":7000,\"daily-fee-sat\":100,\"timezone\":\"UTC-08:00\"}", :sig "8fd5e97c2e2d7faba3dba5f561d77156d0fe731fb4259d8d9fcb75a4af690f8be8888d48c3ef2bde227c70f83dc416b54cc0d784810b617a7403736ea4120ce3"}}
clojure.lang.Delay@752eccfc DEBUG [synchrono.server.ws:83] - Attempting to send EVENT {:subscription-id "sub:1", :event-id "4b9a57c73eee3deb848df08d66241369c67766716203cc763a25ab5377941fe0", :client-id "manifold.stream.SplicedStream@30bcfad"}
clojure.lang.Delay@70fa442 DEBUG [synchrono.server.ws:88] - Normalized event for sending {:original {:id "4b9a57c73eee3deb848df08d66241369c67766716203cc763a25ab5377941fe0", :pubkey "800e78c63707901e8f9dff820659e844efe92b329e9f24d6ea53aece315cbfe4", :created_at 1730982229, :kind 4444, :tags "[[\"s\",\"synchrono\"]]", :content "{\"id\":null,\"name\":\"synchrono.city\",\"about\":\"Everyone buys in for 100,000 satoshis by sending 0.001 BTC to me. \\nTransfer satoshis to other people by upvoting their entries. \\nWe each pay dues of 100 satoshis per day, so you better start hustling! \\nCash out any time; I will send BTC to you. \\nSo long as you leave enough satoshis to pay for 1 week of dues. \\nWin big in this marketplace for ideas! \",\"picture\":\"https://synchrono.city/JAMN.png\",\"initial-credit-balance-sat\":100000,\"minimum-withdrawal-sat\":7000,\"daily-fee-sat\":100,\"timezone\":\"UTC-08:00\"}", :sig "8fd5e97c2e2d7faba3dba5f561d77156d0fe731fb4259d8d9fcb75a4af690f8be8888d48c3ef2bde227c70f83dc416b54cc0d784810b617a7403736ea4120ce3"}, :normalized {"id" "4b9a57c73eee3deb848df08d66241369c67766716203cc763a25ab5377941fe0", "pubkey" "800e78c63707901e8f9dff820659e844efe92b329e9f24d6ea53aece315cbfe4", "created_at" 1730982229, "kind" 4444, "tags" (["s" "synchrono"]), "content" "{\"id\":null,\"name\":\"synchrono.city\",\"about\":\"Everyone buys in for 100,000 satoshis by sending 0.001 BTC to me. \\nTransfer satoshis to other people by upvoting their entries. \\nWe each pay dues of 100 satoshis per day, so you better start hustling! \\nCash out any time; I will send BTC to you. \\nSo long as you leave enough satoshis to pay for 1 week of dues. \\nWin big in this marketplace for ideas! \",\"picture\":\"https://synchrono.city/JAMN.png\",\"initial-credit-balance-sat\":100000,\"minimum-withdrawal-sat\":7000,\"daily-fee-sat\":100,\"timezone\":\"UTC-08:00\"}", "sig" "8fd5e97c2e2d7faba3dba5f561d77156d0fe731fb4259d8d9fcb75a4af690f8be8888d48c3ef2bde227c70f83dc416b54cc0d784810b617a7403736ea4120ce3"}}
clojure.lang.Delay@6811fd6a DEBUG [synchrono.server.ws:52] - Sending message to client {:message ["EVENT" "sub:1" {"id" "4b9a57c73eee3deb848df08d66241369c67766716203cc763a25ab5377941fe0", "pubkey" "800e78c63707901e8f9dff820659e844efe92b329e9f24d6ea53aece315cbfe4", "created_at" 1730982229, "kind" 4444, "tags" (["s" "synchrono"]), "content" "{\"id\":null,\"name\":\"synchrono.city\",\"about\":\"Everyone buys in for 100,000 satoshis by sending 0.001 BTC to me. \\nTransfer satoshis to other people by upvoting their entries. \\nWe each pay dues of 100 satoshis per day, so you better start hustling! \\nCash out any time; I will send BTC to you. \\nSo long as you leave enough satoshis to pay for 1 week of dues. \\nWin big in this marketplace for ideas! \",\"picture\":\"https://synchrono.city/JAMN.png\",\"initial-credit-balance-sat\":100000,\"minimum-withdrawal-sat\":7000,\"daily-fee-sat\":100,\"timezone\":\"UTC-08:00\"}", "sig" "8fd5e97c2e2d7faba3dba5f561d77156d0fe731fb4259d8d9fcb75a4af690f8be8888d48c3ef2bde227c70f83dc416b54cc0d784810b617a7403736ea4120ce3"}], :client-id "manifold.stream.SplicedStream@30bcfad"}
clojure.lang.Delay@138346ee DEBUG [synchrono.server.ws:207] - Sending event for subscription {:subscription-id "sub:1", :event-id "20cba70f46e96dd1de7dadadd9eab404f187faa7f142d04ceb688880ab47fc30", :event {:id "20cba70f46e96dd1de7dadadd9eab404f187faa7f142d04ceb688880ab47fc30", :pubkey "800e78c63707901e8f9dff820659e844efe92b329e9f24d6ea53aece315cbfe4", :created_at 1730981067, :kind 4444, :tags "[[\"s\",\"synchrono\"]]", :content "{\"id\":null,\"name\":\"synchrono.city\",\"about\":\"Everyone buys in for 100,000 satoshis by sending 0.001 BTC to me. \\nTransfer satoshis to other people by upvoting their entries. \\nWe each pay dues of 100 satoshis per day, so you better start hustling! \\nCash out any time; I will send BTC to you. \\nSo long as you leave enough satoshis to pay for 1 week of dues. \\nWin big in this marketplace for ideas! \",\"picture\":\"https://synchrono.city/JAMN.png\",\"initial-credit-balance-sat\":100000,\"minimum-withdrawal-sat\":7000,\"daily-fee-sat\":100,\"timezone\":\"UTC-08:00\"}", :sig "151d534570d9d818fbfe33d0ecf3392c79f6ce6a5a951c42c154e8776f9ebf7529892958d29cd0c49d4aa294b6a4797cb910dd84085a9bd4ec68b7d879aebe54"}}
clojure.lang.Delay@7e72cc9b DEBUG [synchrono.server.ws:83] - Attempting to send EVENT {:subscription-id "sub:1", :event-id "20cba70f46e96dd1de7dadadd9eab404f187faa7f142d04ceb688880ab47fc30", :client-id "manifold.stream.SplicedStream@30bcfad"}
clojure.lang.Delay@6c591b46 DEBUG [synchrono.server.ws:88] - Normalized event for sending {:original {:id "20cba70f46e96dd1de7dadadd9eab404f187faa7f142d04ceb688880ab47fc30", :pubkey "800e78c63707901e8f9dff820659e844efe92b329e9f24d6ea53aece315cbfe4", :created_at 1730981067, :kind 4444, :tags "[[\"s\",\"synchrono\"]]", :content "{\"id\":null,\"name\":\"synchrono.city\",\"about\":\"Everyone buys in for 100,000 satoshis by sending 0.001 BTC to me. \\nTransfer satoshis to other people by upvoting their entries. \\nWe each pay dues of 100 satoshis per day, so you better start hustling! \\nCash out any time; I will send BTC to you. \\nSo long as you leave enough satoshis to pay for 1 week of dues. \\nWin big in this marketplace for ideas! \",\"picture\":\"https://synchrono.city/JAMN.png\",\"initial-credit-balance-sat\":100000,\"minimum-withdrawal-sat\":7000,\"daily-fee-sat\":100,\"timezone\":\"UTC-08:00\"}", :sig "151d534570d9d818fbfe33d0ecf3392c79f6ce6a5a951c42c154e8776f9ebf7529892958d29cd0c49d4aa294b6a4797cb910dd84085a9bd4ec68b7d879aebe54"}, :normalized {"id" "20cba70f46e96dd1de7dadadd9eab404f187faa7f142d04ceb688880ab47fc30", "pubkey" "800e78c63707901e8f9dff820659e844efe92b329e9f24d6ea53aece315cbfe4", "created_at" 1730981067, "kind" 4444, "tags" (["s" "synchrono"]), "content" "{\"id\":null,\"name\":\"synchrono.city\",\"about\":\"Everyone buys in for 100,000 satoshis by sending 0.001 BTC to me. \\nTransfer satoshis to other people by upvoting their entries. \\nWe each pay dues of 100 satoshis per day, so you better start hustling! \\nCash out any time; I will send BTC to you. \\nSo long as you leave enough satoshis to pay for 1 week of dues. \\nWin big in this marketplace for ideas! \",\"picture\":\"https://synchrono.city/JAMN.png\",\"initial-credit-balance-sat\":100000,\"minimum-withdrawal-sat\":7000,\"daily-fee-sat\":100,\"timezone\":\"UTC-08:00\"}", "sig" "151d534570d9d818fbfe33d0ecf3392c79f6ce6a5a951c42c154e8776f9ebf7529892958d29cd0c49d4aa294b6a4797cb910dd84085a9bd4ec68b7d879aebe54"}}
clojure.lang.Delay@2c9b7a75 DEBUG [synchrono.server.ws:52] - Sending message to client {:message ["EVENT" "sub:1" {"id" "20cba70f46e96dd1de7dadadd9eab404f187faa7f142d04ceb688880ab47fc30", "pubkey" "800e78c63707901e8f9dff820659e844efe92b329e9f24d6ea53aece315cbfe4", "created_at" 1730981067, "kind" 4444, "tags" (["s" "synchrono"]), "content" "{\"id\":null,\"name\":\"synchrono.city\",\"about\":\"Everyone buys in for 100,000 satoshis by sending 0.001 BTC to me. \\nTransfer satoshis to other people by upvoting their entries. \\nWe each pay dues of 100 satoshis per day, so you better start hustling! \\nCash out any time; I will send BTC to you. \\nSo long as you leave enough satoshis to pay for 1 week of dues. \\nWin big in this marketplace for ideas! \",\"picture\":\"https://synchrono.city/JAMN.png\",\"initial-credit-balance-sat\":100000,\"minimum-withdrawal-sat\":7000,\"daily-fee-sat\":100,\"timezone\":\"UTC-08:00\"}", "sig" "151d534570d9d818fbfe33d0ecf3392c79f6ce6a5a951c42c154e8776f9ebf7529892958d29cd0c49d4aa294b6a4797cb910dd84085a9bd4ec68b7d879aebe54"}], :client-id "manifold.stream.SplicedStream@30bcfad"}
clojure.lang.Delay@518a92a8 DEBUG [synchrono.server.ws:207] - Sending event for subscription {:subscription-id "sub:1", :event-id "5a24aab418cf86c0956802f0f5de81b9682d75db4d653abf603c015820306401", :event {:id "5a24aab418cf86c0956802f0f5de81b9682d75db4d653abf603c015820306401", :pubkey "800e78c63707901e8f9dff820659e844efe92b329e9f24d6ea53aece315cbfe4", :created_at 1730980824, :kind 4444, :tags "[[\"s\",\"synchrono\"]]", :content "{\"id\":null,\"name\":\"synchrono.city\",\"about\":\"Everyone buys in for 100,000 satoshis by sending 0.001 BTC to me. \\nTransfer satoshis to other people by upvoting their entries. \\nWe each pay dues of 100 satoshis per day, so you better start hustling! \\nCash out any time; I will send BTC to you. \\nSo long as you leave enough satoshis to pay for 1 week of dues. \\nWin big in this marketplace for ideas! \",\"picture\":\"https://synchrono.city/JAMN.png\",\"initial-credit-balance-sat\":100000,\"minimum-withdrawal-sat\":7000,\"daily-fee-sat\":100,\"timezone\":\"UTC-08:00\"}", :sig "980edfcac3469ec4062694368f65045ddf329e55da4c3dea3b48e2480216ed8c365a8451b809228f2362248e13c797afd278e05b3f68c51694f0a444fc209e5c"}}
clojure.lang.Delay@50675db6 DEBUG [synchrono.server.ws:83] - Attempting to send EVENT {:subscription-id "sub:1", :event-id "5a24aab418cf86c0956802f0f5de81b9682d75db4d653abf603c015820306401", :client-id "manifold.stream.SplicedStream@30bcfad"}
clojure.lang.Delay@5225a3b9 DEBUG [synchrono.server.ws:88] - Normalized event for sending {:original {:id "5a24aab418cf86c0956802f0f5de81b9682d75db4d653abf603c015820306401", :pubkey "800e78c63707901e8f9dff820659e844efe92b329e9f24d6ea53aece315cbfe4", :created_at 1730980824, :kind 4444, :tags "[[\"s\",\"synchrono\"]]", :content "{\"id\":null,\"name\":\"synchrono.city\",\"about\":\"Everyone buys in for 100,000 satoshis by sending 0.001 BTC to me. \\nTransfer satoshis to other people by upvoting their entries. \\nWe each pay dues of 100 satoshis per day, so you better start hustling! \\nCash out any time; I will send BTC to you. \\nSo long as you leave enough satoshis to pay for 1 week of dues. \\nWin big in this marketplace for ideas! \",\"picture\":\"https://synchrono.city/JAMN.png\",\"initial-credit-balance-sat\":100000,\"minimum-withdrawal-sat\":7000,\"daily-fee-sat\":100,\"timezone\":\"UTC-08:00\"}", :sig "980edfcac3469ec4062694368f65045ddf329e55da4c3dea3b48e2480216ed8c365a8451b809228f2362248e13c797afd278e05b3f68c51694f0a444fc209e5c"}, :normalized {"id" "5a24aab418cf86c0956802f0f5de81b9682d75db4d653abf603c015820306401", "pubkey" "800e78c63707901e8f9dff820659e844efe92b329e9f24d6ea53aece315cbfe4", "created_at" 1730980824, "kind" 4444, "tags" (["s" "synchrono"]), "content" "{\"id\":null,\"name\":\"synchrono.city\",\"about\":\"Everyone buys in for 100,000 satoshis by sending 0.001 BTC to me. \\nTransfer satoshis to other people by upvoting their entries. \\nWe each pay dues of 100 satoshis per day, so you better start hustling! \\nCash out any time; I will send BTC to you. \\nSo long as you leave enough satoshis to pay for 1 week of dues. \\nWin big in this marketplace for ideas! \",\"picture\":\"https://synchrono.city/JAMN.png\",\"initial-credit-balance-sat\":100000,\"minimum-withdrawal-sat\":7000,\"daily-fee-sat\":100,\"timezone\":\"UTC-08:00\"}", "sig" "980edfcac3469ec4062694368f65045ddf329e55da4c3dea3b48e2480216ed8c365a8451b809228f2362248e13c797afd278e05b3f68c51694f0a444fc209e5c"}}
clojure.lang.Delay@3aac0b92 DEBUG [synchrono.server.ws:52] - Sending message to client {:message ["EVENT" "sub:1" {"id" "5a24aab418cf86c0956802f0f5de81b9682d75db4d653abf603c015820306401", "pubkey" "800e78c63707901e8f9dff820659e844efe92b329e9f24d6ea53aece315cbfe4", "created_at" 1730980824, "kind" 4444, "tags" (["s" "synchrono"]), "content" "{\"id\":null,\"name\":\"synchrono.city\",\"about\":\"Everyone buys in for 100,000 satoshis by sending 0.001 BTC to me. \\nTransfer satoshis to other people by upvoting their entries. \\nWe each pay dues of 100 satoshis per day, so you better start hustling! \\nCash out any time; I will send BTC to you. \\nSo long as you leave enough satoshis to pay for 1 week of dues. \\nWin big in this marketplace for ideas! \",\"picture\":\"https://synchrono.city/JAMN.png\",\"initial-credit-balance-sat\":100000,\"minimum-withdrawal-sat\":7000,\"daily-fee-sat\":100,\"timezone\":\"UTC-08:00\"}", "sig" "980edfcac3469ec4062694368f65045ddf329e55da4c3dea3b48e2480216ed8c365a8451b809228f2362248e13c797afd278e05b3f68c51694f0a444fc209e5c"}], :client-id "manifold.stream.SplicedStream@30bcfad"}
clojure.lang.Delay@2713e7cb DEBUG [synchrono.server.ws:207] - Sending event for subscription {:subscription-id "sub:1", :event-id "d21e95e82856fa40c2b4a71d96110cb56fdda768a086bacd673af72d4e17465e", :event {:id "d21e95e82856fa40c2b4a71d96110cb56fdda768a086bacd673af72d4e17465e", :pubkey "800e78c63707901e8f9dff820659e844efe92b329e9f24d6ea53aece315cbfe4", :created_at 1730979951, :kind 4444, :tags "[[\"s\",\"synchrono\"]]", :content "{\"id\":null,\"name\":\"synchrono.city\",\"about\":\"Everyone buys in for 100,000 satoshis by sending 0.001 BTC to me. \\nTransfer satoshis to other people by upvoting their entries. \\nWe each pay dues of 100 satoshis per day, so you better start hustling! \\nCash out any time; I will send BTC to you. \\nSo long as you leave enough satoshis to pay for 1 week of dues. \\nWin big in this marketplace for ideas! \",\"picture\":\"https://synchrono.city/JAMN.png\",\"initial-credit-balance-sat\":100000,\"minimum-withdrawal-sat\":7000,\"daily-fee-sat\":100,\"timezone\":\"UTC-08:00\"}", :sig "6caf875b67c37126588d649815b7b46301ddce2f4d587adada939f8078946a4e4839744a8902acffde3f072cb5bb0798ec6d27a124c4e49f8ac48f9fed5a5f2b"}}
clojure.lang.Delay@5ce25de3 DEBUG [synchrono.server.ws:83] - Attempting to send EVENT {:subscription-id "sub:1", :event-id "d21e95e82856fa40c2b4a71d96110cb56fdda768a086bacd673af72d4e17465e", :client-id "manifold.stream.SplicedStream@30bcfad"}
clojure.lang.Delay@707b2aa2 DEBUG [synchrono.server.ws:88] - Normalized event for sending {:original {:id "d21e95e82856fa40c2b4a71d96110cb56fdda768a086bacd673af72d4e17465e", :pubkey "800e78c63707901e8f9dff820659e844efe92b329e9f24d6ea53aece315cbfe4", :created_at 1730979951, :kind 4444, :tags "[[\"s\",\"synchrono\"]]", :content "{\"id\":null,\"name\":\"synchrono.city\",\"about\":\"Everyone buys in for 100,000 satoshis by sending 0.001 BTC to me. \\nTransfer satoshis to other people by upvoting their entries. \\nWe each pay dues of 100 satoshis per day, so you better start hustling! \\nCash out any time; I will send BTC to you. \\nSo long as you leave enough satoshis to pay for 1 week of dues. \\nWin big in this marketplace for ideas! \",\"picture\":\"https://synchrono.city/JAMN.png\",\"initial-credit-balance-sat\":100000,\"minimum-withdrawal-sat\":7000,\"daily-fee-sat\":100,\"timezone\":\"UTC-08:00\"}", :sig "6caf875b67c37126588d649815b7b46301ddce2f4d587adada939f8078946a4e4839744a8902acffde3f072cb5bb0798ec6d27a124c4e49f8ac48f9fed5a5f2b"}, :normalized {"id" "d21e95e82856fa40c2b4a71d96110cb56fdda768a086bacd673af72d4e17465e", "pubkey" "800e78c63707901e8f9dff820659e844efe92b329e9f24d6ea53aece315cbfe4", "created_at" 1730979951, "kind" 4444, "tags" (["s" "synchrono"]), "content" "{\"id\":null,\"name\":\"synchrono.city\",\"about\":\"Everyone buys in for 100,000 satoshis by sending 0.001 BTC to me. \\nTransfer satoshis to other people by upvoting their entries. \\nWe each pay dues of 100 satoshis per day, so you better start hustling! \\nCash out any time; I will send BTC to you. \\nSo long as you leave enough satoshis to pay for 1 week of dues. \\nWin big in this marketplace for ideas! \",\"picture\":\"https://synchrono.city/JAMN.png\",\"initial-credit-balance-sat\":100000,\"minimum-withdrawal-sat\":7000,\"daily-fee-sat\":100,\"timezone\":\"UTC-08:00\"}", "sig" "6caf875b67c37126588d649815b7b46301ddce2f4d587adada939f8078946a4e4839744a8902acffde3f072cb5bb0798ec6d27a124c4e49f8ac48f9fed5a5f2b"}}
clojure.lang.Delay@741f605c DEBUG [synchrono.server.ws:52] - Sending message to client {:message ["EVENT" "sub:1" {"id" "d21e95e82856fa40c2b4a71d96110cb56fdda768a086bacd673af72d4e17465e", "pubkey" "800e78c63707901e8f9dff820659e844efe92b329e9f24d6ea53aece315cbfe4", "created_at" 1730979951, "kind" 4444, "tags" (["s" "synchrono"]), "content" "{\"id\":null,\"name\":\"synchrono.city\",\"about\":\"Everyone buys in for 100,000 satoshis by sending 0.001 BTC to me. \\nTransfer satoshis to other people by upvoting their entries. \\nWe each pay dues of 100 satoshis per day, so you better start hustling! \\nCash out any time; I will send BTC to you. \\nSo long as you leave enough satoshis to pay for 1 week of dues. \\nWin big in this marketplace for ideas! \",\"picture\":\"https://synchrono.city/JAMN.png\",\"initial-credit-balance-sat\":100000,\"minimum-withdrawal-sat\":7000,\"daily-fee-sat\":100,\"timezone\":\"UTC-08:00\"}", "sig" "6caf875b67c37126588d649815b7b46301ddce2f4d587adada939f8078946a4e4839744a8902acffde3f072cb5bb0798ec6d27a124c4e49f8ac48f9fed5a5f2b"}], :client-id "manifold.stream.SplicedStream@30bcfad"}
clojure.lang.Delay@169649db DEBUG [synchrono.server.ws:207] - Sending event for subscription {:subscription-id "sub:1", :event-id "c9b9018eadf6b01a7817408bab9cfb293a0e32505ed61788eafe9d9e33bda89a", :event {:id "c9b9018eadf6b01a7817408bab9cfb293a0e32505ed61788eafe9d9e33bda89a", :pubkey "800e78c63707901e8f9dff820659e844efe92b329e9f24d6ea53aece315cbfe4", :created_at 1730979124, :kind 4444, :tags "[[\"s\",\"synchrono\"]]", :content "{\"id\":null,\"name\":\"synchrono.city\",\"about\":\"Everyone buys in for 100,000 satoshis by sending 0.001 BTC to me. \\nTransfer satoshis to other people by upvoting their entries. \\nWe each pay dues of 100 satoshis per day, so you better start hustling! \\nCash out any time; I will send BTC to you. \\nSo long as you leave enough satoshis to pay for 1 week of dues. \\nWin big in this marketplace for ideas! \",\"picture\":\"https://synchrono.city/JAMN.png\",\"initial-credit-balance-sat\":100000,\"minimum-withdrawal-sat\":7000,\"daily-fee-sat\":100,\"timezone\":\"UTC-08:00\"}", :sig "ea34fad43440cfd538285224eeb283bef9c01abc7b6e4d019e5833d70baf8624d391c3c6fc3aca4024b2a7ee97f2c43a87269981a7dada3e413e1455cafcc673"}}
clojure.lang.Delay@5f27597e DEBUG [synchrono.server.ws:83] - Attempting to send EVENT {:subscription-id "sub:1", :event-id "c9b9018eadf6b01a7817408bab9cfb293a0e32505ed61788eafe9d9e33bda89a", :client-id "manifold.stream.SplicedStream@30bcfad"}
clojure.lang.Delay@273e1c41 DEBUG [synchrono.server.ws:88] - Normalized event for sending {:original {:id "c9b9018eadf6b01a7817408bab9cfb293a0e32505ed61788eafe9d9e33bda89a", :pubkey "800e78c63707901e8f9dff820659e844efe92b329e9f24d6ea53aece315cbfe4", :created_at 1730979124, :kind 4444, :tags "[[\"s\",\"synchrono\"]]", :content "{\"id\":null,\"name\":\"synchrono.city\",\"about\":\"Everyone buys in for 100,000 satoshis by sending 0.001 BTC to me. \\nTransfer satoshis to other people by upvoting their entries. \\nWe each pay dues of 100 satoshis per day, so you better start hustling! \\nCash out any time; I will send BTC to you. \\nSo long as you leave enough satoshis to pay for 1 week of dues. \\nWin big in this marketplace for ideas! \",\"picture\":\"https://synchrono.city/JAMN.png\",\"initial-credit-balance-sat\":100000,\"minimum-withdrawal-sat\":7000,\"daily-fee-sat\":100,\"timezone\":\"UTC-08:00\"}", :sig "ea34fad43440cfd538285224eeb283bef9c01abc7b6e4d019e5833d70baf8624d391c3c6fc3aca4024b2a7ee97f2c43a87269981a7dada3e413e1455cafcc673"}, :normalized {"id" "c9b9018eadf6b01a7817408bab9cfb293a0e32505ed61788eafe9d9e33bda89a", "pubkey" "800e78c63707901e8f9dff820659e844efe92b329e9f24d6ea53aece315cbfe4", "created_at" 1730979124, "kind" 4444, "tags" (["s" "synchrono"]), "content" "{\"id\":null,\"name\":\"synchrono.city\",\"about\":\"Everyone buys in for 100,000 satoshis by sending 0.001 BTC to me. \\nTransfer satoshis to other people by upvoting their entries. \\nWe each pay dues of 100 satoshis per day, so you better start hustling! \\nCash out any time; I will send BTC to you. \\nSo long as you leave enough satoshis to pay for 1 week of dues. \\nWin big in this marketplace for ideas! \",\"picture\":\"https://synchrono.city/JAMN.png\",\"initial-credit-balance-sat\":100000,\"minimum-withdrawal-sat\":7000,\"daily-fee-sat\":100,\"timezone\":\"UTC-08:00\"}", "sig" "ea34fad43440cfd538285224eeb283bef9c01abc7b6e4d019e5833d70baf8624d391c3c6fc3aca4024b2a7ee97f2c43a87269981a7dada3e413e1455cafcc673"}}
clojure.lang.Delay@5cb16c3c DEBUG [synchrono.server.ws:52] - Sending message to client {:message ["EVENT" "sub:1" {"id" "c9b9018eadf6b01a7817408bab9cfb293a0e32505ed61788eafe9d9e33bda89a", "pubkey" "800e78c63707901e8f9dff820659e844efe92b329e9f24d6ea53aece315cbfe4", "created_at" 1730979124, "kind" 4444, "tags" (["s" "synchrono"]), "content" "{\"id\":null,\"name\":\"synchrono.city\",\"about\":\"Everyone buys in for 100,000 satoshis by sending 0.001 BTC to me. \\nTransfer satoshis to other people by upvoting their entries. \\nWe each pay dues of 100 satoshis per day, so you better start hustling! \\nCash out any time; I will send BTC to you. \\nSo long as you leave enough satoshis to pay for 1 week of dues. \\nWin big in this marketplace for ideas! \",\"picture\":\"https://synchrono.city/JAMN.png\",\"initial-credit-balance-sat\":100000,\"minimum-withdrawal-sat\":7000,\"daily-fee-sat\":100,\"timezone\":\"UTC-08:00\"}", "sig" "ea34fad43440cfd538285224eeb283bef9c01abc7b6e4d019e5833d70baf8624d391c3c6fc3aca4024b2a7ee97f2c43a87269981a7dada3e413e1455cafcc673"}], :client-id "manifold.stream.SplicedStream@30bcfad"}
clojure.lang.Delay@2c3e2892 DEBUG [synchrono.server.ws:212] - Sending EOSE for subscription {:subscription-id "sub:1"}
clojure.lang.Delay@5d61f16 DEBUG [synchrono.server.ws:52] - Sending message to client {:message ["EOSE" "sub:1"], :client-id "manifold.stream.SplicedStream@30bcfad"}
clojure.lang.Delay@27cfcc45 INFO [synchrono.server.core:33] - [:get] /ws 404 - 207ms
clojure.lang.Delay@3ff69df8 DEBUG [synchrono.server.ws:240] - Received WebSocket message {:type "CLOSE", :params ("sub:1"), :raw-message "[\"CLOSE\",\"sub:1\"]"}
clojure.lang.Delay@5fd962b7 DEBUG [synchrono.server.ws:230] - Processing CLOSE message {:subscription-id "sub:1"}
clojure.lang.Delay@6318d7f2 INFO [synchrono.server.core:33] - [:get] / 200 - 3ms
clojure.lang.Delay@7f0571b7 INFO [synchrono.server.ws:288] - WebSocket connection closed {:client-id "manifold.stream.SplicedStream@30bcfad"}
clojure.lang.Delay@1b86317f INFO [synchrono.server.ws:281] - WebSocket connection established {:client-id "manifold.stream.SplicedStream@361a93cb", :headers {"origin" "http://localhost:3000", "host" "localhost:3000", "upgrade" "websocket", "user-agent" "Mozilla/5.0 (Macintosh; Intel Mac OS X 10_15_7) AppleWebKit/537.36 (KHTML, like Gecko) Chrome/130.0.0.0 Safari/537.36", "cookie" "ring-session=ea3c4a1c-7dab-41bd-b09a-a684e37b5259", "connection" "Upgrade", "pragma" "no-cache", "sec-websocket-key" "VTV1P3uLfrSKNOd9w/oj6g==", "accept-language" "en-US,en;q=0.9", "sec-websocket-version" "13", "accept-encoding" "gzip, deflate, br, zstd", "sec-websocket-extensions" "permessage-deflate; client_max_window_bits", "cache-control" "no-cache"}}
clojure.lang.Delay@63950ddd DEBUG [synchrono.server.ws:240] - Received WebSocket message {:type "REQ", :params ("sub:1" {:kinds [4444], :#s ["synchrono"]}), :raw-message "[\"REQ\",\"sub:1\",{\"kinds\":[4444],\"#s\":[\"synchrono\"]}]"}
clojure.lang.Delay@276496a2 DEBUG [synchrono.server.ws:195] - Processing REQ message {:subscription-id "sub:1", :filters ({:kinds [4444], :#s ["synchrono"]})}
clojure.lang.Delay@5f1c1e48 DEBUG [synchrono.server.ws:35] - Adding subscription {:client-id "manifold.stream.SplicedStream@361a93cb", :subscription-id "sub:1", :filters ({:kinds [4444], :#s ["synchrono"]})}
clojure.lang.Delay@1ba9ddcd INFO [synchrono.server.ws:203] - Found matching events for subscription {:subscription-id "sub:1", :event-count 5}
clojure.lang.Delay@4b1625ad DEBUG [synchrono.server.ws:207] - Sending event for subscription {:subscription-id "sub:1", :event-id "4b9a57c73eee3deb848df08d66241369c67766716203cc763a25ab5377941fe0", :event {:id "4b9a57c73eee3deb848df08d66241369c67766716203cc763a25ab5377941fe0", :pubkey "800e78c63707901e8f9dff820659e844efe92b329e9f24d6ea53aece315cbfe4", :created_at 1730982229, :kind 4444, :tags "[[\"s\",\"synchrono\"]]", :content "{\"id\":null,\"name\":\"synchrono.city\",\"about\":\"Everyone buys in for 100,000 satoshis by sending 0.001 BTC to me. \\nTransfer satoshis to other people by upvoting their entries. \\nWe each pay dues of 100 satoshis per day, so you better start hustling! \\nCash out any time; I will send BTC to you. \\nSo long as you leave enough satoshis to pay for 1 week of dues. \\nWin big in this marketplace for ideas! \",\"picture\":\"https://synchrono.city/JAMN.png\",\"initial-credit-balance-sat\":100000,\"minimum-withdrawal-sat\":7000,\"daily-fee-sat\":100,\"timezone\":\"UTC-08:00\"}", :sig "8fd5e97c2e2d7faba3dba5f561d77156d0fe731fb4259d8d9fcb75a4af690f8be8888d48c3ef2bde227c70f83dc416b54cc0d784810b617a7403736ea4120ce3"}}
clojure.lang.Delay@63cbd4ed DEBUG [synchrono.server.ws:83] - Attempting to send EVENT {:subscription-id "sub:1", :event-id "4b9a57c73eee3deb848df08d66241369c67766716203cc763a25ab5377941fe0", :client-id "manifold.stream.SplicedStream@361a93cb"}
clojure.lang.Delay@45d75c8f DEBUG [synchrono.server.ws:88] - Normalized event for sending {:original {:id "4b9a57c73eee3deb848df08d66241369c67766716203cc763a25ab5377941fe0", :pubkey "800e78c63707901e8f9dff820659e844efe92b329e9f24d6ea53aece315cbfe4", :created_at 1730982229, :kind 4444, :tags "[[\"s\",\"synchrono\"]]", :content "{\"id\":null,\"name\":\"synchrono.city\",\"about\":\"Everyone buys in for 100,000 satoshis by sending 0.001 BTC to me. \\nTransfer satoshis to other people by upvoting their entries. \\nWe each pay dues of 100 satoshis per day, so you better start hustling! \\nCash out any time; I will send BTC to you. \\nSo long as you leave enough satoshis to pay for 1 week of dues. \\nWin big in this marketplace for ideas! \",\"picture\":\"https://synchrono.city/JAMN.png\",\"initial-credit-balance-sat\":100000,\"minimum-withdrawal-sat\":7000,\"daily-fee-sat\":100,\"timezone\":\"UTC-08:00\"}", :sig "8fd5e97c2e2d7faba3dba5f561d77156d0fe731fb4259d8d9fcb75a4af690f8be8888d48c3ef2bde227c70f83dc416b54cc0d784810b617a7403736ea4120ce3"}, :normalized {"id" "4b9a57c73eee3deb848df08d66241369c67766716203cc763a25ab5377941fe0", "pubkey" "800e78c63707901e8f9dff820659e844efe92b329e9f24d6ea53aece315cbfe4", "created_at" 1730982229, "kind" 4444, "tags" (["s" "synchrono"]), "content" "{\"id\":null,\"name\":\"synchrono.city\",\"about\":\"Everyone buys in for 100,000 satoshis by sending 0.001 BTC to me. \\nTransfer satoshis to other people by upvoting their entries. \\nWe each pay dues of 100 satoshis per day, so you better start hustling! \\nCash out any time; I will send BTC to you. \\nSo long as you leave enough satoshis to pay for 1 week of dues. \\nWin big in this marketplace for ideas! \",\"picture\":\"https://synchrono.city/JAMN.png\",\"initial-credit-balance-sat\":100000,\"minimum-withdrawal-sat\":7000,\"daily-fee-sat\":100,\"timezone\":\"UTC-08:00\"}", "sig" "8fd5e97c2e2d7faba3dba5f561d77156d0fe731fb4259d8d9fcb75a4af690f8be8888d48c3ef2bde227c70f83dc416b54cc0d784810b617a7403736ea4120ce3"}}
clojure.lang.Delay@398cafd0 DEBUG [synchrono.server.ws:52] - Sending message to client {:message ["EVENT" "sub:1" {"id" "4b9a57c73eee3deb848df08d66241369c67766716203cc763a25ab5377941fe0", "pubkey" "800e78c63707901e8f9dff820659e844efe92b329e9f24d6ea53aece315cbfe4", "created_at" 1730982229, "kind" 4444, "tags" (["s" "synchrono"]), "content" "{\"id\":null,\"name\":\"synchrono.city\",\"about\":\"Everyone buys in for 100,000 satoshis by sending 0.001 BTC to me. \\nTransfer satoshis to other people by upvoting their entries. \\nWe each pay dues of 100 satoshis per day, so you better start hustling! \\nCash out any time; I will send BTC to you. \\nSo long as you leave enough satoshis to pay for 1 week of dues. \\nWin big in this marketplace for ideas! \",\"picture\":\"https://synchrono.city/JAMN.png\",\"initial-credit-balance-sat\":100000,\"minimum-withdrawal-sat\":7000,\"daily-fee-sat\":100,\"timezone\":\"UTC-08:00\"}", "sig" "8fd5e97c2e2d7faba3dba5f561d77156d0fe731fb4259d8d9fcb75a4af690f8be8888d48c3ef2bde227c70f83dc416b54cc0d784810b617a7403736ea4120ce3"}], :client-id "manifold.stream.SplicedStream@361a93cb"}
clojure.lang.Delay@2f6a5d57 DEBUG [synchrono.server.ws:207] - Sending event for subscription {:subscription-id "sub:1", :event-id "20cba70f46e96dd1de7dadadd9eab404f187faa7f142d04ceb688880ab47fc30", :event {:id "20cba70f46e96dd1de7dadadd9eab404f187faa7f142d04ceb688880ab47fc30", :pubkey "800e78c63707901e8f9dff820659e844efe92b329e9f24d6ea53aece315cbfe4", :created_at 1730981067, :kind 4444, :tags "[[\"s\",\"synchrono\"]]", :content "{\"id\":null,\"name\":\"synchrono.city\",\"about\":\"Everyone buys in for 100,000 satoshis by sending 0.001 BTC to me. \\nTransfer satoshis to other people by upvoting their entries. \\nWe each pay dues of 100 satoshis per day, so you better start hustling! \\nCash out any time; I will send BTC to you. \\nSo long as you leave enough satoshis to pay for 1 week of dues. \\nWin big in this marketplace for ideas! \",\"picture\":\"https://synchrono.city/JAMN.png\",\"initial-credit-balance-sat\":100000,\"minimum-withdrawal-sat\":7000,\"daily-fee-sat\":100,\"timezone\":\"UTC-08:00\"}", :sig "151d534570d9d818fbfe33d0ecf3392c79f6ce6a5a951c42c154e8776f9ebf7529892958d29cd0c49d4aa294b6a4797cb910dd84085a9bd4ec68b7d879aebe54"}}
clojure.lang.Delay@7a38d3c7 DEBUG [synchrono.server.ws:83] - Attempting to send EVENT {:subscription-id "sub:1", :event-id "20cba70f46e96dd1de7dadadd9eab404f187faa7f142d04ceb688880ab47fc30", :client-id "manifold.stream.SplicedStream@361a93cb"}
clojure.lang.Delay@33170354 DEBUG [synchrono.server.ws:88] - Normalized event for sending {:original {:id "20cba70f46e96dd1de7dadadd9eab404f187faa7f142d04ceb688880ab47fc30", :pubkey "800e78c63707901e8f9dff820659e844efe92b329e9f24d6ea53aece315cbfe4", :created_at 1730981067, :kind 4444, :tags "[[\"s\",\"synchrono\"]]", :content "{\"id\":null,\"name\":\"synchrono.city\",\"about\":\"Everyone buys in for 100,000 satoshis by sending 0.001 BTC to me. \\nTransfer satoshis to other people by upvoting their entries. \\nWe each pay dues of 100 satoshis per day, so you better start hustling! \\nCash out any time; I will send BTC to you. \\nSo long as you leave enough satoshis to pay for 1 week of dues. \\nWin big in this marketplace for ideas! \",\"picture\":\"https://synchrono.city/JAMN.png\",\"initial-credit-balance-sat\":100000,\"minimum-withdrawal-sat\":7000,\"daily-fee-sat\":100,\"timezone\":\"UTC-08:00\"}", :sig "151d534570d9d818fbfe33d0ecf3392c79f6ce6a5a951c42c154e8776f9ebf7529892958d29cd0c49d4aa294b6a4797cb910dd84085a9bd4ec68b7d879aebe54"}, :normalized {"id" "20cba70f46e96dd1de7dadadd9eab404f187faa7f142d04ceb688880ab47fc30", "pubkey" "800e78c63707901e8f9dff820659e844efe92b329e9f24d6ea53aece315cbfe4", "created_at" 1730981067, "kind" 4444, "tags" (["s" "synchrono"]), "content" "{\"id\":null,\"name\":\"synchrono.city\",\"about\":\"Everyone buys in for 100,000 satoshis by sending 0.001 BTC to me. \\nTransfer satoshis to other people by upvoting their entries. \\nWe each pay dues of 100 satoshis per day, so you better start hustling! \\nCash out any time; I will send BTC to you. \\nSo long as you leave enough satoshis to pay for 1 week of dues. \\nWin big in this marketplace for ideas! \",\"picture\":\"https://synchrono.city/JAMN.png\",\"initial-credit-balance-sat\":100000,\"minimum-withdrawal-sat\":7000,\"daily-fee-sat\":100,\"timezone\":\"UTC-08:00\"}", "sig" "151d534570d9d818fbfe33d0ecf3392c79f6ce6a5a951c42c154e8776f9ebf7529892958d29cd0c49d4aa294b6a4797cb910dd84085a9bd4ec68b7d879aebe54"}}
clojure.lang.Delay@3931c542 DEBUG [synchrono.server.ws:52] - Sending message to client {:message ["EVENT" "sub:1" {"id" "20cba70f46e96dd1de7dadadd9eab404f187faa7f142d04ceb688880ab47fc30", "pubkey" "800e78c63707901e8f9dff820659e844efe92b329e9f24d6ea53aece315cbfe4", "created_at" 1730981067, "kind" 4444, "tags" (["s" "synchrono"]), "content" "{\"id\":null,\"name\":\"synchrono.city\",\"about\":\"Everyone buys in for 100,000 satoshis by sending 0.001 BTC to me. \\nTransfer satoshis to other people by upvoting their entries. \\nWe each pay dues of 100 satoshis per day, so you better start hustling! \\nCash out any time; I will send BTC to you. \\nSo long as you leave enough satoshis to pay for 1 week of dues. \\nWin big in this marketplace for ideas! \",\"picture\":\"https://synchrono.city/JAMN.png\",\"initial-credit-balance-sat\":100000,\"minimum-withdrawal-sat\":7000,\"daily-fee-sat\":100,\"timezone\":\"UTC-08:00\"}", "sig" "151d534570d9d818fbfe33d0ecf3392c79f6ce6a5a951c42c154e8776f9ebf7529892958d29cd0c49d4aa294b6a4797cb910dd84085a9bd4ec68b7d879aebe54"}], :client-id "manifold.stream.SplicedStream@361a93cb"}
clojure.lang.Delay@94c4c04 DEBUG [synchrono.server.ws:207] - Sending event for subscription {:subscription-id "sub:1", :event-id "5a24aab418cf86c0956802f0f5de81b9682d75db4d653abf603c015820306401", :event {:id "5a24aab418cf86c0956802f0f5de81b9682d75db4d653abf603c015820306401", :pubkey "800e78c63707901e8f9dff820659e844efe92b329e9f24d6ea53aece315cbfe4", :created_at 1730980824, :kind 4444, :tags "[[\"s\",\"synchrono\"]]", :content "{\"id\":null,\"name\":\"synchrono.city\",\"about\":\"Everyone buys in for 100,000 satoshis by sending 0.001 BTC to me. \\nTransfer satoshis to other people by upvoting their entries. \\nWe each pay dues of 100 satoshis per day, so you better start hustling! \\nCash out any time; I will send BTC to you. \\nSo long as you leave enough satoshis to pay for 1 week of dues. \\nWin big in this marketplace for ideas! \",\"picture\":\"https://synchrono.city/JAMN.png\",\"initial-credit-balance-sat\":100000,\"minimum-withdrawal-sat\":7000,\"daily-fee-sat\":100,\"timezone\":\"UTC-08:00\"}", :sig "980edfcac3469ec4062694368f65045ddf329e55da4c3dea3b48e2480216ed8c365a8451b809228f2362248e13c797afd278e05b3f68c51694f0a444fc209e5c"}}
clojure.lang.Delay@30b9a534 DEBUG [synchrono.server.ws:83] - Attempting to send EVENT {:subscription-id "sub:1", :event-id "5a24aab418cf86c0956802f0f5de81b9682d75db4d653abf603c015820306401", :client-id "manifold.stream.SplicedStream@361a93cb"}
clojure.lang.Delay@2bafe0cb DEBUG [synchrono.server.ws:88] - Normalized event for sending {:original {:id "5a24aab418cf86c0956802f0f5de81b9682d75db4d653abf603c015820306401", :pubkey "800e78c63707901e8f9dff820659e844efe92b329e9f24d6ea53aece315cbfe4", :created_at 1730980824, :kind 4444, :tags "[[\"s\",\"synchrono\"]]", :content "{\"id\":null,\"name\":\"synchrono.city\",\"about\":\"Everyone buys in for 100,000 satoshis by sending 0.001 BTC to me. \\nTransfer satoshis to other people by upvoting their entries. \\nWe each pay dues of 100 satoshis per day, so you better start hustling! \\nCash out any time; I will send BTC to you. \\nSo long as you leave enough satoshis to pay for 1 week of dues. \\nWin big in this marketplace for ideas! \",\"picture\":\"https://synchrono.city/JAMN.png\",\"initial-credit-balance-sat\":100000,\"minimum-withdrawal-sat\":7000,\"daily-fee-sat\":100,\"timezone\":\"UTC-08:00\"}", :sig "980edfcac3469ec4062694368f65045ddf329e55da4c3dea3b48e2480216ed8c365a8451b809228f2362248e13c797afd278e05b3f68c51694f0a444fc209e5c"}, :normalized {"id" "5a24aab418cf86c0956802f0f5de81b9682d75db4d653abf603c015820306401", "pubkey" "800e78c63707901e8f9dff820659e844efe92b329e9f24d6ea53aece315cbfe4", "created_at" 1730980824, "kind" 4444, "tags" (["s" "synchrono"]), "content" "{\"id\":null,\"name\":\"synchrono.city\",\"about\":\"Everyone buys in for 100,000 satoshis by sending 0.001 BTC to me. \\nTransfer satoshis to other people by upvoting their entries. \\nWe each pay dues of 100 satoshis per day, so you better start hustling! \\nCash out any time; I will send BTC to you. \\nSo long as you leave enough satoshis to pay for 1 week of dues. \\nWin big in this marketplace for ideas! \",\"picture\":\"https://synchrono.city/JAMN.png\",\"initial-credit-balance-sat\":100000,\"minimum-withdrawal-sat\":7000,\"daily-fee-sat\":100,\"timezone\":\"UTC-08:00\"}", "sig" "980edfcac3469ec4062694368f65045ddf329e55da4c3dea3b48e2480216ed8c365a8451b809228f2362248e13c797afd278e05b3f68c51694f0a444fc209e5c"}}
clojure.lang.Delay@e56fcd6 DEBUG [synchrono.server.ws:52] - Sending message to client {:message ["EVENT" "sub:1" {"id" "5a24aab418cf86c0956802f0f5de81b9682d75db4d653abf603c015820306401", "pubkey" "800e78c63707901e8f9dff820659e844efe92b329e9f24d6ea53aece315cbfe4", "created_at" 1730980824, "kind" 4444, "tags" (["s" "synchrono"]), "content" "{\"id\":null,\"name\":\"synchrono.city\",\"about\":\"Everyone buys in for 100,000 satoshis by sending 0.001 BTC to me. \\nTransfer satoshis to other people by upvoting their entries. \\nWe each pay dues of 100 satoshis per day, so you better start hustling! \\nCash out any time; I will send BTC to you. \\nSo long as you leave enough satoshis to pay for 1 week of dues. \\nWin big in this marketplace for ideas! \",\"picture\":\"https://synchrono.city/JAMN.png\",\"initial-credit-balance-sat\":100000,\"minimum-withdrawal-sat\":7000,\"daily-fee-sat\":100,\"timezone\":\"UTC-08:00\"}", "sig" "980edfcac3469ec4062694368f65045ddf329e55da4c3dea3b48e2480216ed8c365a8451b809228f2362248e13c797afd278e05b3f68c51694f0a444fc209e5c"}], :client-id "manifold.stream.SplicedStream@361a93cb"}
clojure.lang.Delay@139b3878 DEBUG [synchrono.server.ws:207] - Sending event for subscription {:subscription-id "sub:1", :event-id "d21e95e82856fa40c2b4a71d96110cb56fdda768a086bacd673af72d4e17465e", :event {:id "d21e95e82856fa40c2b4a71d96110cb56fdda768a086bacd673af72d4e17465e", :pubkey "800e78c63707901e8f9dff820659e844efe92b329e9f24d6ea53aece315cbfe4", :created_at 1730979951, :kind 4444, :tags "[[\"s\",\"synchrono\"]]", :content "{\"id\":null,\"name\":\"synchrono.city\",\"about\":\"Everyone buys in for 100,000 satoshis by sending 0.001 BTC to me. \\nTransfer satoshis to other people by upvoting their entries. \\nWe each pay dues of 100 satoshis per day, so you better start hustling! \\nCash out any time; I will send BTC to you. \\nSo long as you leave enough satoshis to pay for 1 week of dues. \\nWin big in this marketplace for ideas! \",\"picture\":\"https://synchrono.city/JAMN.png\",\"initial-credit-balance-sat\":100000,\"minimum-withdrawal-sat\":7000,\"daily-fee-sat\":100,\"timezone\":\"UTC-08:00\"}", :sig "6caf875b67c37126588d649815b7b46301ddce2f4d587adada939f8078946a4e4839744a8902acffde3f072cb5bb0798ec6d27a124c4e49f8ac48f9fed5a5f2b"}}
clojure.lang.Delay@1d3477fc DEBUG [synchrono.server.ws:83] - Attempting to send EVENT {:subscription-id "sub:1", :event-id "d21e95e82856fa40c2b4a71d96110cb56fdda768a086bacd673af72d4e17465e", :client-id "manifold.stream.SplicedStream@361a93cb"}
clojure.lang.Delay@6b4b0d65 DEBUG [synchrono.server.ws:88] - Normalized event for sending {:original {:id "d21e95e82856fa40c2b4a71d96110cb56fdda768a086bacd673af72d4e17465e", :pubkey "800e78c63707901e8f9dff820659e844efe92b329e9f24d6ea53aece315cbfe4", :created_at 1730979951, :kind 4444, :tags "[[\"s\",\"synchrono\"]]", :content "{\"id\":null,\"name\":\"synchrono.city\",\"about\":\"Everyone buys in for 100,000 satoshis by sending 0.001 BTC to me. \\nTransfer satoshis to other people by upvoting their entries. \\nWe each pay dues of 100 satoshis per day, so you better start hustling! \\nCash out any time; I will send BTC to you. \\nSo long as you leave enough satoshis to pay for 1 week of dues. \\nWin big in this marketplace for ideas! \",\"picture\":\"https://synchrono.city/JAMN.png\",\"initial-credit-balance-sat\":100000,\"minimum-withdrawal-sat\":7000,\"daily-fee-sat\":100,\"timezone\":\"UTC-08:00\"}", :sig "6caf875b67c37126588d649815b7b46301ddce2f4d587adada939f8078946a4e4839744a8902acffde3f072cb5bb0798ec6d27a124c4e49f8ac48f9fed5a5f2b"}, :normalized {"id" "d21e95e82856fa40c2b4a71d96110cb56fdda768a086bacd673af72d4e17465e", "pubkey" "800e78c63707901e8f9dff820659e844efe92b329e9f24d6ea53aece315cbfe4", "created_at" 1730979951, "kind" 4444, "tags" (["s" "synchrono"]), "content" "{\"id\":null,\"name\":\"synchrono.city\",\"about\":\"Everyone buys in for 100,000 satoshis by sending 0.001 BTC to me. \\nTransfer satoshis to other people by upvoting their entries. \\nWe each pay dues of 100 satoshis per day, so you better start hustling! \\nCash out any time; I will send BTC to you. \\nSo long as you leave enough satoshis to pay for 1 week of dues. \\nWin big in this marketplace for ideas! \",\"picture\":\"https://synchrono.city/JAMN.png\",\"initial-credit-balance-sat\":100000,\"minimum-withdrawal-sat\":7000,\"daily-fee-sat\":100,\"timezone\":\"UTC-08:00\"}", "sig" "6caf875b67c37126588d649815b7b46301ddce2f4d587adada939f8078946a4e4839744a8902acffde3f072cb5bb0798ec6d27a124c4e49f8ac48f9fed5a5f2b"}}
clojure.lang.Delay@b734fa7 DEBUG [synchrono.server.ws:52] - Sending message to client {:message ["EVENT" "sub:1" {"id" "d21e95e82856fa40c2b4a71d96110cb56fdda768a086bacd673af72d4e17465e", "pubkey" "800e78c63707901e8f9dff820659e844efe92b329e9f24d6ea53aece315cbfe4", "created_at" 1730979951, "kind" 4444, "tags" (["s" "synchrono"]), "content" "{\"id\":null,\"name\":\"synchrono.city\",\"about\":\"Everyone buys in for 100,000 satoshis by sending 0.001 BTC to me. \\nTransfer satoshis to other people by upvoting their entries. \\nWe each pay dues of 100 satoshis per day, so you better start hustling! \\nCash out any time; I will send BTC to you. \\nSo long as you leave enough satoshis to pay for 1 week of dues. \\nWin big in this marketplace for ideas! \",\"picture\":\"https://synchrono.city/JAMN.png\",\"initial-credit-balance-sat\":100000,\"minimum-withdrawal-sat\":7000,\"daily-fee-sat\":100,\"timezone\":\"UTC-08:00\"}", "sig" "6caf875b67c37126588d649815b7b46301ddce2f4d587adada939f8078946a4e4839744a8902acffde3f072cb5bb0798ec6d27a124c4e49f8ac48f9fed5a5f2b"}], :client-id "manifold.stream.SplicedStream@361a93cb"}
clojure.lang.Delay@4f7f18e5 DEBUG [synchrono.server.ws:207] - Sending event for subscription {:subscription-id "sub:1", :event-id "c9b9018eadf6b01a7817408bab9cfb293a0e32505ed61788eafe9d9e33bda89a", :event {:id "c9b9018eadf6b01a7817408bab9cfb293a0e32505ed61788eafe9d9e33bda89a", :pubkey "800e78c63707901e8f9dff820659e844efe92b329e9f24d6ea53aece315cbfe4", :created_at 1730979124, :kind 4444, :tags "[[\"s\",\"synchrono\"]]", :content "{\"id\":null,\"name\":\"synchrono.city\",\"about\":\"Everyone buys in for 100,000 satoshis by sending 0.001 BTC to me. \\nTransfer satoshis to other people by upvoting their entries. \\nWe each pay dues of 100 satoshis per day, so you better start hustling! \\nCash out any time; I will send BTC to you. \\nSo long as you leave enough satoshis to pay for 1 week of dues. \\nWin big in this marketplace for ideas! \",\"picture\":\"https://synchrono.city/JAMN.png\",\"initial-credit-balance-sat\":100000,\"minimum-withdrawal-sat\":7000,\"daily-fee-sat\":100,\"timezone\":\"UTC-08:00\"}", :sig "ea34fad43440cfd538285224eeb283bef9c01abc7b6e4d019e5833d70baf8624d391c3c6fc3aca4024b2a7ee97f2c43a87269981a7dada3e413e1455cafcc673"}}
clojure.lang.Delay@7126cf6a DEBUG [synchrono.server.ws:83] - Attempting to send EVENT {:subscription-id "sub:1", :event-id "c9b9018eadf6b01a7817408bab9cfb293a0e32505ed61788eafe9d9e33bda89a", :client-id "manifold.stream.SplicedStream@361a93cb"}
clojure.lang.Delay@4da0f46 DEBUG [synchrono.server.ws:88] - Normalized event for sending {:original {:id "c9b9018eadf6b01a7817408bab9cfb293a0e32505ed61788eafe9d9e33bda89a", :pubkey "800e78c63707901e8f9dff820659e844efe92b329e9f24d6ea53aece315cbfe4", :created_at 1730979124, :kind 4444, :tags "[[\"s\",\"synchrono\"]]", :content "{\"id\":null,\"name\":\"synchrono.city\",\"about\":\"Everyone buys in for 100,000 satoshis by sending 0.001 BTC to me. \\nTransfer satoshis to other people by upvoting their entries. \\nWe each pay dues of 100 satoshis per day, so you better start hustling! \\nCash out any time; I will send BTC to you. \\nSo long as you leave enough satoshis to pay for 1 week of dues. \\nWin big in this marketplace for ideas! \",\"picture\":\"https://synchrono.city/JAMN.png\",\"initial-credit-balance-sat\":100000,\"minimum-withdrawal-sat\":7000,\"daily-fee-sat\":100,\"timezone\":\"UTC-08:00\"}", :sig "ea34fad43440cfd538285224eeb283bef9c01abc7b6e4d019e5833d70baf8624d391c3c6fc3aca4024b2a7ee97f2c43a87269981a7dada3e413e1455cafcc673"}, :normalized {"id" "c9b9018eadf6b01a7817408bab9cfb293a0e32505ed61788eafe9d9e33bda89a", "pubkey" "800e78c63707901e8f9dff820659e844efe92b329e9f24d6ea53aece315cbfe4", "created_at" 1730979124, "kind" 4444, "tags" (["s" "synchrono"]), "content" "{\"id\":null,\"name\":\"synchrono.city\",\"about\":\"Everyone buys in for 100,000 satoshis by sending 0.001 BTC to me. \\nTransfer satoshis to other people by upvoting their entries. \\nWe each pay dues of 100 satoshis per day, so you better start hustling! \\nCash out any time; I will send BTC to you. \\nSo long as you leave enough satoshis to pay for 1 week of dues. \\nWin big in this marketplace for ideas! \",\"picture\":\"https://synchrono.city/JAMN.png\",\"initial-credit-balance-sat\":100000,\"minimum-withdrawal-sat\":7000,\"daily-fee-sat\":100,\"timezone\":\"UTC-08:00\"}", "sig" "ea34fad43440cfd538285224eeb283bef9c01abc7b6e4d019e5833d70baf8624d391c3c6fc3aca4024b2a7ee97f2c43a87269981a7dada3e413e1455cafcc673"}}
clojure.lang.Delay@704095ce DEBUG [synchrono.server.ws:52] - Sending message to client {:message ["EVENT" "sub:1" {"id" "c9b9018eadf6b01a7817408bab9cfb293a0e32505ed61788eafe9d9e33bda89a", "pubkey" "800e78c63707901e8f9dff820659e844efe92b329e9f24d6ea53aece315cbfe4", "created_at" 1730979124, "kind" 4444, "tags" (["s" "synchrono"]), "content" "{\"id\":null,\"name\":\"synchrono.city\",\"about\":\"Everyone buys in for 100,000 satoshis by sending 0.001 BTC to me. \\nTransfer satoshis to other people by upvoting their entries. \\nWe each pay dues of 100 satoshis per day, so you better start hustling! \\nCash out any time; I will send BTC to you. \\nSo long as you leave enough satoshis to pay for 1 week of dues. \\nWin big in this marketplace for ideas! \",\"picture\":\"https://synchrono.city/JAMN.png\",\"initial-credit-balance-sat\":100000,\"minimum-withdrawal-sat\":7000,\"daily-fee-sat\":100,\"timezone\":\"UTC-08:00\"}", "sig" "ea34fad43440cfd538285224eeb283bef9c01abc7b6e4d019e5833d70baf8624d391c3c6fc3aca4024b2a7ee97f2c43a87269981a7dada3e413e1455cafcc673"}], :client-id "manifold.stream.SplicedStream@361a93cb"}
clojure.lang.Delay@60c30890 DEBUG [synchrono.server.ws:212] - Sending EOSE for subscription {:subscription-id "sub:1"}
clojure.lang.Delay@20f507d3 DEBUG [synchrono.server.ws:52] - Sending message to client {:message ["EOSE" "sub:1"], :client-id "manifold.stream.SplicedStream@361a93cb"}
clojure.lang.Delay@55c6cd35 INFO [synchrono.server.core:33] - [:get] /ws 404 - 100ms
clojure.lang.Delay@7715b30e DEBUG [synchrono.server.ws:240] - Received WebSocket message {:type "CLOSE", :params ("sub:1"), :raw-message "[\"CLOSE\",\"sub:1\"]"}
clojure.lang.Delay@173a4c41 DEBUG [synchrono.server.ws:230] - Processing CLOSE message {:subscription-id "sub:1"}
clojure.lang.Delay@1374b7d2 INFO [synchrono.server.core:33] - [:get] / 200 - 3ms
clojure.lang.Delay@3d9c061e INFO [synchrono.server.ws:288] - WebSocket connection closed {:client-id "manifold.stream.SplicedStream@361a93cb"}
clojure.lang.Delay@26ea690e INFO [synchrono.server.ws:281] - WebSocket connection established {:client-id "manifold.stream.SplicedStream@680d2233", :headers {"origin" "http://localhost:3000", "host" "localhost:3000", "upgrade" "websocket", "user-agent" "Mozilla/5.0 (Macintosh; Intel Mac OS X 10_15_7) AppleWebKit/537.36 (KHTML, like Gecko) Chrome/130.0.0.0 Safari/537.36", "cookie" "ring-session=ea3c4a1c-7dab-41bd-b09a-a684e37b5259", "connection" "Upgrade", "pragma" "no-cache", "sec-websocket-key" "V8ZwXdsmmUHMQv2jkUzszw==", "accept-language" "en-US,en;q=0.9", "sec-websocket-version" "13", "accept-encoding" "gzip, deflate, br, zstd", "sec-websocket-extensions" "permessage-deflate; client_max_window_bits", "cache-control" "no-cache"}}
clojure.lang.Delay@73b605a7 DEBUG [synchrono.server.ws:240] - Received WebSocket message {:type "REQ", :params ("sub:1" {:kinds [4444], :#s ["synchrono"]}), :raw-message "[\"REQ\",\"sub:1\",{\"kinds\":[4444],\"#s\":[\"synchrono\"]}]"}
clojure.lang.Delay@4e31d68f DEBUG [synchrono.server.ws:195] - Processing REQ message {:subscription-id "sub:1", :filters ({:kinds [4444], :#s ["synchrono"]})}
clojure.lang.Delay@357c6b37 DEBUG [synchrono.server.ws:35] - Adding subscription {:client-id "manifold.stream.SplicedStream@680d2233", :subscription-id "sub:1", :filters ({:kinds [4444], :#s ["synchrono"]})}
clojure.lang.Delay@51714fbb INFO [synchrono.server.ws:203] - Found matching events for subscription {:subscription-id "sub:1", :event-count 5}
clojure.lang.Delay@6ac3685 DEBUG [synchrono.server.ws:207] - Sending event for subscription {:subscription-id "sub:1", :event-id "4b9a57c73eee3deb848df08d66241369c67766716203cc763a25ab5377941fe0", :event {:id "4b9a57c73eee3deb848df08d66241369c67766716203cc763a25ab5377941fe0", :pubkey "800e78c63707901e8f9dff820659e844efe92b329e9f24d6ea53aece315cbfe4", :created_at 1730982229, :kind 4444, :tags "[[\"s\",\"synchrono\"]]", :content "{\"id\":null,\"name\":\"synchrono.city\",\"about\":\"Everyone buys in for 100,000 satoshis by sending 0.001 BTC to me. \\nTransfer satoshis to other people by upvoting their entries. \\nWe each pay dues of 100 satoshis per day, so you better start hustling! \\nCash out any time; I will send BTC to you. \\nSo long as you leave enough satoshis to pay for 1 week of dues. \\nWin big in this marketplace for ideas! \",\"picture\":\"https://synchrono.city/JAMN.png\",\"initial-credit-balance-sat\":100000,\"minimum-withdrawal-sat\":7000,\"daily-fee-sat\":100,\"timezone\":\"UTC-08:00\"}", :sig "8fd5e97c2e2d7faba3dba5f561d77156d0fe731fb4259d8d9fcb75a4af690f8be8888d48c3ef2bde227c70f83dc416b54cc0d784810b617a7403736ea4120ce3"}}
clojure.lang.Delay@6239c8ab DEBUG [synchrono.server.ws:83] - Attempting to send EVENT {:subscription-id "sub:1", :event-id "4b9a57c73eee3deb848df08d66241369c67766716203cc763a25ab5377941fe0", :client-id "manifold.stream.SplicedStream@680d2233"}
clojure.lang.Delay@4408d1a DEBUG [synchrono.server.ws:88] - Normalized event for sending {:original {:id "4b9a57c73eee3deb848df08d66241369c67766716203cc763a25ab5377941fe0", :pubkey "800e78c63707901e8f9dff820659e844efe92b329e9f24d6ea53aece315cbfe4", :created_at 1730982229, :kind 4444, :tags "[[\"s\",\"synchrono\"]]", :content "{\"id\":null,\"name\":\"synchrono.city\",\"about\":\"Everyone buys in for 100,000 satoshis by sending 0.001 BTC to me. \\nTransfer satoshis to other people by upvoting their entries. \\nWe each pay dues of 100 satoshis per day, so you better start hustling! \\nCash out any time; I will send BTC to you. \\nSo long as you leave enough satoshis to pay for 1 week of dues. \\nWin big in this marketplace for ideas! \",\"picture\":\"https://synchrono.city/JAMN.png\",\"initial-credit-balance-sat\":100000,\"minimum-withdrawal-sat\":7000,\"daily-fee-sat\":100,\"timezone\":\"UTC-08:00\"}", :sig "8fd5e97c2e2d7faba3dba5f561d77156d0fe731fb4259d8d9fcb75a4af690f8be8888d48c3ef2bde227c70f83dc416b54cc0d784810b617a7403736ea4120ce3"}, :normalized {"id" "4b9a57c73eee3deb848df08d66241369c67766716203cc763a25ab5377941fe0", "pubkey" "800e78c63707901e8f9dff820659e844efe92b329e9f24d6ea53aece315cbfe4", "created_at" 1730982229, "kind" 4444, "tags" (["s" "synchrono"]), "content" "{\"id\":null,\"name\":\"synchrono.city\",\"about\":\"Everyone buys in for 100,000 satoshis by sending 0.001 BTC to me. \\nTransfer satoshis to other people by upvoting their entries. \\nWe each pay dues of 100 satoshis per day, so you better start hustling! \\nCash out any time; I will send BTC to you. \\nSo long as you leave enough satoshis to pay for 1 week of dues. \\nWin big in this marketplace for ideas! \",\"picture\":\"https://synchrono.city/JAMN.png\",\"initial-credit-balance-sat\":100000,\"minimum-withdrawal-sat\":7000,\"daily-fee-sat\":100,\"timezone\":\"UTC-08:00\"}", "sig" "8fd5e97c2e2d7faba3dba5f561d77156d0fe731fb4259d8d9fcb75a4af690f8be8888d48c3ef2bde227c70f83dc416b54cc0d784810b617a7403736ea4120ce3"}}
clojure.lang.Delay@c015bb6 DEBUG [synchrono.server.ws:52] - Sending message to client {:message ["EVENT" "sub:1" {"id" "4b9a57c73eee3deb848df08d66241369c67766716203cc763a25ab5377941fe0", "pubkey" "800e78c63707901e8f9dff820659e844efe92b329e9f24d6ea53aece315cbfe4", "created_at" 1730982229, "kind" 4444, "tags" (["s" "synchrono"]), "content" "{\"id\":null,\"name\":\"synchrono.city\",\"about\":\"Everyone buys in for 100,000 satoshis by sending 0.001 BTC to me. \\nTransfer satoshis to other people by upvoting their entries. \\nWe each pay dues of 100 satoshis per day, so you better start hustling! \\nCash out any time; I will send BTC to you. \\nSo long as you leave enough satoshis to pay for 1 week of dues. \\nWin big in this marketplace for ideas! \",\"picture\":\"https://synchrono.city/JAMN.png\",\"initial-credit-balance-sat\":100000,\"minimum-withdrawal-sat\":7000,\"daily-fee-sat\":100,\"timezone\":\"UTC-08:00\"}", "sig" "8fd5e97c2e2d7faba3dba5f561d77156d0fe731fb4259d8d9fcb75a4af690f8be8888d48c3ef2bde227c70f83dc416b54cc0d784810b617a7403736ea4120ce3"}], :client-id "manifold.stream.SplicedStream@680d2233"}
clojure.lang.Delay@b01ddb7 DEBUG [synchrono.server.ws:207] - Sending event for subscription {:subscription-id "sub:1", :event-id "20cba70f46e96dd1de7dadadd9eab404f187faa7f142d04ceb688880ab47fc30", :event {:id "20cba70f46e96dd1de7dadadd9eab404f187faa7f142d04ceb688880ab47fc30", :pubkey "800e78c63707901e8f9dff820659e844efe92b329e9f24d6ea53aece315cbfe4", :created_at 1730981067, :kind 4444, :tags "[[\"s\",\"synchrono\"]]", :content "{\"id\":null,\"name\":\"synchrono.city\",\"about\":\"Everyone buys in for 100,000 satoshis by sending 0.001 BTC to me. \\nTransfer satoshis to other people by upvoting their entries. \\nWe each pay dues of 100 satoshis per day, so you better start hustling! \\nCash out any time; I will send BTC to you. \\nSo long as you leave enough satoshis to pay for 1 week of dues. \\nWin big in this marketplace for ideas! \",\"picture\":\"https://synchrono.city/JAMN.png\",\"initial-credit-balance-sat\":100000,\"minimum-withdrawal-sat\":7000,\"daily-fee-sat\":100,\"timezone\":\"UTC-08:00\"}", :sig "151d534570d9d818fbfe33d0ecf3392c79f6ce6a5a951c42c154e8776f9ebf7529892958d29cd0c49d4aa294b6a4797cb910dd84085a9bd4ec68b7d879aebe54"}}
clojure.lang.Delay@2cdcdd92 DEBUG [synchrono.server.ws:83] - Attempting to send EVENT {:subscription-id "sub:1", :event-id "20cba70f46e96dd1de7dadadd9eab404f187faa7f142d04ceb688880ab47fc30", :client-id "manifold.stream.SplicedStream@680d2233"}
clojure.lang.Delay@28ac414d DEBUG [synchrono.server.ws:88] - Normalized event for sending {:original {:id "20cba70f46e96dd1de7dadadd9eab404f187faa7f142d04ceb688880ab47fc30", :pubkey "800e78c63707901e8f9dff820659e844efe92b329e9f24d6ea53aece315cbfe4", :created_at 1730981067, :kind 4444, :tags "[[\"s\",\"synchrono\"]]", :content "{\"id\":null,\"name\":\"synchrono.city\",\"about\":\"Everyone buys in for 100,000 satoshis by sending 0.001 BTC to me. \\nTransfer satoshis to other people by upvoting their entries. \\nWe each pay dues of 100 satoshis per day, so you better start hustling! \\nCash out any time; I will send BTC to you. \\nSo long as you leave enough satoshis to pay for 1 week of dues. \\nWin big in this marketplace for ideas! \",\"picture\":\"https://synchrono.city/JAMN.png\",\"initial-credit-balance-sat\":100000,\"minimum-withdrawal-sat\":7000,\"daily-fee-sat\":100,\"timezone\":\"UTC-08:00\"}", :sig "151d534570d9d818fbfe33d0ecf3392c79f6ce6a5a951c42c154e8776f9ebf7529892958d29cd0c49d4aa294b6a4797cb910dd84085a9bd4ec68b7d879aebe54"}, :normalized {"id" "20cba70f46e96dd1de7dadadd9eab404f187faa7f142d04ceb688880ab47fc30", "pubkey" "800e78c63707901e8f9dff820659e844efe92b329e9f24d6ea53aece315cbfe4", "created_at" 1730981067, "kind" 4444, "tags" (["s" "synchrono"]), "content" "{\"id\":null,\"name\":\"synchrono.city\",\"about\":\"Everyone buys in for 100,000 satoshis by sending 0.001 BTC to me. \\nTransfer satoshis to other people by upvoting their entries. \\nWe each pay dues of 100 satoshis per day, so you better start hustling! \\nCash out any time; I will send BTC to you. \\nSo long as you leave enough satoshis to pay for 1 week of dues. \\nWin big in this marketplace for ideas! \",\"picture\":\"https://synchrono.city/JAMN.png\",\"initial-credit-balance-sat\":100000,\"minimum-withdrawal-sat\":7000,\"daily-fee-sat\":100,\"timezone\":\"UTC-08:00\"}", "sig" "151d534570d9d818fbfe33d0ecf3392c79f6ce6a5a951c42c154e8776f9ebf7529892958d29cd0c49d4aa294b6a4797cb910dd84085a9bd4ec68b7d879aebe54"}}
clojure.lang.Delay@34da85c1 DEBUG [synchrono.server.ws:52] - Sending message to client {:message ["EVENT" "sub:1" {"id" "20cba70f46e96dd1de7dadadd9eab404f187faa7f142d04ceb688880ab47fc30", "pubkey" "800e78c63707901e8f9dff820659e844efe92b329e9f24d6ea53aece315cbfe4", "created_at" 1730981067, "kind" 4444, "tags" (["s" "synchrono"]), "content" "{\"id\":null,\"name\":\"synchrono.city\",\"about\":\"Everyone buys in for 100,000 satoshis by sending 0.001 BTC to me. \\nTransfer satoshis to other people by upvoting their entries. \\nWe each pay dues of 100 satoshis per day, so you better start hustling! \\nCash out any time; I will send BTC to you. \\nSo long as you leave enough satoshis to pay for 1 week of dues. \\nWin big in this marketplace for ideas! \",\"picture\":\"https://synchrono.city/JAMN.png\",\"initial-credit-balance-sat\":100000,\"minimum-withdrawal-sat\":7000,\"daily-fee-sat\":100,\"timezone\":\"UTC-08:00\"}", "sig" "151d534570d9d818fbfe33d0ecf3392c79f6ce6a5a951c42c154e8776f9ebf7529892958d29cd0c49d4aa294b6a4797cb910dd84085a9bd4ec68b7d879aebe54"}], :client-id "manifold.stream.SplicedStream@680d2233"}
clojure.lang.Delay@7012f865 DEBUG [synchrono.server.ws:207] - Sending event for subscription {:subscription-id "sub:1", :event-id "5a24aab418cf86c0956802f0f5de81b9682d75db4d653abf603c015820306401", :event {:id "5a24aab418cf86c0956802f0f5de81b9682d75db4d653abf603c015820306401", :pubkey "800e78c63707901e8f9dff820659e844efe92b329e9f24d6ea53aece315cbfe4", :created_at 1730980824, :kind 4444, :tags "[[\"s\",\"synchrono\"]]", :content "{\"id\":null,\"name\":\"synchrono.city\",\"about\":\"Everyone buys in for 100,000 satoshis by sending 0.001 BTC to me. \\nTransfer satoshis to other people by upvoting their entries. \\nWe each pay dues of 100 satoshis per day, so you better start hustling! \\nCash out any time; I will send BTC to you. \\nSo long as you leave enough satoshis to pay for 1 week of dues. \\nWin big in this marketplace for ideas! \",\"picture\":\"https://synchrono.city/JAMN.png\",\"initial-credit-balance-sat\":100000,\"minimum-withdrawal-sat\":7000,\"daily-fee-sat\":100,\"timezone\":\"UTC-08:00\"}", :sig "980edfcac3469ec4062694368f65045ddf329e55da4c3dea3b48e2480216ed8c365a8451b809228f2362248e13c797afd278e05b3f68c51694f0a444fc209e5c"}}
clojure.lang.Delay@491b148 DEBUG [synchrono.server.ws:83] - Attempting to send EVENT {:subscription-id "sub:1", :event-id "5a24aab418cf86c0956802f0f5de81b9682d75db4d653abf603c015820306401", :client-id "manifold.stream.SplicedStream@680d2233"}
clojure.lang.Delay@1eae745f DEBUG [synchrono.server.ws:88] - Normalized event for sending {:original {:id "5a24aab418cf86c0956802f0f5de81b9682d75db4d653abf603c015820306401", :pubkey "800e78c63707901e8f9dff820659e844efe92b329e9f24d6ea53aece315cbfe4", :created_at 1730980824, :kind 4444, :tags "[[\"s\",\"synchrono\"]]", :content "{\"id\":null,\"name\":\"synchrono.city\",\"about\":\"Everyone buys in for 100,000 satoshis by sending 0.001 BTC to me. \\nTransfer satoshis to other people by upvoting their entries. \\nWe each pay dues of 100 satoshis per day, so you better start hustling! \\nCash out any time; I will send BTC to you. \\nSo long as you leave enough satoshis to pay for 1 week of dues. \\nWin big in this marketplace for ideas! \",\"picture\":\"https://synchrono.city/JAMN.png\",\"initial-credit-balance-sat\":100000,\"minimum-withdrawal-sat\":7000,\"daily-fee-sat\":100,\"timezone\":\"UTC-08:00\"}", :sig "980edfcac3469ec4062694368f65045ddf329e55da4c3dea3b48e2480216ed8c365a8451b809228f2362248e13c797afd278e05b3f68c51694f0a444fc209e5c"}, :normalized {"id" "5a24aab418cf86c0956802f0f5de81b9682d75db4d653abf603c015820306401", "pubkey" "800e78c63707901e8f9dff820659e844efe92b329e9f24d6ea53aece315cbfe4", "created_at" 1730980824, "kind" 4444, "tags" (["s" "synchrono"]), "content" "{\"id\":null,\"name\":\"synchrono.city\",\"about\":\"Everyone buys in for 100,000 satoshis by sending 0.001 BTC to me. \\nTransfer satoshis to other people by upvoting their entries. \\nWe each pay dues of 100 satoshis per day, so you better start hustling! \\nCash out any time; I will send BTC to you. \\nSo long as you leave enough satoshis to pay for 1 week of dues. \\nWin big in this marketplace for ideas! \",\"picture\":\"https://synchrono.city/JAMN.png\",\"initial-credit-balance-sat\":100000,\"minimum-withdrawal-sat\":7000,\"daily-fee-sat\":100,\"timezone\":\"UTC-08:00\"}", "sig" "980edfcac3469ec4062694368f65045ddf329e55da4c3dea3b48e2480216ed8c365a8451b809228f2362248e13c797afd278e05b3f68c51694f0a444fc209e5c"}}
clojure.lang.Delay@41916bbe DEBUG [synchrono.server.ws:52] - Sending message to client {:message ["EVENT" "sub:1" {"id" "5a24aab418cf86c0956802f0f5de81b9682d75db4d653abf603c015820306401", "pubkey" "800e78c63707901e8f9dff820659e844efe92b329e9f24d6ea53aece315cbfe4", "created_at" 1730980824, "kind" 4444, "tags" (["s" "synchrono"]), "content" "{\"id\":null,\"name\":\"synchrono.city\",\"about\":\"Everyone buys in for 100,000 satoshis by sending 0.001 BTC to me. \\nTransfer satoshis to other people by upvoting their entries. \\nWe each pay dues of 100 satoshis per day, so you better start hustling! \\nCash out any time; I will send BTC to you. \\nSo long as you leave enough satoshis to pay for 1 week of dues. \\nWin big in this marketplace for ideas! \",\"picture\":\"https://synchrono.city/JAMN.png\",\"initial-credit-balance-sat\":100000,\"minimum-withdrawal-sat\":7000,\"daily-fee-sat\":100,\"timezone\":\"UTC-08:00\"}", "sig" "980edfcac3469ec4062694368f65045ddf329e55da4c3dea3b48e2480216ed8c365a8451b809228f2362248e13c797afd278e05b3f68c51694f0a444fc209e5c"}], :client-id "manifold.stream.SplicedStream@680d2233"}
clojure.lang.Delay@7aa0381b DEBUG [synchrono.server.ws:207] - Sending event for subscription {:subscription-id "sub:1", :event-id "d21e95e82856fa40c2b4a71d96110cb56fdda768a086bacd673af72d4e17465e", :event {:id "d21e95e82856fa40c2b4a71d96110cb56fdda768a086bacd673af72d4e17465e", :pubkey "800e78c63707901e8f9dff820659e844efe92b329e9f24d6ea53aece315cbfe4", :created_at 1730979951, :kind 4444, :tags "[[\"s\",\"synchrono\"]]", :content "{\"id\":null,\"name\":\"synchrono.city\",\"about\":\"Everyone buys in for 100,000 satoshis by sending 0.001 BTC to me. \\nTransfer satoshis to other people by upvoting their entries. \\nWe each pay dues of 100 satoshis per day, so you better start hustling! \\nCash out any time; I will send BTC to you. \\nSo long as you leave enough satoshis to pay for 1 week of dues. \\nWin big in this marketplace for ideas! \",\"picture\":\"https://synchrono.city/JAMN.png\",\"initial-credit-balance-sat\":100000,\"minimum-withdrawal-sat\":7000,\"daily-fee-sat\":100,\"timezone\":\"UTC-08:00\"}", :sig "6caf875b67c37126588d649815b7b46301ddce2f4d587adada939f8078946a4e4839744a8902acffde3f072cb5bb0798ec6d27a124c4e49f8ac48f9fed5a5f2b"}}
clojure.lang.Delay@2f44f119 DEBUG [synchrono.server.ws:83] - Attempting to send EVENT {:subscription-id "sub:1", :event-id "d21e95e82856fa40c2b4a71d96110cb56fdda768a086bacd673af72d4e17465e", :client-id "manifold.stream.SplicedStream@680d2233"}
clojure.lang.Delay@1a67db1f DEBUG [synchrono.server.ws:88] - Normalized event for sending {:original {:id "d21e95e82856fa40c2b4a71d96110cb56fdda768a086bacd673af72d4e17465e", :pubkey "800e78c63707901e8f9dff820659e844efe92b329e9f24d6ea53aece315cbfe4", :created_at 1730979951, :kind 4444, :tags "[[\"s\",\"synchrono\"]]", :content "{\"id\":null,\"name\":\"synchrono.city\",\"about\":\"Everyone buys in for 100,000 satoshis by sending 0.001 BTC to me. \\nTransfer satoshis to other people by upvoting their entries. \\nWe each pay dues of 100 satoshis per day, so you better start hustling! \\nCash out any time; I will send BTC to you. \\nSo long as you leave enough satoshis to pay for 1 week of dues. \\nWin big in this marketplace for ideas! \",\"picture\":\"https://synchrono.city/JAMN.png\",\"initial-credit-balance-sat\":100000,\"minimum-withdrawal-sat\":7000,\"daily-fee-sat\":100,\"timezone\":\"UTC-08:00\"}", :sig "6caf875b67c37126588d649815b7b46301ddce2f4d587adada939f8078946a4e4839744a8902acffde3f072cb5bb0798ec6d27a124c4e49f8ac48f9fed5a5f2b"}, :normalized {"id" "d21e95e82856fa40c2b4a71d96110cb56fdda768a086bacd673af72d4e17465e", "pubkey" "800e78c63707901e8f9dff820659e844efe92b329e9f24d6ea53aece315cbfe4", "created_at" 1730979951, "kind" 4444, "tags" (["s" "synchrono"]), "content" "{\"id\":null,\"name\":\"synchrono.city\",\"about\":\"Everyone buys in for 100,000 satoshis by sending 0.001 BTC to me. \\nTransfer satoshis to other people by upvoting their entries. \\nWe each pay dues of 100 satoshis per day, so you better start hustling! \\nCash out any time; I will send BTC to you. \\nSo long as you leave enough satoshis to pay for 1 week of dues. \\nWin big in this marketplace for ideas! \",\"picture\":\"https://synchrono.city/JAMN.png\",\"initial-credit-balance-sat\":100000,\"minimum-withdrawal-sat\":7000,\"daily-fee-sat\":100,\"timezone\":\"UTC-08:00\"}", "sig" "6caf875b67c37126588d649815b7b46301ddce2f4d587adada939f8078946a4e4839744a8902acffde3f072cb5bb0798ec6d27a124c4e49f8ac48f9fed5a5f2b"}}
clojure.lang.Delay@71035315 DEBUG [synchrono.server.ws:52] - Sending message to client {:message ["EVENT" "sub:1" {"id" "d21e95e82856fa40c2b4a71d96110cb56fdda768a086bacd673af72d4e17465e", "pubkey" "800e78c63707901e8f9dff820659e844efe92b329e9f24d6ea53aece315cbfe4", "created_at" 1730979951, "kind" 4444, "tags" (["s" "synchrono"]), "content" "{\"id\":null,\"name\":\"synchrono.city\",\"about\":\"Everyone buys in for 100,000 satoshis by sending 0.001 BTC to me. \\nTransfer satoshis to other people by upvoting their entries. \\nWe each pay dues of 100 satoshis per day, so you better start hustling! \\nCash out any time; I will send BTC to you. \\nSo long as you leave enough satoshis to pay for 1 week of dues. \\nWin big in this marketplace for ideas! \",\"picture\":\"https://synchrono.city/JAMN.png\",\"initial-credit-balance-sat\":100000,\"minimum-withdrawal-sat\":7000,\"daily-fee-sat\":100,\"timezone\":\"UTC-08:00\"}", "sig" "6caf875b67c37126588d649815b7b46301ddce2f4d587adada939f8078946a4e4839744a8902acffde3f072cb5bb0798ec6d27a124c4e49f8ac48f9fed5a5f2b"}], :client-id "manifold.stream.SplicedStream@680d2233"}
clojure.lang.Delay@5b34f454 DEBUG [synchrono.server.ws:207] - Sending event for subscription {:subscription-id "sub:1", :event-id "c9b9018eadf6b01a7817408bab9cfb293a0e32505ed61788eafe9d9e33bda89a", :event {:id "c9b9018eadf6b01a7817408bab9cfb293a0e32505ed61788eafe9d9e33bda89a", :pubkey "800e78c63707901e8f9dff820659e844efe92b329e9f24d6ea53aece315cbfe4", :created_at 1730979124, :kind 4444, :tags "[[\"s\",\"synchrono\"]]", :content "{\"id\":null,\"name\":\"synchrono.city\",\"about\":\"Everyone buys in for 100,000 satoshis by sending 0.001 BTC to me. \\nTransfer satoshis to other people by upvoting their entries. \\nWe each pay dues of 100 satoshis per day, so you better start hustling! \\nCash out any time; I will send BTC to you. \\nSo long as you leave enough satoshis to pay for 1 week of dues. \\nWin big in this marketplace for ideas! \",\"picture\":\"https://synchrono.city/JAMN.png\",\"initial-credit-balance-sat\":100000,\"minimum-withdrawal-sat\":7000,\"daily-fee-sat\":100,\"timezone\":\"UTC-08:00\"}", :sig "ea34fad43440cfd538285224eeb283bef9c01abc7b6e4d019e5833d70baf8624d391c3c6fc3aca4024b2a7ee97f2c43a87269981a7dada3e413e1455cafcc673"}}
clojure.lang.Delay@72e21751 DEBUG [synchrono.server.ws:83] - Attempting to send EVENT {:subscription-id "sub:1", :event-id "c9b9018eadf6b01a7817408bab9cfb293a0e32505ed61788eafe9d9e33bda89a", :client-id "manifold.stream.SplicedStream@680d2233"}
clojure.lang.Delay@59e9d57b DEBUG [synchrono.server.ws:88] - Normalized event for sending {:original {:id "c9b9018eadf6b01a7817408bab9cfb293a0e32505ed61788eafe9d9e33bda89a", :pubkey "800e78c63707901e8f9dff820659e844efe92b329e9f24d6ea53aece315cbfe4", :created_at 1730979124, :kind 4444, :tags "[[\"s\",\"synchrono\"]]", :content "{\"id\":null,\"name\":\"synchrono.city\",\"about\":\"Everyone buys in for 100,000 satoshis by sending 0.001 BTC to me. \\nTransfer satoshis to other people by upvoting their entries. \\nWe each pay dues of 100 satoshis per day, so you better start hustling! \\nCash out any time; I will send BTC to you. \\nSo long as you leave enough satoshis to pay for 1 week of dues. \\nWin big in this marketplace for ideas! \",\"picture\":\"https://synchrono.city/JAMN.png\",\"initial-credit-balance-sat\":100000,\"minimum-withdrawal-sat\":7000,\"daily-fee-sat\":100,\"timezone\":\"UTC-08:00\"}", :sig "ea34fad43440cfd538285224eeb283bef9c01abc7b6e4d019e5833d70baf8624d391c3c6fc3aca4024b2a7ee97f2c43a87269981a7dada3e413e1455cafcc673"}, :normalized {"id" "c9b9018eadf6b01a7817408bab9cfb293a0e32505ed61788eafe9d9e33bda89a", "pubkey" "800e78c63707901e8f9dff820659e844efe92b329e9f24d6ea53aece315cbfe4", "created_at" 1730979124, "kind" 4444, "tags" (["s" "synchrono"]), "content" "{\"id\":null,\"name\":\"synchrono.city\",\"about\":\"Everyone buys in for 100,000 satoshis by sending 0.001 BTC to me. \\nTransfer satoshis to other people by upvoting their entries. \\nWe each pay dues of 100 satoshis per day, so you better start hustling! \\nCash out any time; I will send BTC to you. \\nSo long as you leave enough satoshis to pay for 1 week of dues. \\nWin big in this marketplace for ideas! \",\"picture\":\"https://synchrono.city/JAMN.png\",\"initial-credit-balance-sat\":100000,\"minimum-withdrawal-sat\":7000,\"daily-fee-sat\":100,\"timezone\":\"UTC-08:00\"}", "sig" "ea34fad43440cfd538285224eeb283bef9c01abc7b6e4d019e5833d70baf8624d391c3c6fc3aca4024b2a7ee97f2c43a87269981a7dada3e413e1455cafcc673"}}
clojure.lang.Delay@5e593b8d DEBUG [synchrono.server.ws:52] - Sending message to client {:message ["EVENT" "sub:1" {"id" "c9b9018eadf6b01a7817408bab9cfb293a0e32505ed61788eafe9d9e33bda89a", "pubkey" "800e78c63707901e8f9dff820659e844efe92b329e9f24d6ea53aece315cbfe4", "created_at" 1730979124, "kind" 4444, "tags" (["s" "synchrono"]), "content" "{\"id\":null,\"name\":\"synchrono.city\",\"about\":\"Everyone buys in for 100,000 satoshis by sending 0.001 BTC to me. \\nTransfer satoshis to other people by upvoting their entries. \\nWe each pay dues of 100 satoshis per day, so you better start hustling! \\nCash out any time; I will send BTC to you. \\nSo long as you leave enough satoshis to pay for 1 week of dues. \\nWin big in this marketplace for ideas! \",\"picture\":\"https://synchrono.city/JAMN.png\",\"initial-credit-balance-sat\":100000,\"minimum-withdrawal-sat\":7000,\"daily-fee-sat\":100,\"timezone\":\"UTC-08:00\"}", "sig" "ea34fad43440cfd538285224eeb283bef9c01abc7b6e4d019e5833d70baf8624d391c3c6fc3aca4024b2a7ee97f2c43a87269981a7dada3e413e1455cafcc673"}], :client-id "manifold.stream.SplicedStream@680d2233"}
clojure.lang.Delay@2a93cffd DEBUG [synchrono.server.ws:212] - Sending EOSE for subscription {:subscription-id "sub:1"}
clojure.lang.Delay@23ddebf1 DEBUG [synchrono.server.ws:52] - Sending message to client {:message ["EOSE" "sub:1"], :client-id "manifold.stream.SplicedStream@680d2233"}
clojure.lang.Delay@35347bc2 INFO [synchrono.server.core:33] - [:get] /ws 404 - 158ms
clojure.lang.Delay@4b267d8e DEBUG [synchrono.server.ws:240] - Received WebSocket message {:type "CLOSE", :params ("sub:1"), :raw-message "[\"CLOSE\",\"sub:1\"]"}
clojure.lang.Delay@704f8aaa DEBUG [synchrono.server.ws:230] - Processing CLOSE message {:subscription-id "sub:1"}
clojure.lang.Delay@551b848d INFO [synchrono.server.core:33] - [:get] / 200 - 3ms
clojure.lang.Delay@1c56d0e5 INFO [synchrono.server.ws:288] - WebSocket connection closed {:client-id "manifold.stream.SplicedStream@680d2233"}
clojure.lang.Delay@7e5de0f9 INFO [synchrono.server.ws:281] - WebSocket connection established {:client-id "manifold.stream.SplicedStream@7d062d6c", :headers {"origin" "http://localhost:3000", "host" "localhost:3000", "upgrade" "websocket", "user-agent" "Mozilla/5.0 (Macintosh; Intel Mac OS X 10_15_7) AppleWebKit/537.36 (KHTML, like Gecko) Chrome/130.0.0.0 Safari/537.36", "cookie" "ring-session=ea3c4a1c-7dab-41bd-b09a-a684e37b5259", "connection" "Upgrade", "pragma" "no-cache", "sec-websocket-key" "uvt6Y5Q+0kQOYVh6PvU9gw==", "accept-language" "en-US,en;q=0.9", "sec-websocket-version" "13", "accept-encoding" "gzip, deflate, br, zstd", "sec-websocket-extensions" "permessage-deflate; client_max_window_bits", "cache-control" "no-cache"}}
clojure.lang.Delay@630117f5 DEBUG [synchrono.server.ws:240] - Received WebSocket message {:type "REQ", :params ("sub:1" {:kinds [4444], :#s ["synchrono"]}), :raw-message "[\"REQ\",\"sub:1\",{\"kinds\":[4444],\"#s\":[\"synchrono\"]}]"}
clojure.lang.Delay@3c5bddd8 DEBUG [synchrono.server.ws:195] - Processing REQ message {:subscription-id "sub:1", :filters ({:kinds [4444], :#s ["synchrono"]})}
clojure.lang.Delay@786c3ed DEBUG [synchrono.server.ws:35] - Adding subscription {:client-id "manifold.stream.SplicedStream@7d062d6c", :subscription-id "sub:1", :filters ({:kinds [4444], :#s ["synchrono"]})}
clojure.lang.Delay@359bf5cf INFO [synchrono.server.ws:203] - Found matching events for subscription {:subscription-id "sub:1", :event-count 5}
clojure.lang.Delay@691bfccd DEBUG [synchrono.server.ws:207] - Sending event for subscription {:subscription-id "sub:1", :event-id "4b9a57c73eee3deb848df08d66241369c67766716203cc763a25ab5377941fe0", :event {:id "4b9a57c73eee3deb848df08d66241369c67766716203cc763a25ab5377941fe0", :pubkey "800e78c63707901e8f9dff820659e844efe92b329e9f24d6ea53aece315cbfe4", :created_at 1730982229, :kind 4444, :tags "[[\"s\",\"synchrono\"]]", :content "{\"id\":null,\"name\":\"synchrono.city\",\"about\":\"Everyone buys in for 100,000 satoshis by sending 0.001 BTC to me. \\nTransfer satoshis to other people by upvoting their entries. \\nWe each pay dues of 100 satoshis per day, so you better start hustling! \\nCash out any time; I will send BTC to you. \\nSo long as you leave enough satoshis to pay for 1 week of dues. \\nWin big in this marketplace for ideas! \",\"picture\":\"https://synchrono.city/JAMN.png\",\"initial-credit-balance-sat\":100000,\"minimum-withdrawal-sat\":7000,\"daily-fee-sat\":100,\"timezone\":\"UTC-08:00\"}", :sig "8fd5e97c2e2d7faba3dba5f561d77156d0fe731fb4259d8d9fcb75a4af690f8be8888d48c3ef2bde227c70f83dc416b54cc0d784810b617a7403736ea4120ce3"}}
clojure.lang.Delay@5a125fb2 DEBUG [synchrono.server.ws:83] - Attempting to send EVENT {:subscription-id "sub:1", :event-id "4b9a57c73eee3deb848df08d66241369c67766716203cc763a25ab5377941fe0", :client-id "manifold.stream.SplicedStream@7d062d6c"}
clojure.lang.Delay@474e6827 DEBUG [synchrono.server.ws:88] - Normalized event for sending {:original {:id "4b9a57c73eee3deb848df08d66241369c67766716203cc763a25ab5377941fe0", :pubkey "800e78c63707901e8f9dff820659e844efe92b329e9f24d6ea53aece315cbfe4", :created_at 1730982229, :kind 4444, :tags "[[\"s\",\"synchrono\"]]", :content "{\"id\":null,\"name\":\"synchrono.city\",\"about\":\"Everyone buys in for 100,000 satoshis by sending 0.001 BTC to me. \\nTransfer satoshis to other people by upvoting their entries. \\nWe each pay dues of 100 satoshis per day, so you better start hustling! \\nCash out any time; I will send BTC to you. \\nSo long as you leave enough satoshis to pay for 1 week of dues. \\nWin big in this marketplace for ideas! \",\"picture\":\"https://synchrono.city/JAMN.png\",\"initial-credit-balance-sat\":100000,\"minimum-withdrawal-sat\":7000,\"daily-fee-sat\":100,\"timezone\":\"UTC-08:00\"}", :sig "8fd5e97c2e2d7faba3dba5f561d77156d0fe731fb4259d8d9fcb75a4af690f8be8888d48c3ef2bde227c70f83dc416b54cc0d784810b617a7403736ea4120ce3"}, :normalized {"id" "4b9a57c73eee3deb848df08d66241369c67766716203cc763a25ab5377941fe0", "pubkey" "800e78c63707901e8f9dff820659e844efe92b329e9f24d6ea53aece315cbfe4", "created_at" 1730982229, "kind" 4444, "tags" (["s" "synchrono"]), "content" "{\"id\":null,\"name\":\"synchrono.city\",\"about\":\"Everyone buys in for 100,000 satoshis by sending 0.001 BTC to me. \\nTransfer satoshis to other people by upvoting their entries. \\nWe each pay dues of 100 satoshis per day, so you better start hustling! \\nCash out any time; I will send BTC to you. \\nSo long as you leave enough satoshis to pay for 1 week of dues. \\nWin big in this marketplace for ideas! \",\"picture\":\"https://synchrono.city/JAMN.png\",\"initial-credit-balance-sat\":100000,\"minimum-withdrawal-sat\":7000,\"daily-fee-sat\":100,\"timezone\":\"UTC-08:00\"}", "sig" "8fd5e97c2e2d7faba3dba5f561d77156d0fe731fb4259d8d9fcb75a4af690f8be8888d48c3ef2bde227c70f83dc416b54cc0d784810b617a7403736ea4120ce3"}}
clojure.lang.Delay@2e1263e2 DEBUG [synchrono.server.ws:52] - Sending message to client {:message ["EVENT" "sub:1" {"id" "4b9a57c73eee3deb848df08d66241369c67766716203cc763a25ab5377941fe0", "pubkey" "800e78c63707901e8f9dff820659e844efe92b329e9f24d6ea53aece315cbfe4", "created_at" 1730982229, "kind" 4444, "tags" (["s" "synchrono"]), "content" "{\"id\":null,\"name\":\"synchrono.city\",\"about\":\"Everyone buys in for 100,000 satoshis by sending 0.001 BTC to me. \\nTransfer satoshis to other people by upvoting their entries. \\nWe each pay dues of 100 satoshis per day, so you better start hustling! \\nCash out any time; I will send BTC to you. \\nSo long as you leave enough satoshis to pay for 1 week of dues. \\nWin big in this marketplace for ideas! \",\"picture\":\"https://synchrono.city/JAMN.png\",\"initial-credit-balance-sat\":100000,\"minimum-withdrawal-sat\":7000,\"daily-fee-sat\":100,\"timezone\":\"UTC-08:00\"}", "sig" "8fd5e97c2e2d7faba3dba5f561d77156d0fe731fb4259d8d9fcb75a4af690f8be8888d48c3ef2bde227c70f83dc416b54cc0d784810b617a7403736ea4120ce3"}], :client-id "manifold.stream.SplicedStream@7d062d6c"}
clojure.lang.Delay@6ce59c53 DEBUG [synchrono.server.ws:207] - Sending event for subscription {:subscription-id "sub:1", :event-id "20cba70f46e96dd1de7dadadd9eab404f187faa7f142d04ceb688880ab47fc30", :event {:id "20cba70f46e96dd1de7dadadd9eab404f187faa7f142d04ceb688880ab47fc30", :pubkey "800e78c63707901e8f9dff820659e844efe92b329e9f24d6ea53aece315cbfe4", :created_at 1730981067, :kind 4444, :tags "[[\"s\",\"synchrono\"]]", :content "{\"id\":null,\"name\":\"synchrono.city\",\"about\":\"Everyone buys in for 100,000 satoshis by sending 0.001 BTC to me. \\nTransfer satoshis to other people by upvoting their entries. \\nWe each pay dues of 100 satoshis per day, so you better start hustling! \\nCash out any time; I will send BTC to you. \\nSo long as you leave enough satoshis to pay for 1 week of dues. \\nWin big in this marketplace for ideas! \",\"picture\":\"https://synchrono.city/JAMN.png\",\"initial-credit-balance-sat\":100000,\"minimum-withdrawal-sat\":7000,\"daily-fee-sat\":100,\"timezone\":\"UTC-08:00\"}", :sig "151d534570d9d818fbfe33d0ecf3392c79f6ce6a5a951c42c154e8776f9ebf7529892958d29cd0c49d4aa294b6a4797cb910dd84085a9bd4ec68b7d879aebe54"}}
clojure.lang.Delay@341ae0ca DEBUG [synchrono.server.ws:83] - Attempting to send EVENT {:subscription-id "sub:1", :event-id "20cba70f46e96dd1de7dadadd9eab404f187faa7f142d04ceb688880ab47fc30", :client-id "manifold.stream.SplicedStream@7d062d6c"}
clojure.lang.Delay@fa86035 DEBUG [synchrono.server.ws:88] - Normalized event for sending {:original {:id "20cba70f46e96dd1de7dadadd9eab404f187faa7f142d04ceb688880ab47fc30", :pubkey "800e78c63707901e8f9dff820659e844efe92b329e9f24d6ea53aece315cbfe4", :created_at 1730981067, :kind 4444, :tags "[[\"s\",\"synchrono\"]]", :content "{\"id\":null,\"name\":\"synchrono.city\",\"about\":\"Everyone buys in for 100,000 satoshis by sending 0.001 BTC to me. \\nTransfer satoshis to other people by upvoting their entries. \\nWe each pay dues of 100 satoshis per day, so you better start hustling! \\nCash out any time; I will send BTC to you. \\nSo long as you leave enough satoshis to pay for 1 week of dues. \\nWin big in this marketplace for ideas! \",\"picture\":\"https://synchrono.city/JAMN.png\",\"initial-credit-balance-sat\":100000,\"minimum-withdrawal-sat\":7000,\"daily-fee-sat\":100,\"timezone\":\"UTC-08:00\"}", :sig "151d534570d9d818fbfe33d0ecf3392c79f6ce6a5a951c42c154e8776f9ebf7529892958d29cd0c49d4aa294b6a4797cb910dd84085a9bd4ec68b7d879aebe54"}, :normalized {"id" "20cba70f46e96dd1de7dadadd9eab404f187faa7f142d04ceb688880ab47fc30", "pubkey" "800e78c63707901e8f9dff820659e844efe92b329e9f24d6ea53aece315cbfe4", "created_at" 1730981067, "kind" 4444, "tags" (["s" "synchrono"]), "content" "{\"id\":null,\"name\":\"synchrono.city\",\"about\":\"Everyone buys in for 100,000 satoshis by sending 0.001 BTC to me. \\nTransfer satoshis to other people by upvoting their entries. \\nWe each pay dues of 100 satoshis per day, so you better start hustling! \\nCash out any time; I will send BTC to you. \\nSo long as you leave enough satoshis to pay for 1 week of dues. \\nWin big in this marketplace for ideas! \",\"picture\":\"https://synchrono.city/JAMN.png\",\"initial-credit-balance-sat\":100000,\"minimum-withdrawal-sat\":7000,\"daily-fee-sat\":100,\"timezone\":\"UTC-08:00\"}", "sig" "151d534570d9d818fbfe33d0ecf3392c79f6ce6a5a951c42c154e8776f9ebf7529892958d29cd0c49d4aa294b6a4797cb910dd84085a9bd4ec68b7d879aebe54"}}
clojure.lang.Delay@3ba0f40e DEBUG [synchrono.server.ws:52] - Sending message to client {:message ["EVENT" "sub:1" {"id" "20cba70f46e96dd1de7dadadd9eab404f187faa7f142d04ceb688880ab47fc30", "pubkey" "800e78c63707901e8f9dff820659e844efe92b329e9f24d6ea53aece315cbfe4", "created_at" 1730981067, "kind" 4444, "tags" (["s" "synchrono"]), "content" "{\"id\":null,\"name\":\"synchrono.city\",\"about\":\"Everyone buys in for 100,000 satoshis by sending 0.001 BTC to me. \\nTransfer satoshis to other people by upvoting their entries. \\nWe each pay dues of 100 satoshis per day, so you better start hustling! \\nCash out any time; I will send BTC to you. \\nSo long as you leave enough satoshis to pay for 1 week of dues. \\nWin big in this marketplace for ideas! \",\"picture\":\"https://synchrono.city/JAMN.png\",\"initial-credit-balance-sat\":100000,\"minimum-withdrawal-sat\":7000,\"daily-fee-sat\":100,\"timezone\":\"UTC-08:00\"}", "sig" "151d534570d9d818fbfe33d0ecf3392c79f6ce6a5a951c42c154e8776f9ebf7529892958d29cd0c49d4aa294b6a4797cb910dd84085a9bd4ec68b7d879aebe54"}], :client-id "manifold.stream.SplicedStream@7d062d6c"}
clojure.lang.Delay@58e0714 DEBUG [synchrono.server.ws:207] - Sending event for subscription {:subscription-id "sub:1", :event-id "5a24aab418cf86c0956802f0f5de81b9682d75db4d653abf603c015820306401", :event {:id "5a24aab418cf86c0956802f0f5de81b9682d75db4d653abf603c015820306401", :pubkey "800e78c63707901e8f9dff820659e844efe92b329e9f24d6ea53aece315cbfe4", :created_at 1730980824, :kind 4444, :tags "[[\"s\",\"synchrono\"]]", :content "{\"id\":null,\"name\":\"synchrono.city\",\"about\":\"Everyone buys in for 100,000 satoshis by sending 0.001 BTC to me. \\nTransfer satoshis to other people by upvoting their entries. \\nWe each pay dues of 100 satoshis per day, so you better start hustling! \\nCash out any time; I will send BTC to you. \\nSo long as you leave enough satoshis to pay for 1 week of dues. \\nWin big in this marketplace for ideas! \",\"picture\":\"https://synchrono.city/JAMN.png\",\"initial-credit-balance-sat\":100000,\"minimum-withdrawal-sat\":7000,\"daily-fee-sat\":100,\"timezone\":\"UTC-08:00\"}", :sig "980edfcac3469ec4062694368f65045ddf329e55da4c3dea3b48e2480216ed8c365a8451b809228f2362248e13c797afd278e05b3f68c51694f0a444fc209e5c"}}
clojure.lang.Delay@1eaa3963 DEBUG [synchrono.server.ws:83] - Attempting to send EVENT {:subscription-id "sub:1", :event-id "5a24aab418cf86c0956802f0f5de81b9682d75db4d653abf603c015820306401", :client-id "manifold.stream.SplicedStream@7d062d6c"}
clojure.lang.Delay@1836aaed DEBUG [synchrono.server.ws:88] - Normalized event for sending {:original {:id "5a24aab418cf86c0956802f0f5de81b9682d75db4d653abf603c015820306401", :pubkey "800e78c63707901e8f9dff820659e844efe92b329e9f24d6ea53aece315cbfe4", :created_at 1730980824, :kind 4444, :tags "[[\"s\",\"synchrono\"]]", :content "{\"id\":null,\"name\":\"synchrono.city\",\"about\":\"Everyone buys in for 100,000 satoshis by sending 0.001 BTC to me. \\nTransfer satoshis to other people by upvoting their entries. \\nWe each pay dues of 100 satoshis per day, so you better start hustling! \\nCash out any time; I will send BTC to you. \\nSo long as you leave enough satoshis to pay for 1 week of dues. \\nWin big in this marketplace for ideas! \",\"picture\":\"https://synchrono.city/JAMN.png\",\"initial-credit-balance-sat\":100000,\"minimum-withdrawal-sat\":7000,\"daily-fee-sat\":100,\"timezone\":\"UTC-08:00\"}", :sig "980edfcac3469ec4062694368f65045ddf329e55da4c3dea3b48e2480216ed8c365a8451b809228f2362248e13c797afd278e05b3f68c51694f0a444fc209e5c"}, :normalized {"id" "5a24aab418cf86c0956802f0f5de81b9682d75db4d653abf603c015820306401", "pubkey" "800e78c63707901e8f9dff820659e844efe92b329e9f24d6ea53aece315cbfe4", "created_at" 1730980824, "kind" 4444, "tags" (["s" "synchrono"]), "content" "{\"id\":null,\"name\":\"synchrono.city\",\"about\":\"Everyone buys in for 100,000 satoshis by sending 0.001 BTC to me. \\nTransfer satoshis to other people by upvoting their entries. \\nWe each pay dues of 100 satoshis per day, so you better start hustling! \\nCash out any time; I will send BTC to you. \\nSo long as you leave enough satoshis to pay for 1 week of dues. \\nWin big in this marketplace for ideas! \",\"picture\":\"https://synchrono.city/JAMN.png\",\"initial-credit-balance-sat\":100000,\"minimum-withdrawal-sat\":7000,\"daily-fee-sat\":100,\"timezone\":\"UTC-08:00\"}", "sig" "980edfcac3469ec4062694368f65045ddf329e55da4c3dea3b48e2480216ed8c365a8451b809228f2362248e13c797afd278e05b3f68c51694f0a444fc209e5c"}}
clojure.lang.Delay@2c22a7bc DEBUG [synchrono.server.ws:52] - Sending message to client {:message ["EVENT" "sub:1" {"id" "5a24aab418cf86c0956802f0f5de81b9682d75db4d653abf603c015820306401", "pubkey" "800e78c63707901e8f9dff820659e844efe92b329e9f24d6ea53aece315cbfe4", "created_at" 1730980824, "kind" 4444, "tags" (["s" "synchrono"]), "content" "{\"id\":null,\"name\":\"synchrono.city\",\"about\":\"Everyone buys in for 100,000 satoshis by sending 0.001 BTC to me. \\nTransfer satoshis to other people by upvoting their entries. \\nWe each pay dues of 100 satoshis per day, so you better start hustling! \\nCash out any time; I will send BTC to you. \\nSo long as you leave enough satoshis to pay for 1 week of dues. \\nWin big in this marketplace for ideas! \",\"picture\":\"https://synchrono.city/JAMN.png\",\"initial-credit-balance-sat\":100000,\"minimum-withdrawal-sat\":7000,\"daily-fee-sat\":100,\"timezone\":\"UTC-08:00\"}", "sig" "980edfcac3469ec4062694368f65045ddf329e55da4c3dea3b48e2480216ed8c365a8451b809228f2362248e13c797afd278e05b3f68c51694f0a444fc209e5c"}], :client-id "manifold.stream.SplicedStream@7d062d6c"}
clojure.lang.Delay@67a5ab8c DEBUG [synchrono.server.ws:207] - Sending event for subscription {:subscription-id "sub:1", :event-id "d21e95e82856fa40c2b4a71d96110cb56fdda768a086bacd673af72d4e17465e", :event {:id "d21e95e82856fa40c2b4a71d96110cb56fdda768a086bacd673af72d4e17465e", :pubkey "800e78c63707901e8f9dff820659e844efe92b329e9f24d6ea53aece315cbfe4", :created_at 1730979951, :kind 4444, :tags "[[\"s\",\"synchrono\"]]", :content "{\"id\":null,\"name\":\"synchrono.city\",\"about\":\"Everyone buys in for 100,000 satoshis by sending 0.001 BTC to me. \\nTransfer satoshis to other people by upvoting their entries. \\nWe each pay dues of 100 satoshis per day, so you better start hustling! \\nCash out any time; I will send BTC to you. \\nSo long as you leave enough satoshis to pay for 1 week of dues. \\nWin big in this marketplace for ideas! \",\"picture\":\"https://synchrono.city/JAMN.png\",\"initial-credit-balance-sat\":100000,\"minimum-withdrawal-sat\":7000,\"daily-fee-sat\":100,\"timezone\":\"UTC-08:00\"}", :sig "6caf875b67c37126588d649815b7b46301ddce2f4d587adada939f8078946a4e4839744a8902acffde3f072cb5bb0798ec6d27a124c4e49f8ac48f9fed5a5f2b"}}
clojure.lang.Delay@46e7a77d DEBUG [synchrono.server.ws:83] - Attempting to send EVENT {:subscription-id "sub:1", :event-id "d21e95e82856fa40c2b4a71d96110cb56fdda768a086bacd673af72d4e17465e", :client-id "manifold.stream.SplicedStream@7d062d6c"}
clojure.lang.Delay@1185a421 DEBUG [synchrono.server.ws:88] - Normalized event for sending {:original {:id "d21e95e82856fa40c2b4a71d96110cb56fdda768a086bacd673af72d4e17465e", :pubkey "800e78c63707901e8f9dff820659e844efe92b329e9f24d6ea53aece315cbfe4", :created_at 1730979951, :kind 4444, :tags "[[\"s\",\"synchrono\"]]", :content "{\"id\":null,\"name\":\"synchrono.city\",\"about\":\"Everyone buys in for 100,000 satoshis by sending 0.001 BTC to me. \\nTransfer satoshis to other people by upvoting their entries. \\nWe each pay dues of 100 satoshis per day, so you better start hustling! \\nCash out any time; I will send BTC to you. \\nSo long as you leave enough satoshis to pay for 1 week of dues. \\nWin big in this marketplace for ideas! \",\"picture\":\"https://synchrono.city/JAMN.png\",\"initial-credit-balance-sat\":100000,\"minimum-withdrawal-sat\":7000,\"daily-fee-sat\":100,\"timezone\":\"UTC-08:00\"}", :sig "6caf875b67c37126588d649815b7b46301ddce2f4d587adada939f8078946a4e4839744a8902acffde3f072cb5bb0798ec6d27a124c4e49f8ac48f9fed5a5f2b"}, :normalized {"id" "d21e95e82856fa40c2b4a71d96110cb56fdda768a086bacd673af72d4e17465e", "pubkey" "800e78c63707901e8f9dff820659e844efe92b329e9f24d6ea53aece315cbfe4", "created_at" 1730979951, "kind" 4444, "tags" (["s" "synchrono"]), "content" "{\"id\":null,\"name\":\"synchrono.city\",\"about\":\"Everyone buys in for 100,000 satoshis by sending 0.001 BTC to me. \\nTransfer satoshis to other people by upvoting their entries. \\nWe each pay dues of 100 satoshis per day, so you better start hustling! \\nCash out any time; I will send BTC to you. \\nSo long as you leave enough satoshis to pay for 1 week of dues. \\nWin big in this marketplace for ideas! \",\"picture\":\"https://synchrono.city/JAMN.png\",\"initial-credit-balance-sat\":100000,\"minimum-withdrawal-sat\":7000,\"daily-fee-sat\":100,\"timezone\":\"UTC-08:00\"}", "sig" "6caf875b67c37126588d649815b7b46301ddce2f4d587adada939f8078946a4e4839744a8902acffde3f072cb5bb0798ec6d27a124c4e49f8ac48f9fed5a5f2b"}}
clojure.lang.Delay@481eee11 DEBUG [synchrono.server.ws:52] - Sending message to client {:message ["EVENT" "sub:1" {"id" "d21e95e82856fa40c2b4a71d96110cb56fdda768a086bacd673af72d4e17465e", "pubkey" "800e78c63707901e8f9dff820659e844efe92b329e9f24d6ea53aece315cbfe4", "created_at" 1730979951, "kind" 4444, "tags" (["s" "synchrono"]), "content" "{\"id\":null,\"name\":\"synchrono.city\",\"about\":\"Everyone buys in for 100,000 satoshis by sending 0.001 BTC to me. \\nTransfer satoshis to other people by upvoting their entries. \\nWe each pay dues of 100 satoshis per day, so you better start hustling! \\nCash out any time; I will send BTC to you. \\nSo long as you leave enough satoshis to pay for 1 week of dues. \\nWin big in this marketplace for ideas! \",\"picture\":\"https://synchrono.city/JAMN.png\",\"initial-credit-balance-sat\":100000,\"minimum-withdrawal-sat\":7000,\"daily-fee-sat\":100,\"timezone\":\"UTC-08:00\"}", "sig" "6caf875b67c37126588d649815b7b46301ddce2f4d587adada939f8078946a4e4839744a8902acffde3f072cb5bb0798ec6d27a124c4e49f8ac48f9fed5a5f2b"}], :client-id "manifold.stream.SplicedStream@7d062d6c"}
clojure.lang.Delay@5bc0bb0b DEBUG [synchrono.server.ws:207] - Sending event for subscription {:subscription-id "sub:1", :event-id "c9b9018eadf6b01a7817408bab9cfb293a0e32505ed61788eafe9d9e33bda89a", :event {:id "c9b9018eadf6b01a7817408bab9cfb293a0e32505ed61788eafe9d9e33bda89a", :pubkey "800e78c63707901e8f9dff820659e844efe92b329e9f24d6ea53aece315cbfe4", :created_at 1730979124, :kind 4444, :tags "[[\"s\",\"synchrono\"]]", :content "{\"id\":null,\"name\":\"synchrono.city\",\"about\":\"Everyone buys in for 100,000 satoshis by sending 0.001 BTC to me. \\nTransfer satoshis to other people by upvoting their entries. \\nWe each pay dues of 100 satoshis per day, so you better start hustling! \\nCash out any time; I will send BTC to you. \\nSo long as you leave enough satoshis to pay for 1 week of dues. \\nWin big in this marketplace for ideas! \",\"picture\":\"https://synchrono.city/JAMN.png\",\"initial-credit-balance-sat\":100000,\"minimum-withdrawal-sat\":7000,\"daily-fee-sat\":100,\"timezone\":\"UTC-08:00\"}", :sig "ea34fad43440cfd538285224eeb283bef9c01abc7b6e4d019e5833d70baf8624d391c3c6fc3aca4024b2a7ee97f2c43a87269981a7dada3e413e1455cafcc673"}}
clojure.lang.Delay@337664d7 DEBUG [synchrono.server.ws:83] - Attempting to send EVENT {:subscription-id "sub:1", :event-id "c9b9018eadf6b01a7817408bab9cfb293a0e32505ed61788eafe9d9e33bda89a", :client-id "manifold.stream.SplicedStream@7d062d6c"}
clojure.lang.Delay@1e7abc47 DEBUG [synchrono.server.ws:88] - Normalized event for sending {:original {:id "c9b9018eadf6b01a7817408bab9cfb293a0e32505ed61788eafe9d9e33bda89a", :pubkey "800e78c63707901e8f9dff820659e844efe92b329e9f24d6ea53aece315cbfe4", :created_at 1730979124, :kind 4444, :tags "[[\"s\",\"synchrono\"]]", :content "{\"id\":null,\"name\":\"synchrono.city\",\"about\":\"Everyone buys in for 100,000 satoshis by sending 0.001 BTC to me. \\nTransfer satoshis to other people by upvoting their entries. \\nWe each pay dues of 100 satoshis per day, so you better start hustling! \\nCash out any time; I will send BTC to you. \\nSo long as you leave enough satoshis to pay for 1 week of dues. \\nWin big in this marketplace for ideas! \",\"picture\":\"https://synchrono.city/JAMN.png\",\"initial-credit-balance-sat\":100000,\"minimum-withdrawal-sat\":7000,\"daily-fee-sat\":100,\"timezone\":\"UTC-08:00\"}", :sig "ea34fad43440cfd538285224eeb283bef9c01abc7b6e4d019e5833d70baf8624d391c3c6fc3aca4024b2a7ee97f2c43a87269981a7dada3e413e1455cafcc673"}, :normalized {"id" "c9b9018eadf6b01a7817408bab9cfb293a0e32505ed61788eafe9d9e33bda89a", "pubkey" "800e78c63707901e8f9dff820659e844efe92b329e9f24d6ea53aece315cbfe4", "created_at" 1730979124, "kind" 4444, "tags" (["s" "synchrono"]), "content" "{\"id\":null,\"name\":\"synchrono.city\",\"about\":\"Everyone buys in for 100,000 satoshis by sending 0.001 BTC to me. \\nTransfer satoshis to other people by upvoting their entries. \\nWe each pay dues of 100 satoshis per day, so you better start hustling! \\nCash out any time; I will send BTC to you. \\nSo long as you leave enough satoshis to pay for 1 week of dues. \\nWin big in this marketplace for ideas! \",\"picture\":\"https://synchrono.city/JAMN.png\",\"initial-credit-balance-sat\":100000,\"minimum-withdrawal-sat\":7000,\"daily-fee-sat\":100,\"timezone\":\"UTC-08:00\"}", "sig" "ea34fad43440cfd538285224eeb283bef9c01abc7b6e4d019e5833d70baf8624d391c3c6fc3aca4024b2a7ee97f2c43a87269981a7dada3e413e1455cafcc673"}}
clojure.lang.Delay@18c08736 DEBUG [synchrono.server.ws:52] - Sending message to client {:message ["EVENT" "sub:1" {"id" "c9b9018eadf6b01a7817408bab9cfb293a0e32505ed61788eafe9d9e33bda89a", "pubkey" "800e78c63707901e8f9dff820659e844efe92b329e9f24d6ea53aece315cbfe4", "created_at" 1730979124, "kind" 4444, "tags" (["s" "synchrono"]), "content" "{\"id\":null,\"name\":\"synchrono.city\",\"about\":\"Everyone buys in for 100,000 satoshis by sending 0.001 BTC to me. \\nTransfer satoshis to other people by upvoting their entries. \\nWe each pay dues of 100 satoshis per day, so you better start hustling! \\nCash out any time; I will send BTC to you. \\nSo long as you leave enough satoshis to pay for 1 week of dues. \\nWin big in this marketplace for ideas! \",\"picture\":\"https://synchrono.city/JAMN.png\",\"initial-credit-balance-sat\":100000,\"minimum-withdrawal-sat\":7000,\"daily-fee-sat\":100,\"timezone\":\"UTC-08:00\"}", "sig" "ea34fad43440cfd538285224eeb283bef9c01abc7b6e4d019e5833d70baf8624d391c3c6fc3aca4024b2a7ee97f2c43a87269981a7dada3e413e1455cafcc673"}], :client-id "manifold.stream.SplicedStream@7d062d6c"}
clojure.lang.Delay@3e8c1a8e DEBUG [synchrono.server.ws:212] - Sending EOSE for subscription {:subscription-id "sub:1"}
clojure.lang.Delay@1ab471aa DEBUG [synchrono.server.ws:52] - Sending message to client {:message ["EOSE" "sub:1"], :client-id "manifold.stream.SplicedStream@7d062d6c"}
clojure.lang.Delay@59ee388d DEBUG [synchrono.server.ws:240] - Received WebSocket message {:type "CLOSE", :params ("sub:1"), :raw-message "[\"CLOSE\",\"sub:1\"]"}
clojure.lang.Delay@264ed726 DEBUG [synchrono.server.ws:230] - Processing CLOSE message {:subscription-id "sub:1"}
clojure.lang.Delay@59663200 INFO [synchrono.server.core:33] - [:get] /ws 404 - 161ms
clojure.lang.Delay@c3bcf11 INFO [synchrono.server.core:33] - [:get] / 200 - 3ms
clojure.lang.Delay@47d9a43d INFO [synchrono.server.ws:288] - WebSocket connection closed {:client-id "manifold.stream.SplicedStream@7d062d6c"}
clojure.lang.Delay@47f831f1 INFO [synchrono.server.ws:281] - WebSocket connection established {:client-id "manifold.stream.SplicedStream@27b105a8", :headers {"origin" "http://localhost:3000", "host" "localhost:3000", "upgrade" "websocket", "user-agent" "Mozilla/5.0 (Macintosh; Intel Mac OS X 10_15_7) AppleWebKit/537.36 (KHTML, like Gecko) Chrome/130.0.0.0 Safari/537.36", "cookie" "ring-session=ea3c4a1c-7dab-41bd-b09a-a684e37b5259", "connection" "Upgrade", "pragma" "no-cache", "sec-websocket-key" "ESpWjCxuEvYS+XKFOFTFRQ==", "accept-language" "en-US,en;q=0.9", "sec-websocket-version" "13", "accept-encoding" "gzip, deflate, br, zstd", "sec-websocket-extensions" "permessage-deflate; client_max_window_bits", "cache-control" "no-cache"}}
clojure.lang.Delay@1a25b122 DEBUG [synchrono.server.ws:240] - Received WebSocket message {:type "REQ", :params ("sub:1" {:kinds [4444], :#s ["synchrono"]}), :raw-message "[\"REQ\",\"sub:1\",{\"kinds\":[4444],\"#s\":[\"synchrono\"]}]"}
clojure.lang.Delay@1b2c773c DEBUG [synchrono.server.ws:195] - Processing REQ message {:subscription-id "sub:1", :filters ({:kinds [4444], :#s ["synchrono"]})}
clojure.lang.Delay@2f9d1824 DEBUG [synchrono.server.ws:35] - Adding subscription {:client-id "manifold.stream.SplicedStream@27b105a8", :subscription-id "sub:1", :filters ({:kinds [4444], :#s ["synchrono"]})}
clojure.lang.Delay@4e0bb9b2 INFO [synchrono.server.ws:203] - Found matching events for subscription {:subscription-id "sub:1", :event-count 5}
clojure.lang.Delay@11a01346 DEBUG [synchrono.server.ws:207] - Sending event for subscription {:subscription-id "sub:1", :event-id "4b9a57c73eee3deb848df08d66241369c67766716203cc763a25ab5377941fe0", :event {:id "4b9a57c73eee3deb848df08d66241369c67766716203cc763a25ab5377941fe0", :pubkey "800e78c63707901e8f9dff820659e844efe92b329e9f24d6ea53aece315cbfe4", :created_at 1730982229, :kind 4444, :tags "[[\"s\",\"synchrono\"]]", :content "{\"id\":null,\"name\":\"synchrono.city\",\"about\":\"Everyone buys in for 100,000 satoshis by sending 0.001 BTC to me. \\nTransfer satoshis to other people by upvoting their entries. \\nWe each pay dues of 100 satoshis per day, so you better start hustling! \\nCash out any time; I will send BTC to you. \\nSo long as you leave enough satoshis to pay for 1 week of dues. \\nWin big in this marketplace for ideas! \",\"picture\":\"https://synchrono.city/JAMN.png\",\"initial-credit-balance-sat\":100000,\"minimum-withdrawal-sat\":7000,\"daily-fee-sat\":100,\"timezone\":\"UTC-08:00\"}", :sig "8fd5e97c2e2d7faba3dba5f561d77156d0fe731fb4259d8d9fcb75a4af690f8be8888d48c3ef2bde227c70f83dc416b54cc0d784810b617a7403736ea4120ce3"}}
clojure.lang.Delay@1cfc353 DEBUG [synchrono.server.ws:83] - Attempting to send EVENT {:subscription-id "sub:1", :event-id "4b9a57c73eee3deb848df08d66241369c67766716203cc763a25ab5377941fe0", :client-id "manifold.stream.SplicedStream@27b105a8"}
clojure.lang.Delay@445c6900 DEBUG [synchrono.server.ws:88] - Normalized event for sending {:original {:id "4b9a57c73eee3deb848df08d66241369c67766716203cc763a25ab5377941fe0", :pubkey "800e78c63707901e8f9dff820659e844efe92b329e9f24d6ea53aece315cbfe4", :created_at 1730982229, :kind 4444, :tags "[[\"s\",\"synchrono\"]]", :content "{\"id\":null,\"name\":\"synchrono.city\",\"about\":\"Everyone buys in for 100,000 satoshis by sending 0.001 BTC to me. \\nTransfer satoshis to other people by upvoting their entries. \\nWe each pay dues of 100 satoshis per day, so you better start hustling! \\nCash out any time; I will send BTC to you. \\nSo long as you leave enough satoshis to pay for 1 week of dues. \\nWin big in this marketplace for ideas! \",\"picture\":\"https://synchrono.city/JAMN.png\",\"initial-credit-balance-sat\":100000,\"minimum-withdrawal-sat\":7000,\"daily-fee-sat\":100,\"timezone\":\"UTC-08:00\"}", :sig "8fd5e97c2e2d7faba3dba5f561d77156d0fe731fb4259d8d9fcb75a4af690f8be8888d48c3ef2bde227c70f83dc416b54cc0d784810b617a7403736ea4120ce3"}, :normalized {"id" "4b9a57c73eee3deb848df08d66241369c67766716203cc763a25ab5377941fe0", "pubkey" "800e78c63707901e8f9dff820659e844efe92b329e9f24d6ea53aece315cbfe4", "created_at" 1730982229, "kind" 4444, "tags" (["s" "synchrono"]), "content" "{\"id\":null,\"name\":\"synchrono.city\",\"about\":\"Everyone buys in for 100,000 satoshis by sending 0.001 BTC to me. \\nTransfer satoshis to other people by upvoting their entries. \\nWe each pay dues of 100 satoshis per day, so you better start hustling! \\nCash out any time; I will send BTC to you. \\nSo long as you leave enough satoshis to pay for 1 week of dues. \\nWin big in this marketplace for ideas! \",\"picture\":\"https://synchrono.city/JAMN.png\",\"initial-credit-balance-sat\":100000,\"minimum-withdrawal-sat\":7000,\"daily-fee-sat\":100,\"timezone\":\"UTC-08:00\"}", "sig" "8fd5e97c2e2d7faba3dba5f561d77156d0fe731fb4259d8d9fcb75a4af690f8be8888d48c3ef2bde227c70f83dc416b54cc0d784810b617a7403736ea4120ce3"}}
clojure.lang.Delay@2b5f4e0c DEBUG [synchrono.server.ws:52] - Sending message to client {:message ["EVENT" "sub:1" {"id" "4b9a57c73eee3deb848df08d66241369c67766716203cc763a25ab5377941fe0", "pubkey" "800e78c63707901e8f9dff820659e844efe92b329e9f24d6ea53aece315cbfe4", "created_at" 1730982229, "kind" 4444, "tags" (["s" "synchrono"]), "content" "{\"id\":null,\"name\":\"synchrono.city\",\"about\":\"Everyone buys in for 100,000 satoshis by sending 0.001 BTC to me. \\nTransfer satoshis to other people by upvoting their entries. \\nWe each pay dues of 100 satoshis per day, so you better start hustling! \\nCash out any time; I will send BTC to you. \\nSo long as you leave enough satoshis to pay for 1 week of dues. \\nWin big in this marketplace for ideas! \",\"picture\":\"https://synchrono.city/JAMN.png\",\"initial-credit-balance-sat\":100000,\"minimum-withdrawal-sat\":7000,\"daily-fee-sat\":100,\"timezone\":\"UTC-08:00\"}", "sig" "8fd5e97c2e2d7faba3dba5f561d77156d0fe731fb4259d8d9fcb75a4af690f8be8888d48c3ef2bde227c70f83dc416b54cc0d784810b617a7403736ea4120ce3"}], :client-id "manifold.stream.SplicedStream@27b105a8"}
clojure.lang.Delay@3c499075 DEBUG [synchrono.server.ws:207] - Sending event for subscription {:subscription-id "sub:1", :event-id "20cba70f46e96dd1de7dadadd9eab404f187faa7f142d04ceb688880ab47fc30", :event {:id "20cba70f46e96dd1de7dadadd9eab404f187faa7f142d04ceb688880ab47fc30", :pubkey "800e78c63707901e8f9dff820659e844efe92b329e9f24d6ea53aece315cbfe4", :created_at 1730981067, :kind 4444, :tags "[[\"s\",\"synchrono\"]]", :content "{\"id\":null,\"name\":\"synchrono.city\",\"about\":\"Everyone buys in for 100,000 satoshis by sending 0.001 BTC to me. \\nTransfer satoshis to other people by upvoting their entries. \\nWe each pay dues of 100 satoshis per day, so you better start hustling! \\nCash out any time; I will send BTC to you. \\nSo long as you leave enough satoshis to pay for 1 week of dues. \\nWin big in this marketplace for ideas! \",\"picture\":\"https://synchrono.city/JAMN.png\",\"initial-credit-balance-sat\":100000,\"minimum-withdrawal-sat\":7000,\"daily-fee-sat\":100,\"timezone\":\"UTC-08:00\"}", :sig "151d534570d9d818fbfe33d0ecf3392c79f6ce6a5a951c42c154e8776f9ebf7529892958d29cd0c49d4aa294b6a4797cb910dd84085a9bd4ec68b7d879aebe54"}}
clojure.lang.Delay@2b0e403c DEBUG [synchrono.server.ws:83] - Attempting to send EVENT {:subscription-id "sub:1", :event-id "20cba70f46e96dd1de7dadadd9eab404f187faa7f142d04ceb688880ab47fc30", :client-id "manifold.stream.SplicedStream@27b105a8"}
clojure.lang.Delay@17fd612f DEBUG [synchrono.server.ws:88] - Normalized event for sending {:original {:id "20cba70f46e96dd1de7dadadd9eab404f187faa7f142d04ceb688880ab47fc30", :pubkey "800e78c63707901e8f9dff820659e844efe92b329e9f24d6ea53aece315cbfe4", :created_at 1730981067, :kind 4444, :tags "[[\"s\",\"synchrono\"]]", :content "{\"id\":null,\"name\":\"synchrono.city\",\"about\":\"Everyone buys in for 100,000 satoshis by sending 0.001 BTC to me. \\nTransfer satoshis to other people by upvoting their entries. \\nWe each pay dues of 100 satoshis per day, so you better start hustling! \\nCash out any time; I will send BTC to you. \\nSo long as you leave enough satoshis to pay for 1 week of dues. \\nWin big in this marketplace for ideas! \",\"picture\":\"https://synchrono.city/JAMN.png\",\"initial-credit-balance-sat\":100000,\"minimum-withdrawal-sat\":7000,\"daily-fee-sat\":100,\"timezone\":\"UTC-08:00\"}", :sig "151d534570d9d818fbfe33d0ecf3392c79f6ce6a5a951c42c154e8776f9ebf7529892958d29cd0c49d4aa294b6a4797cb910dd84085a9bd4ec68b7d879aebe54"}, :normalized {"id" "20cba70f46e96dd1de7dadadd9eab404f187faa7f142d04ceb688880ab47fc30", "pubkey" "800e78c63707901e8f9dff820659e844efe92b329e9f24d6ea53aece315cbfe4", "created_at" 1730981067, "kind" 4444, "tags" (["s" "synchrono"]), "content" "{\"id\":null,\"name\":\"synchrono.city\",\"about\":\"Everyone buys in for 100,000 satoshis by sending 0.001 BTC to me. \\nTransfer satoshis to other people by upvoting their entries. \\nWe each pay dues of 100 satoshis per day, so you better start hustling! \\nCash out any time; I will send BTC to you. \\nSo long as you leave enough satoshis to pay for 1 week of dues. \\nWin big in this marketplace for ideas! \",\"picture\":\"https://synchrono.city/JAMN.png\",\"initial-credit-balance-sat\":100000,\"minimum-withdrawal-sat\":7000,\"daily-fee-sat\":100,\"timezone\":\"UTC-08:00\"}", "sig" "151d534570d9d818fbfe33d0ecf3392c79f6ce6a5a951c42c154e8776f9ebf7529892958d29cd0c49d4aa294b6a4797cb910dd84085a9bd4ec68b7d879aebe54"}}
clojure.lang.Delay@527f52de DEBUG [synchrono.server.ws:52] - Sending message to client {:message ["EVENT" "sub:1" {"id" "20cba70f46e96dd1de7dadadd9eab404f187faa7f142d04ceb688880ab47fc30", "pubkey" "800e78c63707901e8f9dff820659e844efe92b329e9f24d6ea53aece315cbfe4", "created_at" 1730981067, "kind" 4444, "tags" (["s" "synchrono"]), "content" "{\"id\":null,\"name\":\"synchrono.city\",\"about\":\"Everyone buys in for 100,000 satoshis by sending 0.001 BTC to me. \\nTransfer satoshis to other people by upvoting their entries. \\nWe each pay dues of 100 satoshis per day, so you better start hustling! \\nCash out any time; I will send BTC to you. \\nSo long as you leave enough satoshis to pay for 1 week of dues. \\nWin big in this marketplace for ideas! \",\"picture\":\"https://synchrono.city/JAMN.png\",\"initial-credit-balance-sat\":100000,\"minimum-withdrawal-sat\":7000,\"daily-fee-sat\":100,\"timezone\":\"UTC-08:00\"}", "sig" "151d534570d9d818fbfe33d0ecf3392c79f6ce6a5a951c42c154e8776f9ebf7529892958d29cd0c49d4aa294b6a4797cb910dd84085a9bd4ec68b7d879aebe54"}], :client-id "manifold.stream.SplicedStream@27b105a8"}
clojure.lang.Delay@acf8607 DEBUG [synchrono.server.ws:207] - Sending event for subscription {:subscription-id "sub:1", :event-id "5a24aab418cf86c0956802f0f5de81b9682d75db4d653abf603c015820306401", :event {:id "5a24aab418cf86c0956802f0f5de81b9682d75db4d653abf603c015820306401", :pubkey "800e78c63707901e8f9dff820659e844efe92b329e9f24d6ea53aece315cbfe4", :created_at 1730980824, :kind 4444, :tags "[[\"s\",\"synchrono\"]]", :content "{\"id\":null,\"name\":\"synchrono.city\",\"about\":\"Everyone buys in for 100,000 satoshis by sending 0.001 BTC to me. \\nTransfer satoshis to other people by upvoting their entries. \\nWe each pay dues of 100 satoshis per day, so you better start hustling! \\nCash out any time; I will send BTC to you. \\nSo long as you leave enough satoshis to pay for 1 week of dues. \\nWin big in this marketplace for ideas! \",\"picture\":\"https://synchrono.city/JAMN.png\",\"initial-credit-balance-sat\":100000,\"minimum-withdrawal-sat\":7000,\"daily-fee-sat\":100,\"timezone\":\"UTC-08:00\"}", :sig "980edfcac3469ec4062694368f65045ddf329e55da4c3dea3b48e2480216ed8c365a8451b809228f2362248e13c797afd278e05b3f68c51694f0a444fc209e5c"}}
clojure.lang.Delay@2dd2784a DEBUG [synchrono.server.ws:83] - Attempting to send EVENT {:subscription-id "sub:1", :event-id "5a24aab418cf86c0956802f0f5de81b9682d75db4d653abf603c015820306401", :client-id "manifold.stream.SplicedStream@27b105a8"}
clojure.lang.Delay@195e0774 DEBUG [synchrono.server.ws:88] - Normalized event for sending {:original {:id "5a24aab418cf86c0956802f0f5de81b9682d75db4d653abf603c015820306401", :pubkey "800e78c63707901e8f9dff820659e844efe92b329e9f24d6ea53aece315cbfe4", :created_at 1730980824, :kind 4444, :tags "[[\"s\",\"synchrono\"]]", :content "{\"id\":null,\"name\":\"synchrono.city\",\"about\":\"Everyone buys in for 100,000 satoshis by sending 0.001 BTC to me. \\nTransfer satoshis to other people by upvoting their entries. \\nWe each pay dues of 100 satoshis per day, so you better start hustling! \\nCash out any time; I will send BTC to you. \\nSo long as you leave enough satoshis to pay for 1 week of dues. \\nWin big in this marketplace for ideas! \",\"picture\":\"https://synchrono.city/JAMN.png\",\"initial-credit-balance-sat\":100000,\"minimum-withdrawal-sat\":7000,\"daily-fee-sat\":100,\"timezone\":\"UTC-08:00\"}", :sig "980edfcac3469ec4062694368f65045ddf329e55da4c3dea3b48e2480216ed8c365a8451b809228f2362248e13c797afd278e05b3f68c51694f0a444fc209e5c"}, :normalized {"id" "5a24aab418cf86c0956802f0f5de81b9682d75db4d653abf603c015820306401", "pubkey" "800e78c63707901e8f9dff820659e844efe92b329e9f24d6ea53aece315cbfe4", "created_at" 1730980824, "kind" 4444, "tags" (["s" "synchrono"]), "content" "{\"id\":null,\"name\":\"synchrono.city\",\"about\":\"Everyone buys in for 100,000 satoshis by sending 0.001 BTC to me. \\nTransfer satoshis to other people by upvoting their entries. \\nWe each pay dues of 100 satoshis per day, so you better start hustling! \\nCash out any time; I will send BTC to you. \\nSo long as you leave enough satoshis to pay for 1 week of dues. \\nWin big in this marketplace for ideas! \",\"picture\":\"https://synchrono.city/JAMN.png\",\"initial-credit-balance-sat\":100000,\"minimum-withdrawal-sat\":7000,\"daily-fee-sat\":100,\"timezone\":\"UTC-08:00\"}", "sig" "980edfcac3469ec4062694368f65045ddf329e55da4c3dea3b48e2480216ed8c365a8451b809228f2362248e13c797afd278e05b3f68c51694f0a444fc209e5c"}}
clojure.lang.Delay@4c9bbbfa DEBUG [synchrono.server.ws:52] - Sending message to client {:message ["EVENT" "sub:1" {"id" "5a24aab418cf86c0956802f0f5de81b9682d75db4d653abf603c015820306401", "pubkey" "800e78c63707901e8f9dff820659e844efe92b329e9f24d6ea53aece315cbfe4", "created_at" 1730980824, "kind" 4444, "tags" (["s" "synchrono"]), "content" "{\"id\":null,\"name\":\"synchrono.city\",\"about\":\"Everyone buys in for 100,000 satoshis by sending 0.001 BTC to me. \\nTransfer satoshis to other people by upvoting their entries. \\nWe each pay dues of 100 satoshis per day, so you better start hustling! \\nCash out any time; I will send BTC to you. \\nSo long as you leave enough satoshis to pay for 1 week of dues. \\nWin big in this marketplace for ideas! \",\"picture\":\"https://synchrono.city/JAMN.png\",\"initial-credit-balance-sat\":100000,\"minimum-withdrawal-sat\":7000,\"daily-fee-sat\":100,\"timezone\":\"UTC-08:00\"}", "sig" "980edfcac3469ec4062694368f65045ddf329e55da4c3dea3b48e2480216ed8c365a8451b809228f2362248e13c797afd278e05b3f68c51694f0a444fc209e5c"}], :client-id "manifold.stream.SplicedStream@27b105a8"}
clojure.lang.Delay@22f1eb3d DEBUG [synchrono.server.ws:207] - Sending event for subscription {:subscription-id "sub:1", :event-id "d21e95e82856fa40c2b4a71d96110cb56fdda768a086bacd673af72d4e17465e", :event {:id "d21e95e82856fa40c2b4a71d96110cb56fdda768a086bacd673af72d4e17465e", :pubkey "800e78c63707901e8f9dff820659e844efe92b329e9f24d6ea53aece315cbfe4", :created_at 1730979951, :kind 4444, :tags "[[\"s\",\"synchrono\"]]", :content "{\"id\":null,\"name\":\"synchrono.city\",\"about\":\"Everyone buys in for 100,000 satoshis by sending 0.001 BTC to me. \\nTransfer satoshis to other people by upvoting their entries. \\nWe each pay dues of 100 satoshis per day, so you better start hustling! \\nCash out any time; I will send BTC to you. \\nSo long as you leave enough satoshis to pay for 1 week of dues. \\nWin big in this marketplace for ideas! \",\"picture\":\"https://synchrono.city/JAMN.png\",\"initial-credit-balance-sat\":100000,\"minimum-withdrawal-sat\":7000,\"daily-fee-sat\":100,\"timezone\":\"UTC-08:00\"}", :sig "6caf875b67c37126588d649815b7b46301ddce2f4d587adada939f8078946a4e4839744a8902acffde3f072cb5bb0798ec6d27a124c4e49f8ac48f9fed5a5f2b"}}
clojure.lang.Delay@75c408c7 DEBUG [synchrono.server.ws:83] - Attempting to send EVENT {:subscription-id "sub:1", :event-id "d21e95e82856fa40c2b4a71d96110cb56fdda768a086bacd673af72d4e17465e", :client-id "manifold.stream.SplicedStream@27b105a8"}
clojure.lang.Delay@27e56f88 DEBUG [synchrono.server.ws:88] - Normalized event for sending {:original {:id "d21e95e82856fa40c2b4a71d96110cb56fdda768a086bacd673af72d4e17465e", :pubkey "800e78c63707901e8f9dff820659e844efe92b329e9f24d6ea53aece315cbfe4", :created_at 1730979951, :kind 4444, :tags "[[\"s\",\"synchrono\"]]", :content "{\"id\":null,\"name\":\"synchrono.city\",\"about\":\"Everyone buys in for 100,000 satoshis by sending 0.001 BTC to me. \\nTransfer satoshis to other people by upvoting their entries. \\nWe each pay dues of 100 satoshis per day, so you better start hustling! \\nCash out any time; I will send BTC to you. \\nSo long as you leave enough satoshis to pay for 1 week of dues. \\nWin big in this marketplace for ideas! \",\"picture\":\"https://synchrono.city/JAMN.png\",\"initial-credit-balance-sat\":100000,\"minimum-withdrawal-sat\":7000,\"daily-fee-sat\":100,\"timezone\":\"UTC-08:00\"}", :sig "6caf875b67c37126588d649815b7b46301ddce2f4d587adada939f8078946a4e4839744a8902acffde3f072cb5bb0798ec6d27a124c4e49f8ac48f9fed5a5f2b"}, :normalized {"id" "d21e95e82856fa40c2b4a71d96110cb56fdda768a086bacd673af72d4e17465e", "pubkey" "800e78c63707901e8f9dff820659e844efe92b329e9f24d6ea53aece315cbfe4", "created_at" 1730979951, "kind" 4444, "tags" (["s" "synchrono"]), "content" "{\"id\":null,\"name\":\"synchrono.city\",\"about\":\"Everyone buys in for 100,000 satoshis by sending 0.001 BTC to me. \\nTransfer satoshis to other people by upvoting their entries. \\nWe each pay dues of 100 satoshis per day, so you better start hustling! \\nCash out any time; I will send BTC to you. \\nSo long as you leave enough satoshis to pay for 1 week of dues. \\nWin big in this marketplace for ideas! \",\"picture\":\"https://synchrono.city/JAMN.png\",\"initial-credit-balance-sat\":100000,\"minimum-withdrawal-sat\":7000,\"daily-fee-sat\":100,\"timezone\":\"UTC-08:00\"}", "sig" "6caf875b67c37126588d649815b7b46301ddce2f4d587adada939f8078946a4e4839744a8902acffde3f072cb5bb0798ec6d27a124c4e49f8ac48f9fed5a5f2b"}}
clojure.lang.Delay@282cd4d2 DEBUG [synchrono.server.ws:52] - Sending message to client {:message ["EVENT" "sub:1" {"id" "d21e95e82856fa40c2b4a71d96110cb56fdda768a086bacd673af72d4e17465e", "pubkey" "800e78c63707901e8f9dff820659e844efe92b329e9f24d6ea53aece315cbfe4", "created_at" 1730979951, "kind" 4444, "tags" (["s" "synchrono"]), "content" "{\"id\":null,\"name\":\"synchrono.city\",\"about\":\"Everyone buys in for 100,000 satoshis by sending 0.001 BTC to me. \\nTransfer satoshis to other people by upvoting their entries. \\nWe each pay dues of 100 satoshis per day, so you better start hustling! \\nCash out any time; I will send BTC to you. \\nSo long as you leave enough satoshis to pay for 1 week of dues. \\nWin big in this marketplace for ideas! \",\"picture\":\"https://synchrono.city/JAMN.png\",\"initial-credit-balance-sat\":100000,\"minimum-withdrawal-sat\":7000,\"daily-fee-sat\":100,\"timezone\":\"UTC-08:00\"}", "sig" "6caf875b67c37126588d649815b7b46301ddce2f4d587adada939f8078946a4e4839744a8902acffde3f072cb5bb0798ec6d27a124c4e49f8ac48f9fed5a5f2b"}], :client-id "manifold.stream.SplicedStream@27b105a8"}
clojure.lang.Delay@2847a7b5 DEBUG [synchrono.server.ws:207] - Sending event for subscription {:subscription-id "sub:1", :event-id "c9b9018eadf6b01a7817408bab9cfb293a0e32505ed61788eafe9d9e33bda89a", :event {:id "c9b9018eadf6b01a7817408bab9cfb293a0e32505ed61788eafe9d9e33bda89a", :pubkey "800e78c63707901e8f9dff820659e844efe92b329e9f24d6ea53aece315cbfe4", :created_at 1730979124, :kind 4444, :tags "[[\"s\",\"synchrono\"]]", :content "{\"id\":null,\"name\":\"synchrono.city\",\"about\":\"Everyone buys in for 100,000 satoshis by sending 0.001 BTC to me. \\nTransfer satoshis to other people by upvoting their entries. \\nWe each pay dues of 100 satoshis per day, so you better start hustling! \\nCash out any time; I will send BTC to you. \\nSo long as you leave enough satoshis to pay for 1 week of dues. \\nWin big in this marketplace for ideas! \",\"picture\":\"https://synchrono.city/JAMN.png\",\"initial-credit-balance-sat\":100000,\"minimum-withdrawal-sat\":7000,\"daily-fee-sat\":100,\"timezone\":\"UTC-08:00\"}", :sig "ea34fad43440cfd538285224eeb283bef9c01abc7b6e4d019e5833d70baf8624d391c3c6fc3aca4024b2a7ee97f2c43a87269981a7dada3e413e1455cafcc673"}}
clojure.lang.Delay@3c4c8cc DEBUG [synchrono.server.ws:83] - Attempting to send EVENT {:subscription-id "sub:1", :event-id "c9b9018eadf6b01a7817408bab9cfb293a0e32505ed61788eafe9d9e33bda89a", :client-id "manifold.stream.SplicedStream@27b105a8"}
clojure.lang.Delay@1e461a22 DEBUG [synchrono.server.ws:88] - Normalized event for sending {:original {:id "c9b9018eadf6b01a7817408bab9cfb293a0e32505ed61788eafe9d9e33bda89a", :pubkey "800e78c63707901e8f9dff820659e844efe92b329e9f24d6ea53aece315cbfe4", :created_at 1730979124, :kind 4444, :tags "[[\"s\",\"synchrono\"]]", :content "{\"id\":null,\"name\":\"synchrono.city\",\"about\":\"Everyone buys in for 100,000 satoshis by sending 0.001 BTC to me. \\nTransfer satoshis to other people by upvoting their entries. \\nWe each pay dues of 100 satoshis per day, so you better start hustling! \\nCash out any time; I will send BTC to you. \\nSo long as you leave enough satoshis to pay for 1 week of dues. \\nWin big in this marketplace for ideas! \",\"picture\":\"https://synchrono.city/JAMN.png\",\"initial-credit-balance-sat\":100000,\"minimum-withdrawal-sat\":7000,\"daily-fee-sat\":100,\"timezone\":\"UTC-08:00\"}", :sig "ea34fad43440cfd538285224eeb283bef9c01abc7b6e4d019e5833d70baf8624d391c3c6fc3aca4024b2a7ee97f2c43a87269981a7dada3e413e1455cafcc673"}, :normalized {"id" "c9b9018eadf6b01a7817408bab9cfb293a0e32505ed61788eafe9d9e33bda89a", "pubkey" "800e78c63707901e8f9dff820659e844efe92b329e9f24d6ea53aece315cbfe4", "created_at" 1730979124, "kind" 4444, "tags" (["s" "synchrono"]), "content" "{\"id\":null,\"name\":\"synchrono.city\",\"about\":\"Everyone buys in for 100,000 satoshis by sending 0.001 BTC to me. \\nTransfer satoshis to other people by upvoting their entries. \\nWe each pay dues of 100 satoshis per day, so you better start hustling! \\nCash out any time; I will send BTC to you. \\nSo long as you leave enough satoshis to pay for 1 week of dues. \\nWin big in this marketplace for ideas! \",\"picture\":\"https://synchrono.city/JAMN.png\",\"initial-credit-balance-sat\":100000,\"minimum-withdrawal-sat\":7000,\"daily-fee-sat\":100,\"timezone\":\"UTC-08:00\"}", "sig" "ea34fad43440cfd538285224eeb283bef9c01abc7b6e4d019e5833d70baf8624d391c3c6fc3aca4024b2a7ee97f2c43a87269981a7dada3e413e1455cafcc673"}}
clojure.lang.Delay@5a60acd2 DEBUG [synchrono.server.ws:52] - Sending message to client {:message ["EVENT" "sub:1" {"id" "c9b9018eadf6b01a7817408bab9cfb293a0e32505ed61788eafe9d9e33bda89a", "pubkey" "800e78c63707901e8f9dff820659e844efe92b329e9f24d6ea53aece315cbfe4", "created_at" 1730979124, "kind" 4444, "tags" (["s" "synchrono"]), "content" "{\"id\":null,\"name\":\"synchrono.city\",\"about\":\"Everyone buys in for 100,000 satoshis by sending 0.001 BTC to me. \\nTransfer satoshis to other people by upvoting their entries. \\nWe each pay dues of 100 satoshis per day, so you better start hustling! \\nCash out any time; I will send BTC to you. \\nSo long as you leave enough satoshis to pay for 1 week of dues. \\nWin big in this marketplace for ideas! \",\"picture\":\"https://synchrono.city/JAMN.png\",\"initial-credit-balance-sat\":100000,\"minimum-withdrawal-sat\":7000,\"daily-fee-sat\":100,\"timezone\":\"UTC-08:00\"}", "sig" "ea34fad43440cfd538285224eeb283bef9c01abc7b6e4d019e5833d70baf8624d391c3c6fc3aca4024b2a7ee97f2c43a87269981a7dada3e413e1455cafcc673"}], :client-id "manifold.stream.SplicedStream@27b105a8"}
clojure.lang.Delay@755fd122 DEBUG [synchrono.server.ws:212] - Sending EOSE for subscription {:subscription-id "sub:1"}
clojure.lang.Delay@68c4000f DEBUG [synchrono.server.ws:52] - Sending message to client {:message ["EOSE" "sub:1"], :client-id "manifold.stream.SplicedStream@27b105a8"}
clojure.lang.Delay@101ffa3b DEBUG [synchrono.server.ws:240] - Received WebSocket message {:type "CLOSE", :params ("sub:1"), :raw-message "[\"CLOSE\",\"sub:1\"]"}
clojure.lang.Delay@3e64705b DEBUG [synchrono.server.ws:230] - Processing CLOSE message {:subscription-id "sub:1"}
clojure.lang.Delay@76dc94f INFO [synchrono.server.core:33] - [:get] /ws 404 - 174ms
clojure.lang.Delay@70af6a4b INFO [synchrono.server.core:33] - [:get] / 200 - 3ms
clojure.lang.Delay@4b0bff81 INFO [synchrono.server.ws:288] - WebSocket connection closed {:client-id "manifold.stream.SplicedStream@27b105a8"}
clojure.lang.Delay@64adddc9 INFO [synchrono.server.ws:281] - WebSocket connection established {:client-id "manifold.stream.SplicedStream@510565a3", :headers {"origin" "http://localhost:3000", "host" "localhost:3000", "upgrade" "websocket", "user-agent" "Mozilla/5.0 (Macintosh; Intel Mac OS X 10_15_7) AppleWebKit/537.36 (KHTML, like Gecko) Chrome/130.0.0.0 Safari/537.36", "cookie" "ring-session=ea3c4a1c-7dab-41bd-b09a-a684e37b5259", "connection" "Upgrade", "pragma" "no-cache", "sec-websocket-key" "g6X8rdoHyxokvttoX3/RBA==", "accept-language" "en-US,en;q=0.9", "sec-websocket-version" "13", "accept-encoding" "gzip, deflate, br, zstd", "sec-websocket-extensions" "permessage-deflate; client_max_window_bits", "cache-control" "no-cache"}}
clojure.lang.Delay@76c1091 DEBUG [synchrono.server.ws:240] - Received WebSocket message {:type "REQ", :params ("sub:1" {:kinds [4444], :#s ["synchrono"]}), :raw-message "[\"REQ\",\"sub:1\",{\"kinds\":[4444],\"#s\":[\"synchrono\"]}]"}
clojure.lang.Delay@24594d7a DEBUG [synchrono.server.ws:195] - Processing REQ message {:subscription-id "sub:1", :filters ({:kinds [4444], :#s ["synchrono"]})}
clojure.lang.Delay@871c0d2 DEBUG [synchrono.server.ws:35] - Adding subscription {:client-id "manifold.stream.SplicedStream@510565a3", :subscription-id "sub:1", :filters ({:kinds [4444], :#s ["synchrono"]})}
clojure.lang.Delay@df7d7a4 INFO [synchrono.server.ws:203] - Found matching events for subscription {:subscription-id "sub:1", :event-count 5}
clojure.lang.Delay@6f5bf8a0 DEBUG [synchrono.server.ws:207] - Sending event for subscription {:subscription-id "sub:1", :event-id "4b9a57c73eee3deb848df08d66241369c67766716203cc763a25ab5377941fe0", :event {:id "4b9a57c73eee3deb848df08d66241369c67766716203cc763a25ab5377941fe0", :pubkey "800e78c63707901e8f9dff820659e844efe92b329e9f24d6ea53aece315cbfe4", :created_at 1730982229, :kind 4444, :tags "[[\"s\",\"synchrono\"]]", :content "{\"id\":null,\"name\":\"synchrono.city\",\"about\":\"Everyone buys in for 100,000 satoshis by sending 0.001 BTC to me. \\nTransfer satoshis to other people by upvoting their entries. \\nWe each pay dues of 100 satoshis per day, so you better start hustling! \\nCash out any time; I will send BTC to you. \\nSo long as you leave enough satoshis to pay for 1 week of dues. \\nWin big in this marketplace for ideas! \",\"picture\":\"https://synchrono.city/JAMN.png\",\"initial-credit-balance-sat\":100000,\"minimum-withdrawal-sat\":7000,\"daily-fee-sat\":100,\"timezone\":\"UTC-08:00\"}", :sig "8fd5e97c2e2d7faba3dba5f561d77156d0fe731fb4259d8d9fcb75a4af690f8be8888d48c3ef2bde227c70f83dc416b54cc0d784810b617a7403736ea4120ce3"}}
clojure.lang.Delay@4a25ddf2 DEBUG [synchrono.server.ws:83] - Attempting to send EVENT {:subscription-id "sub:1", :event-id "4b9a57c73eee3deb848df08d66241369c67766716203cc763a25ab5377941fe0", :client-id "manifold.stream.SplicedStream@510565a3"}
clojure.lang.Delay@36f1cfa6 DEBUG [synchrono.server.ws:88] - Normalized event for sending {:original {:id "4b9a57c73eee3deb848df08d66241369c67766716203cc763a25ab5377941fe0", :pubkey "800e78c63707901e8f9dff820659e844efe92b329e9f24d6ea53aece315cbfe4", :created_at 1730982229, :kind 4444, :tags "[[\"s\",\"synchrono\"]]", :content "{\"id\":null,\"name\":\"synchrono.city\",\"about\":\"Everyone buys in for 100,000 satoshis by sending 0.001 BTC to me. \\nTransfer satoshis to other people by upvoting their entries. \\nWe each pay dues of 100 satoshis per day, so you better start hustling! \\nCash out any time; I will send BTC to you. \\nSo long as you leave enough satoshis to pay for 1 week of dues. \\nWin big in this marketplace for ideas! \",\"picture\":\"https://synchrono.city/JAMN.png\",\"initial-credit-balance-sat\":100000,\"minimum-withdrawal-sat\":7000,\"daily-fee-sat\":100,\"timezone\":\"UTC-08:00\"}", :sig "8fd5e97c2e2d7faba3dba5f561d77156d0fe731fb4259d8d9fcb75a4af690f8be8888d48c3ef2bde227c70f83dc416b54cc0d784810b617a7403736ea4120ce3"}, :normalized {"id" "4b9a57c73eee3deb848df08d66241369c67766716203cc763a25ab5377941fe0", "pubkey" "800e78c63707901e8f9dff820659e844efe92b329e9f24d6ea53aece315cbfe4", "created_at" 1730982229, "kind" 4444, "tags" (["s" "synchrono"]), "content" "{\"id\":null,\"name\":\"synchrono.city\",\"about\":\"Everyone buys in for 100,000 satoshis by sending 0.001 BTC to me. \\nTransfer satoshis to other people by upvoting their entries. \\nWe each pay dues of 100 satoshis per day, so you better start hustling! \\nCash out any time; I will send BTC to you. \\nSo long as you leave enough satoshis to pay for 1 week of dues. \\nWin big in this marketplace for ideas! \",\"picture\":\"https://synchrono.city/JAMN.png\",\"initial-credit-balance-sat\":100000,\"minimum-withdrawal-sat\":7000,\"daily-fee-sat\":100,\"timezone\":\"UTC-08:00\"}", "sig" "8fd5e97c2e2d7faba3dba5f561d77156d0fe731fb4259d8d9fcb75a4af690f8be8888d48c3ef2bde227c70f83dc416b54cc0d784810b617a7403736ea4120ce3"}}
clojure.lang.Delay@6d7048c1 DEBUG [synchrono.server.ws:52] - Sending message to client {:message ["EVENT" "sub:1" {"id" "4b9a57c73eee3deb848df08d66241369c67766716203cc763a25ab5377941fe0", "pubkey" "800e78c63707901e8f9dff820659e844efe92b329e9f24d6ea53aece315cbfe4", "created_at" 1730982229, "kind" 4444, "tags" (["s" "synchrono"]), "content" "{\"id\":null,\"name\":\"synchrono.city\",\"about\":\"Everyone buys in for 100,000 satoshis by sending 0.001 BTC to me. \\nTransfer satoshis to other people by upvoting their entries. \\nWe each pay dues of 100 satoshis per day, so you better start hustling! \\nCash out any time; I will send BTC to you. \\nSo long as you leave enough satoshis to pay for 1 week of dues. \\nWin big in this marketplace for ideas! \",\"picture\":\"https://synchrono.city/JAMN.png\",\"initial-credit-balance-sat\":100000,\"minimum-withdrawal-sat\":7000,\"daily-fee-sat\":100,\"timezone\":\"UTC-08:00\"}", "sig" "8fd5e97c2e2d7faba3dba5f561d77156d0fe731fb4259d8d9fcb75a4af690f8be8888d48c3ef2bde227c70f83dc416b54cc0d784810b617a7403736ea4120ce3"}], :client-id "manifold.stream.SplicedStream@510565a3"}
clojure.lang.Delay@11a54266 DEBUG [synchrono.server.ws:207] - Sending event for subscription {:subscription-id "sub:1", :event-id "20cba70f46e96dd1de7dadadd9eab404f187faa7f142d04ceb688880ab47fc30", :event {:id "20cba70f46e96dd1de7dadadd9eab404f187faa7f142d04ceb688880ab47fc30", :pubkey "800e78c63707901e8f9dff820659e844efe92b329e9f24d6ea53aece315cbfe4", :created_at 1730981067, :kind 4444, :tags "[[\"s\",\"synchrono\"]]", :content "{\"id\":null,\"name\":\"synchrono.city\",\"about\":\"Everyone buys in for 100,000 satoshis by sending 0.001 BTC to me. \\nTransfer satoshis to other people by upvoting their entries. \\nWe each pay dues of 100 satoshis per day, so you better start hustling! \\nCash out any time; I will send BTC to you. \\nSo long as you leave enough satoshis to pay for 1 week of dues. \\nWin big in this marketplace for ideas! \",\"picture\":\"https://synchrono.city/JAMN.png\",\"initial-credit-balance-sat\":100000,\"minimum-withdrawal-sat\":7000,\"daily-fee-sat\":100,\"timezone\":\"UTC-08:00\"}", :sig "151d534570d9d818fbfe33d0ecf3392c79f6ce6a5a951c42c154e8776f9ebf7529892958d29cd0c49d4aa294b6a4797cb910dd84085a9bd4ec68b7d879aebe54"}}
clojure.lang.Delay@8689ca6 DEBUG [synchrono.server.ws:83] - Attempting to send EVENT {:subscription-id "sub:1", :event-id "20cba70f46e96dd1de7dadadd9eab404f187faa7f142d04ceb688880ab47fc30", :client-id "manifold.stream.SplicedStream@510565a3"}
clojure.lang.Delay@6829fd2b DEBUG [synchrono.server.ws:88] - Normalized event for sending {:original {:id "20cba70f46e96dd1de7dadadd9eab404f187faa7f142d04ceb688880ab47fc30", :pubkey "800e78c63707901e8f9dff820659e844efe92b329e9f24d6ea53aece315cbfe4", :created_at 1730981067, :kind 4444, :tags "[[\"s\",\"synchrono\"]]", :content "{\"id\":null,\"name\":\"synchrono.city\",\"about\":\"Everyone buys in for 100,000 satoshis by sending 0.001 BTC to me. \\nTransfer satoshis to other people by upvoting their entries. \\nWe each pay dues of 100 satoshis per day, so you better start hustling! \\nCash out any time; I will send BTC to you. \\nSo long as you leave enough satoshis to pay for 1 week of dues. \\nWin big in this marketplace for ideas! \",\"picture\":\"https://synchrono.city/JAMN.png\",\"initial-credit-balance-sat\":100000,\"minimum-withdrawal-sat\":7000,\"daily-fee-sat\":100,\"timezone\":\"UTC-08:00\"}", :sig "151d534570d9d818fbfe33d0ecf3392c79f6ce6a5a951c42c154e8776f9ebf7529892958d29cd0c49d4aa294b6a4797cb910dd84085a9bd4ec68b7d879aebe54"}, :normalized {"id" "20cba70f46e96dd1de7dadadd9eab404f187faa7f142d04ceb688880ab47fc30", "pubkey" "800e78c63707901e8f9dff820659e844efe92b329e9f24d6ea53aece315cbfe4", "created_at" 1730981067, "kind" 4444, "tags" (["s" "synchrono"]), "content" "{\"id\":null,\"name\":\"synchrono.city\",\"about\":\"Everyone buys in for 100,000 satoshis by sending 0.001 BTC to me. \\nTransfer satoshis to other people by upvoting their entries. \\nWe each pay dues of 100 satoshis per day, so you better start hustling! \\nCash out any time; I will send BTC to you. \\nSo long as you leave enough satoshis to pay for 1 week of dues. \\nWin big in this marketplace for ideas! \",\"picture\":\"https://synchrono.city/JAMN.png\",\"initial-credit-balance-sat\":100000,\"minimum-withdrawal-sat\":7000,\"daily-fee-sat\":100,\"timezone\":\"UTC-08:00\"}", "sig" "151d534570d9d818fbfe33d0ecf3392c79f6ce6a5a951c42c154e8776f9ebf7529892958d29cd0c49d4aa294b6a4797cb910dd84085a9bd4ec68b7d879aebe54"}}
clojure.lang.Delay@67b4f1fd DEBUG [synchrono.server.ws:52] - Sending message to client {:message ["EVENT" "sub:1" {"id" "20cba70f46e96dd1de7dadadd9eab404f187faa7f142d04ceb688880ab47fc30", "pubkey" "800e78c63707901e8f9dff820659e844efe92b329e9f24d6ea53aece315cbfe4", "created_at" 1730981067, "kind" 4444, "tags" (["s" "synchrono"]), "content" "{\"id\":null,\"name\":\"synchrono.city\",\"about\":\"Everyone buys in for 100,000 satoshis by sending 0.001 BTC to me. \\nTransfer satoshis to other people by upvoting their entries. \\nWe each pay dues of 100 satoshis per day, so you better start hustling! \\nCash out any time; I will send BTC to you. \\nSo long as you leave enough satoshis to pay for 1 week of dues. \\nWin big in this marketplace for ideas! \",\"picture\":\"https://synchrono.city/JAMN.png\",\"initial-credit-balance-sat\":100000,\"minimum-withdrawal-sat\":7000,\"daily-fee-sat\":100,\"timezone\":\"UTC-08:00\"}", "sig" "151d534570d9d818fbfe33d0ecf3392c79f6ce6a5a951c42c154e8776f9ebf7529892958d29cd0c49d4aa294b6a4797cb910dd84085a9bd4ec68b7d879aebe54"}], :client-id "manifold.stream.SplicedStream@510565a3"}
clojure.lang.Delay@299e07e4 DEBUG [synchrono.server.ws:207] - Sending event for subscription {:subscription-id "sub:1", :event-id "5a24aab418cf86c0956802f0f5de81b9682d75db4d653abf603c015820306401", :event {:id "5a24aab418cf86c0956802f0f5de81b9682d75db4d653abf603c015820306401", :pubkey "800e78c63707901e8f9dff820659e844efe92b329e9f24d6ea53aece315cbfe4", :created_at 1730980824, :kind 4444, :tags "[[\"s\",\"synchrono\"]]", :content "{\"id\":null,\"name\":\"synchrono.city\",\"about\":\"Everyone buys in for 100,000 satoshis by sending 0.001 BTC to me. \\nTransfer satoshis to other people by upvoting their entries. \\nWe each pay dues of 100 satoshis per day, so you better start hustling! \\nCash out any time; I will send BTC to you. \\nSo long as you leave enough satoshis to pay for 1 week of dues. \\nWin big in this marketplace for ideas! \",\"picture\":\"https://synchrono.city/JAMN.png\",\"initial-credit-balance-sat\":100000,\"minimum-withdrawal-sat\":7000,\"daily-fee-sat\":100,\"timezone\":\"UTC-08:00\"}", :sig "980edfcac3469ec4062694368f65045ddf329e55da4c3dea3b48e2480216ed8c365a8451b809228f2362248e13c797afd278e05b3f68c51694f0a444fc209e5c"}}
clojure.lang.Delay@6efe71e2 DEBUG [synchrono.server.ws:83] - Attempting to send EVENT {:subscription-id "sub:1", :event-id "5a24aab418cf86c0956802f0f5de81b9682d75db4d653abf603c015820306401", :client-id "manifold.stream.SplicedStream@510565a3"}
clojure.lang.Delay@10c13b21 DEBUG [synchrono.server.ws:88] - Normalized event for sending {:original {:id "5a24aab418cf86c0956802f0f5de81b9682d75db4d653abf603c015820306401", :pubkey "800e78c63707901e8f9dff820659e844efe92b329e9f24d6ea53aece315cbfe4", :created_at 1730980824, :kind 4444, :tags "[[\"s\",\"synchrono\"]]", :content "{\"id\":null,\"name\":\"synchrono.city\",\"about\":\"Everyone buys in for 100,000 satoshis by sending 0.001 BTC to me. \\nTransfer satoshis to other people by upvoting their entries. \\nWe each pay dues of 100 satoshis per day, so you better start hustling! \\nCash out any time; I will send BTC to you. \\nSo long as you leave enough satoshis to pay for 1 week of dues. \\nWin big in this marketplace for ideas! \",\"picture\":\"https://synchrono.city/JAMN.png\",\"initial-credit-balance-sat\":100000,\"minimum-withdrawal-sat\":7000,\"daily-fee-sat\":100,\"timezone\":\"UTC-08:00\"}", :sig "980edfcac3469ec4062694368f65045ddf329e55da4c3dea3b48e2480216ed8c365a8451b809228f2362248e13c797afd278e05b3f68c51694f0a444fc209e5c"}, :normalized {"id" "5a24aab418cf86c0956802f0f5de81b9682d75db4d653abf603c015820306401", "pubkey" "800e78c63707901e8f9dff820659e844efe92b329e9f24d6ea53aece315cbfe4", "created_at" 1730980824, "kind" 4444, "tags" (["s" "synchrono"]), "content" "{\"id\":null,\"name\":\"synchrono.city\",\"about\":\"Everyone buys in for 100,000 satoshis by sending 0.001 BTC to me. \\nTransfer satoshis to other people by upvoting their entries. \\nWe each pay dues of 100 satoshis per day, so you better start hustling! \\nCash out any time; I will send BTC to you. \\nSo long as you leave enough satoshis to pay for 1 week of dues. \\nWin big in this marketplace for ideas! \",\"picture\":\"https://synchrono.city/JAMN.png\",\"initial-credit-balance-sat\":100000,\"minimum-withdrawal-sat\":7000,\"daily-fee-sat\":100,\"timezone\":\"UTC-08:00\"}", "sig" "980edfcac3469ec4062694368f65045ddf329e55da4c3dea3b48e2480216ed8c365a8451b809228f2362248e13c797afd278e05b3f68c51694f0a444fc209e5c"}}
clojure.lang.Delay@770aafd2 DEBUG [synchrono.server.ws:52] - Sending message to client {:message ["EVENT" "sub:1" {"id" "5a24aab418cf86c0956802f0f5de81b9682d75db4d653abf603c015820306401", "pubkey" "800e78c63707901e8f9dff820659e844efe92b329e9f24d6ea53aece315cbfe4", "created_at" 1730980824, "kind" 4444, "tags" (["s" "synchrono"]), "content" "{\"id\":null,\"name\":\"synchrono.city\",\"about\":\"Everyone buys in for 100,000 satoshis by sending 0.001 BTC to me. \\nTransfer satoshis to other people by upvoting their entries. \\nWe each pay dues of 100 satoshis per day, so you better start hustling! \\nCash out any time; I will send BTC to you. \\nSo long as you leave enough satoshis to pay for 1 week of dues. \\nWin big in this marketplace for ideas! \",\"picture\":\"https://synchrono.city/JAMN.png\",\"initial-credit-balance-sat\":100000,\"minimum-withdrawal-sat\":7000,\"daily-fee-sat\":100,\"timezone\":\"UTC-08:00\"}", "sig" "980edfcac3469ec4062694368f65045ddf329e55da4c3dea3b48e2480216ed8c365a8451b809228f2362248e13c797afd278e05b3f68c51694f0a444fc209e5c"}], :client-id "manifold.stream.SplicedStream@510565a3"}
clojure.lang.Delay@737e9c96 DEBUG [synchrono.server.ws:207] - Sending event for subscription {:subscription-id "sub:1", :event-id "d21e95e82856fa40c2b4a71d96110cb56fdda768a086bacd673af72d4e17465e", :event {:id "d21e95e82856fa40c2b4a71d96110cb56fdda768a086bacd673af72d4e17465e", :pubkey "800e78c63707901e8f9dff820659e844efe92b329e9f24d6ea53aece315cbfe4", :created_at 1730979951, :kind 4444, :tags "[[\"s\",\"synchrono\"]]", :content "{\"id\":null,\"name\":\"synchrono.city\",\"about\":\"Everyone buys in for 100,000 satoshis by sending 0.001 BTC to me. \\nTransfer satoshis to other people by upvoting their entries. \\nWe each pay dues of 100 satoshis per day, so you better start hustling! \\nCash out any time; I will send BTC to you. \\nSo long as you leave enough satoshis to pay for 1 week of dues. \\nWin big in this marketplace for ideas! \",\"picture\":\"https://synchrono.city/JAMN.png\",\"initial-credit-balance-sat\":100000,\"minimum-withdrawal-sat\":7000,\"daily-fee-sat\":100,\"timezone\":\"UTC-08:00\"}", :sig "6caf875b67c37126588d649815b7b46301ddce2f4d587adada939f8078946a4e4839744a8902acffde3f072cb5bb0798ec6d27a124c4e49f8ac48f9fed5a5f2b"}}
clojure.lang.Delay@51b7e744 DEBUG [synchrono.server.ws:83] - Attempting to send EVENT {:subscription-id "sub:1", :event-id "d21e95e82856fa40c2b4a71d96110cb56fdda768a086bacd673af72d4e17465e", :client-id "manifold.stream.SplicedStream@510565a3"}
clojure.lang.Delay@6bae8bbe DEBUG [synchrono.server.ws:88] - Normalized event for sending {:original {:id "d21e95e82856fa40c2b4a71d96110cb56fdda768a086bacd673af72d4e17465e", :pubkey "800e78c63707901e8f9dff820659e844efe92b329e9f24d6ea53aece315cbfe4", :created_at 1730979951, :kind 4444, :tags "[[\"s\",\"synchrono\"]]", :content "{\"id\":null,\"name\":\"synchrono.city\",\"about\":\"Everyone buys in for 100,000 satoshis by sending 0.001 BTC to me. \\nTransfer satoshis to other people by upvoting their entries. \\nWe each pay dues of 100 satoshis per day, so you better start hustling! \\nCash out any time; I will send BTC to you. \\nSo long as you leave enough satoshis to pay for 1 week of dues. \\nWin big in this marketplace for ideas! \",\"picture\":\"https://synchrono.city/JAMN.png\",\"initial-credit-balance-sat\":100000,\"minimum-withdrawal-sat\":7000,\"daily-fee-sat\":100,\"timezone\":\"UTC-08:00\"}", :sig "6caf875b67c37126588d649815b7b46301ddce2f4d587adada939f8078946a4e4839744a8902acffde3f072cb5bb0798ec6d27a124c4e49f8ac48f9fed5a5f2b"}, :normalized {"id" "d21e95e82856fa40c2b4a71d96110cb56fdda768a086bacd673af72d4e17465e", "pubkey" "800e78c63707901e8f9dff820659e844efe92b329e9f24d6ea53aece315cbfe4", "created_at" 1730979951, "kind" 4444, "tags" (["s" "synchrono"]), "content" "{\"id\":null,\"name\":\"synchrono.city\",\"about\":\"Everyone buys in for 100,000 satoshis by sending 0.001 BTC to me. \\nTransfer satoshis to other people by upvoting their entries. \\nWe each pay dues of 100 satoshis per day, so you better start hustling! \\nCash out any time; I will send BTC to you. \\nSo long as you leave enough satoshis to pay for 1 week of dues. \\nWin big in this marketplace for ideas! \",\"picture\":\"https://synchrono.city/JAMN.png\",\"initial-credit-balance-sat\":100000,\"minimum-withdrawal-sat\":7000,\"daily-fee-sat\":100,\"timezone\":\"UTC-08:00\"}", "sig" "6caf875b67c37126588d649815b7b46301ddce2f4d587adada939f8078946a4e4839744a8902acffde3f072cb5bb0798ec6d27a124c4e49f8ac48f9fed5a5f2b"}}
clojure.lang.Delay@7ae76a0 DEBUG [synchrono.server.ws:52] - Sending message to client {:message ["EVENT" "sub:1" {"id" "d21e95e82856fa40c2b4a71d96110cb56fdda768a086bacd673af72d4e17465e", "pubkey" "800e78c63707901e8f9dff820659e844efe92b329e9f24d6ea53aece315cbfe4", "created_at" 1730979951, "kind" 4444, "tags" (["s" "synchrono"]), "content" "{\"id\":null,\"name\":\"synchrono.city\",\"about\":\"Everyone buys in for 100,000 satoshis by sending 0.001 BTC to me. \\nTransfer satoshis to other people by upvoting their entries. \\nWe each pay dues of 100 satoshis per day, so you better start hustling! \\nCash out any time; I will send BTC to you. \\nSo long as you leave enough satoshis to pay for 1 week of dues. \\nWin big in this marketplace for ideas! \",\"picture\":\"https://synchrono.city/JAMN.png\",\"initial-credit-balance-sat\":100000,\"minimum-withdrawal-sat\":7000,\"daily-fee-sat\":100,\"timezone\":\"UTC-08:00\"}", "sig" "6caf875b67c37126588d649815b7b46301ddce2f4d587adada939f8078946a4e4839744a8902acffde3f072cb5bb0798ec6d27a124c4e49f8ac48f9fed5a5f2b"}], :client-id "manifold.stream.SplicedStream@510565a3"}
clojure.lang.Delay@3ebf75dd DEBUG [synchrono.server.ws:207] - Sending event for subscription {:subscription-id "sub:1", :event-id "c9b9018eadf6b01a7817408bab9cfb293a0e32505ed61788eafe9d9e33bda89a", :event {:id "c9b9018eadf6b01a7817408bab9cfb293a0e32505ed61788eafe9d9e33bda89a", :pubkey "800e78c63707901e8f9dff820659e844efe92b329e9f24d6ea53aece315cbfe4", :created_at 1730979124, :kind 4444, :tags "[[\"s\",\"synchrono\"]]", :content "{\"id\":null,\"name\":\"synchrono.city\",\"about\":\"Everyone buys in for 100,000 satoshis by sending 0.001 BTC to me. \\nTransfer satoshis to other people by upvoting their entries. \\nWe each pay dues of 100 satoshis per day, so you better start hustling! \\nCash out any time; I will send BTC to you. \\nSo long as you leave enough satoshis to pay for 1 week of dues. \\nWin big in this marketplace for ideas! \",\"picture\":\"https://synchrono.city/JAMN.png\",\"initial-credit-balance-sat\":100000,\"minimum-withdrawal-sat\":7000,\"daily-fee-sat\":100,\"timezone\":\"UTC-08:00\"}", :sig "ea34fad43440cfd538285224eeb283bef9c01abc7b6e4d019e5833d70baf8624d391c3c6fc3aca4024b2a7ee97f2c43a87269981a7dada3e413e1455cafcc673"}}
clojure.lang.Delay@302ca972 DEBUG [synchrono.server.ws:83] - Attempting to send EVENT {:subscription-id "sub:1", :event-id "c9b9018eadf6b01a7817408bab9cfb293a0e32505ed61788eafe9d9e33bda89a", :client-id "manifold.stream.SplicedStream@510565a3"}
clojure.lang.Delay@77f10a8b DEBUG [synchrono.server.ws:88] - Normalized event for sending {:original {:id "c9b9018eadf6b01a7817408bab9cfb293a0e32505ed61788eafe9d9e33bda89a", :pubkey "800e78c63707901e8f9dff820659e844efe92b329e9f24d6ea53aece315cbfe4", :created_at 1730979124, :kind 4444, :tags "[[\"s\",\"synchrono\"]]", :content "{\"id\":null,\"name\":\"synchrono.city\",\"about\":\"Everyone buys in for 100,000 satoshis by sending 0.001 BTC to me. \\nTransfer satoshis to other people by upvoting their entries. \\nWe each pay dues of 100 satoshis per day, so you better start hustling! \\nCash out any time; I will send BTC to you. \\nSo long as you leave enough satoshis to pay for 1 week of dues. \\nWin big in this marketplace for ideas! \",\"picture\":\"https://synchrono.city/JAMN.png\",\"initial-credit-balance-sat\":100000,\"minimum-withdrawal-sat\":7000,\"daily-fee-sat\":100,\"timezone\":\"UTC-08:00\"}", :sig "ea34fad43440cfd538285224eeb283bef9c01abc7b6e4d019e5833d70baf8624d391c3c6fc3aca4024b2a7ee97f2c43a87269981a7dada3e413e1455cafcc673"}, :normalized {"id" "c9b9018eadf6b01a7817408bab9cfb293a0e32505ed61788eafe9d9e33bda89a", "pubkey" "800e78c63707901e8f9dff820659e844efe92b329e9f24d6ea53aece315cbfe4", "created_at" 1730979124, "kind" 4444, "tags" (["s" "synchrono"]), "content" "{\"id\":null,\"name\":\"synchrono.city\",\"about\":\"Everyone buys in for 100,000 satoshis by sending 0.001 BTC to me. \\nTransfer satoshis to other people by upvoting their entries. \\nWe each pay dues of 100 satoshis per day, so you better start hustling! \\nCash out any time; I will send BTC to you. \\nSo long as you leave enough satoshis to pay for 1 week of dues. \\nWin big in this marketplace for ideas! \",\"picture\":\"https://synchrono.city/JAMN.png\",\"initial-credit-balance-sat\":100000,\"minimum-withdrawal-sat\":7000,\"daily-fee-sat\":100,\"timezone\":\"UTC-08:00\"}", "sig" "ea34fad43440cfd538285224eeb283bef9c01abc7b6e4d019e5833d70baf8624d391c3c6fc3aca4024b2a7ee97f2c43a87269981a7dada3e413e1455cafcc673"}}
clojure.lang.Delay@21164af4 DEBUG [synchrono.server.ws:52] - Sending message to client {:message ["EVENT" "sub:1" {"id" "c9b9018eadf6b01a7817408bab9cfb293a0e32505ed61788eafe9d9e33bda89a", "pubkey" "800e78c63707901e8f9dff820659e844efe92b329e9f24d6ea53aece315cbfe4", "created_at" 1730979124, "kind" 4444, "tags" (["s" "synchrono"]), "content" "{\"id\":null,\"name\":\"synchrono.city\",\"about\":\"Everyone buys in for 100,000 satoshis by sending 0.001 BTC to me. \\nTransfer satoshis to other people by upvoting their entries. \\nWe each pay dues of 100 satoshis per day, so you better start hustling! \\nCash out any time; I will send BTC to you. \\nSo long as you leave enough satoshis to pay for 1 week of dues. \\nWin big in this marketplace for ideas! \",\"picture\":\"https://synchrono.city/JAMN.png\",\"initial-credit-balance-sat\":100000,\"minimum-withdrawal-sat\":7000,\"daily-fee-sat\":100,\"timezone\":\"UTC-08:00\"}", "sig" "ea34fad43440cfd538285224eeb283bef9c01abc7b6e4d019e5833d70baf8624d391c3c6fc3aca4024b2a7ee97f2c43a87269981a7dada3e413e1455cafcc673"}], :client-id "manifold.stream.SplicedStream@510565a3"}
clojure.lang.Delay@7c17142 DEBUG [synchrono.server.ws:212] - Sending EOSE for subscription {:subscription-id "sub:1"}
clojure.lang.Delay@47d2c1bd DEBUG [synchrono.server.ws:52] - Sending message to client {:message ["EOSE" "sub:1"], :client-id "manifold.stream.SplicedStream@510565a3"}
clojure.lang.Delay@5e8c7105 DEBUG [synchrono.server.ws:240] - Received WebSocket message {:type "CLOSE", :params ("sub:1"), :raw-message "[\"CLOSE\",\"sub:1\"]"}
clojure.lang.Delay@7ac4c70d DEBUG [synchrono.server.ws:230] - Processing CLOSE message {:subscription-id "sub:1"}
clojure.lang.Delay@55c49d13 INFO [synchrono.server.core:33] - [:get] /ws 404 - 156ms
clojure.lang.Delay@7ec9666a INFO [synchrono.server.core:33] - [:get] / 200 - 4ms
clojure.lang.Delay@1b305261 INFO [synchrono.server.ws:288] - WebSocket connection closed {:client-id "manifold.stream.SplicedStream@510565a3"}
clojure.lang.Delay@7b9fea8 INFO [synchrono.server.ws:281] - WebSocket connection established {:client-id "manifold.stream.SplicedStream@29b91441", :headers {"origin" "http://localhost:3000", "host" "localhost:3000", "upgrade" "websocket", "user-agent" "Mozilla/5.0 (Macintosh; Intel Mac OS X 10_15_7) AppleWebKit/537.36 (KHTML, like Gecko) Chrome/130.0.0.0 Safari/537.36", "cookie" "ring-session=ea3c4a1c-7dab-41bd-b09a-a684e37b5259", "connection" "Upgrade", "pragma" "no-cache", "sec-websocket-key" "cG/lsq0yeu/frZr3uNNC0A==", "accept-language" "en-US,en;q=0.9", "sec-websocket-version" "13", "accept-encoding" "gzip, deflate, br, zstd", "sec-websocket-extensions" "permessage-deflate; client_max_window_bits", "cache-control" "no-cache"}}
clojure.lang.Delay@601535e5 DEBUG [synchrono.server.ws:240] - Received WebSocket message {:type "REQ", :params ("sub:1" {:kinds [4444], :#s ["synchrono"]}), :raw-message "[\"REQ\",\"sub:1\",{\"kinds\":[4444],\"#s\":[\"synchrono\"]}]"}
clojure.lang.Delay@42f5db62 DEBUG [synchrono.server.ws:195] - Processing REQ message {:subscription-id "sub:1", :filters ({:kinds [4444], :#s ["synchrono"]})}
clojure.lang.Delay@39dbf921 DEBUG [synchrono.server.ws:35] - Adding subscription {:client-id "manifold.stream.SplicedStream@29b91441", :subscription-id "sub:1", :filters ({:kinds [4444], :#s ["synchrono"]})}
clojure.lang.Delay@640dbf03 INFO [synchrono.server.ws:203] - Found matching events for subscription {:subscription-id "sub:1", :event-count 5}
clojure.lang.Delay@40e56555 DEBUG [synchrono.server.ws:207] - Sending event for subscription {:subscription-id "sub:1", :event-id "4b9a57c73eee3deb848df08d66241369c67766716203cc763a25ab5377941fe0", :event {:id "4b9a57c73eee3deb848df08d66241369c67766716203cc763a25ab5377941fe0", :pubkey "800e78c63707901e8f9dff820659e844efe92b329e9f24d6ea53aece315cbfe4", :created_at 1730982229, :kind 4444, :tags "[[\"s\",\"synchrono\"]]", :content "{\"id\":null,\"name\":\"synchrono.city\",\"about\":\"Everyone buys in for 100,000 satoshis by sending 0.001 BTC to me. \\nTransfer satoshis to other people by upvoting their entries. \\nWe each pay dues of 100 satoshis per day, so you better start hustling! \\nCash out any time; I will send BTC to you. \\nSo long as you leave enough satoshis to pay for 1 week of dues. \\nWin big in this marketplace for ideas! \",\"picture\":\"https://synchrono.city/JAMN.png\",\"initial-credit-balance-sat\":100000,\"minimum-withdrawal-sat\":7000,\"daily-fee-sat\":100,\"timezone\":\"UTC-08:00\"}", :sig "8fd5e97c2e2d7faba3dba5f561d77156d0fe731fb4259d8d9fcb75a4af690f8be8888d48c3ef2bde227c70f83dc416b54cc0d784810b617a7403736ea4120ce3"}}
clojure.lang.Delay@e919eb DEBUG [synchrono.server.ws:83] - Attempting to send EVENT {:subscription-id "sub:1", :event-id "4b9a57c73eee3deb848df08d66241369c67766716203cc763a25ab5377941fe0", :client-id "manifold.stream.SplicedStream@29b91441"}
clojure.lang.Delay@15f6f020 DEBUG [synchrono.server.ws:88] - Normalized event for sending {:original {:id "4b9a57c73eee3deb848df08d66241369c67766716203cc763a25ab5377941fe0", :pubkey "800e78c63707901e8f9dff820659e844efe92b329e9f24d6ea53aece315cbfe4", :created_at 1730982229, :kind 4444, :tags "[[\"s\",\"synchrono\"]]", :content "{\"id\":null,\"name\":\"synchrono.city\",\"about\":\"Everyone buys in for 100,000 satoshis by sending 0.001 BTC to me. \\nTransfer satoshis to other people by upvoting their entries. \\nWe each pay dues of 100 satoshis per day, so you better start hustling! \\nCash out any time; I will send BTC to you. \\nSo long as you leave enough satoshis to pay for 1 week of dues. \\nWin big in this marketplace for ideas! \",\"picture\":\"https://synchrono.city/JAMN.png\",\"initial-credit-balance-sat\":100000,\"minimum-withdrawal-sat\":7000,\"daily-fee-sat\":100,\"timezone\":\"UTC-08:00\"}", :sig "8fd5e97c2e2d7faba3dba5f561d77156d0fe731fb4259d8d9fcb75a4af690f8be8888d48c3ef2bde227c70f83dc416b54cc0d784810b617a7403736ea4120ce3"}, :normalized {"id" "4b9a57c73eee3deb848df08d66241369c67766716203cc763a25ab5377941fe0", "pubkey" "800e78c63707901e8f9dff820659e844efe92b329e9f24d6ea53aece315cbfe4", "created_at" 1730982229, "kind" 4444, "tags" (["s" "synchrono"]), "content" "{\"id\":null,\"name\":\"synchrono.city\",\"about\":\"Everyone buys in for 100,000 satoshis by sending 0.001 BTC to me. \\nTransfer satoshis to other people by upvoting their entries. \\nWe each pay dues of 100 satoshis per day, so you better start hustling! \\nCash out any time; I will send BTC to you. \\nSo long as you leave enough satoshis to pay for 1 week of dues. \\nWin big in this marketplace for ideas! \",\"picture\":\"https://synchrono.city/JAMN.png\",\"initial-credit-balance-sat\":100000,\"minimum-withdrawal-sat\":7000,\"daily-fee-sat\":100,\"timezone\":\"UTC-08:00\"}", "sig" "8fd5e97c2e2d7faba3dba5f561d77156d0fe731fb4259d8d9fcb75a4af690f8be8888d48c3ef2bde227c70f83dc416b54cc0d784810b617a7403736ea4120ce3"}}
clojure.lang.Delay@2e0d8a60 DEBUG [synchrono.server.ws:52] - Sending message to client {:message ["EVENT" "sub:1" {"id" "4b9a57c73eee3deb848df08d66241369c67766716203cc763a25ab5377941fe0", "pubkey" "800e78c63707901e8f9dff820659e844efe92b329e9f24d6ea53aece315cbfe4", "created_at" 1730982229, "kind" 4444, "tags" (["s" "synchrono"]), "content" "{\"id\":null,\"name\":\"synchrono.city\",\"about\":\"Everyone buys in for 100,000 satoshis by sending 0.001 BTC to me. \\nTransfer satoshis to other people by upvoting their entries. \\nWe each pay dues of 100 satoshis per day, so you better start hustling! \\nCash out any time; I will send BTC to you. \\nSo long as you leave enough satoshis to pay for 1 week of dues. \\nWin big in this marketplace for ideas! \",\"picture\":\"https://synchrono.city/JAMN.png\",\"initial-credit-balance-sat\":100000,\"minimum-withdrawal-sat\":7000,\"daily-fee-sat\":100,\"timezone\":\"UTC-08:00\"}", "sig" "8fd5e97c2e2d7faba3dba5f561d77156d0fe731fb4259d8d9fcb75a4af690f8be8888d48c3ef2bde227c70f83dc416b54cc0d784810b617a7403736ea4120ce3"}], :client-id "manifold.stream.SplicedStream@29b91441"}
clojure.lang.Delay@2c44cdb6 DEBUG [synchrono.server.ws:207] - Sending event for subscription {:subscription-id "sub:1", :event-id "20cba70f46e96dd1de7dadadd9eab404f187faa7f142d04ceb688880ab47fc30", :event {:id "20cba70f46e96dd1de7dadadd9eab404f187faa7f142d04ceb688880ab47fc30", :pubkey "800e78c63707901e8f9dff820659e844efe92b329e9f24d6ea53aece315cbfe4", :created_at 1730981067, :kind 4444, :tags "[[\"s\",\"synchrono\"]]", :content "{\"id\":null,\"name\":\"synchrono.city\",\"about\":\"Everyone buys in for 100,000 satoshis by sending 0.001 BTC to me. \\nTransfer satoshis to other people by upvoting their entries. \\nWe each pay dues of 100 satoshis per day, so you better start hustling! \\nCash out any time; I will send BTC to you. \\nSo long as you leave enough satoshis to pay for 1 week of dues. \\nWin big in this marketplace for ideas! \",\"picture\":\"https://synchrono.city/JAMN.png\",\"initial-credit-balance-sat\":100000,\"minimum-withdrawal-sat\":7000,\"daily-fee-sat\":100,\"timezone\":\"UTC-08:00\"}", :sig "151d534570d9d818fbfe33d0ecf3392c79f6ce6a5a951c42c154e8776f9ebf7529892958d29cd0c49d4aa294b6a4797cb910dd84085a9bd4ec68b7d879aebe54"}}
clojure.lang.Delay@603e31b7 DEBUG [synchrono.server.ws:83] - Attempting to send EVENT {:subscription-id "sub:1", :event-id "20cba70f46e96dd1de7dadadd9eab404f187faa7f142d04ceb688880ab47fc30", :client-id "manifold.stream.SplicedStream@29b91441"}
clojure.lang.Delay@576b9996 DEBUG [synchrono.server.ws:88] - Normalized event for sending {:original {:id "20cba70f46e96dd1de7dadadd9eab404f187faa7f142d04ceb688880ab47fc30", :pubkey "800e78c63707901e8f9dff820659e844efe92b329e9f24d6ea53aece315cbfe4", :created_at 1730981067, :kind 4444, :tags "[[\"s\",\"synchrono\"]]", :content "{\"id\":null,\"name\":\"synchrono.city\",\"about\":\"Everyone buys in for 100,000 satoshis by sending 0.001 BTC to me. \\nTransfer satoshis to other people by upvoting their entries. \\nWe each pay dues of 100 satoshis per day, so you better start hustling! \\nCash out any time; I will send BTC to you. \\nSo long as you leave enough satoshis to pay for 1 week of dues. \\nWin big in this marketplace for ideas! \",\"picture\":\"https://synchrono.city/JAMN.png\",\"initial-credit-balance-sat\":100000,\"minimum-withdrawal-sat\":7000,\"daily-fee-sat\":100,\"timezone\":\"UTC-08:00\"}", :sig "151d534570d9d818fbfe33d0ecf3392c79f6ce6a5a951c42c154e8776f9ebf7529892958d29cd0c49d4aa294b6a4797cb910dd84085a9bd4ec68b7d879aebe54"}, :normalized {"id" "20cba70f46e96dd1de7dadadd9eab404f187faa7f142d04ceb688880ab47fc30", "pubkey" "800e78c63707901e8f9dff820659e844efe92b329e9f24d6ea53aece315cbfe4", "created_at" 1730981067, "kind" 4444, "tags" (["s" "synchrono"]), "content" "{\"id\":null,\"name\":\"synchrono.city\",\"about\":\"Everyone buys in for 100,000 satoshis by sending 0.001 BTC to me. \\nTransfer satoshis to other people by upvoting their entries. \\nWe each pay dues of 100 satoshis per day, so you better start hustling! \\nCash out any time; I will send BTC to you. \\nSo long as you leave enough satoshis to pay for 1 week of dues. \\nWin big in this marketplace for ideas! \",\"picture\":\"https://synchrono.city/JAMN.png\",\"initial-credit-balance-sat\":100000,\"minimum-withdrawal-sat\":7000,\"daily-fee-sat\":100,\"timezone\":\"UTC-08:00\"}", "sig" "151d534570d9d818fbfe33d0ecf3392c79f6ce6a5a951c42c154e8776f9ebf7529892958d29cd0c49d4aa294b6a4797cb910dd84085a9bd4ec68b7d879aebe54"}}
clojure.lang.Delay@5ae15877 DEBUG [synchrono.server.ws:52] - Sending message to client {:message ["EVENT" "sub:1" {"id" "20cba70f46e96dd1de7dadadd9eab404f187faa7f142d04ceb688880ab47fc30", "pubkey" "800e78c63707901e8f9dff820659e844efe92b329e9f24d6ea53aece315cbfe4", "created_at" 1730981067, "kind" 4444, "tags" (["s" "synchrono"]), "content" "{\"id\":null,\"name\":\"synchrono.city\",\"about\":\"Everyone buys in for 100,000 satoshis by sending 0.001 BTC to me. \\nTransfer satoshis to other people by upvoting their entries. \\nWe each pay dues of 100 satoshis per day, so you better start hustling! \\nCash out any time; I will send BTC to you. \\nSo long as you leave enough satoshis to pay for 1 week of dues. \\nWin big in this marketplace for ideas! \",\"picture\":\"https://synchrono.city/JAMN.png\",\"initial-credit-balance-sat\":100000,\"minimum-withdrawal-sat\":7000,\"daily-fee-sat\":100,\"timezone\":\"UTC-08:00\"}", "sig" "151d534570d9d818fbfe33d0ecf3392c79f6ce6a5a951c42c154e8776f9ebf7529892958d29cd0c49d4aa294b6a4797cb910dd84085a9bd4ec68b7d879aebe54"}], :client-id "manifold.stream.SplicedStream@29b91441"}
clojure.lang.Delay@3eafeabc DEBUG [synchrono.server.ws:207] - Sending event for subscription {:subscription-id "sub:1", :event-id "5a24aab418cf86c0956802f0f5de81b9682d75db4d653abf603c015820306401", :event {:id "5a24aab418cf86c0956802f0f5de81b9682d75db4d653abf603c015820306401", :pubkey "800e78c63707901e8f9dff820659e844efe92b329e9f24d6ea53aece315cbfe4", :created_at 1730980824, :kind 4444, :tags "[[\"s\",\"synchrono\"]]", :content "{\"id\":null,\"name\":\"synchrono.city\",\"about\":\"Everyone buys in for 100,000 satoshis by sending 0.001 BTC to me. \\nTransfer satoshis to other people by upvoting their entries. \\nWe each pay dues of 100 satoshis per day, so you better start hustling! \\nCash out any time; I will send BTC to you. \\nSo long as you leave enough satoshis to pay for 1 week of dues. \\nWin big in this marketplace for ideas! \",\"picture\":\"https://synchrono.city/JAMN.png\",\"initial-credit-balance-sat\":100000,\"minimum-withdrawal-sat\":7000,\"daily-fee-sat\":100,\"timezone\":\"UTC-08:00\"}", :sig "980edfcac3469ec4062694368f65045ddf329e55da4c3dea3b48e2480216ed8c365a8451b809228f2362248e13c797afd278e05b3f68c51694f0a444fc209e5c"}}
clojure.lang.Delay@57923648 DEBUG [synchrono.server.ws:83] - Attempting to send EVENT {:subscription-id "sub:1", :event-id "5a24aab418cf86c0956802f0f5de81b9682d75db4d653abf603c015820306401", :client-id "manifold.stream.SplicedStream@29b91441"}
clojure.lang.Delay@7d70817f DEBUG [synchrono.server.ws:88] - Normalized event for sending {:original {:id "5a24aab418cf86c0956802f0f5de81b9682d75db4d653abf603c015820306401", :pubkey "800e78c63707901e8f9dff820659e844efe92b329e9f24d6ea53aece315cbfe4", :created_at 1730980824, :kind 4444, :tags "[[\"s\",\"synchrono\"]]", :content "{\"id\":null,\"name\":\"synchrono.city\",\"about\":\"Everyone buys in for 100,000 satoshis by sending 0.001 BTC to me. \\nTransfer satoshis to other people by upvoting their entries. \\nWe each pay dues of 100 satoshis per day, so you better start hustling! \\nCash out any time; I will send BTC to you. \\nSo long as you leave enough satoshis to pay for 1 week of dues. \\nWin big in this marketplace for ideas! \",\"picture\":\"https://synchrono.city/JAMN.png\",\"initial-credit-balance-sat\":100000,\"minimum-withdrawal-sat\":7000,\"daily-fee-sat\":100,\"timezone\":\"UTC-08:00\"}", :sig "980edfcac3469ec4062694368f65045ddf329e55da4c3dea3b48e2480216ed8c365a8451b809228f2362248e13c797afd278e05b3f68c51694f0a444fc209e5c"}, :normalized {"id" "5a24aab418cf86c0956802f0f5de81b9682d75db4d653abf603c015820306401", "pubkey" "800e78c63707901e8f9dff820659e844efe92b329e9f24d6ea53aece315cbfe4", "created_at" 1730980824, "kind" 4444, "tags" (["s" "synchrono"]), "content" "{\"id\":null,\"name\":\"synchrono.city\",\"about\":\"Everyone buys in for 100,000 satoshis by sending 0.001 BTC to me. \\nTransfer satoshis to other people by upvoting their entries. \\nWe each pay dues of 100 satoshis per day, so you better start hustling! \\nCash out any time; I will send BTC to you. \\nSo long as you leave enough satoshis to pay for 1 week of dues. \\nWin big in this marketplace for ideas! \",\"picture\":\"https://synchrono.city/JAMN.png\",\"initial-credit-balance-sat\":100000,\"minimum-withdrawal-sat\":7000,\"daily-fee-sat\":100,\"timezone\":\"UTC-08:00\"}", "sig" "980edfcac3469ec4062694368f65045ddf329e55da4c3dea3b48e2480216ed8c365a8451b809228f2362248e13c797afd278e05b3f68c51694f0a444fc209e5c"}}
clojure.lang.Delay@43687916 DEBUG [synchrono.server.ws:52] - Sending message to client {:message ["EVENT" "sub:1" {"id" "5a24aab418cf86c0956802f0f5de81b9682d75db4d653abf603c015820306401", "pubkey" "800e78c63707901e8f9dff820659e844efe92b329e9f24d6ea53aece315cbfe4", "created_at" 1730980824, "kind" 4444, "tags" (["s" "synchrono"]), "content" "{\"id\":null,\"name\":\"synchrono.city\",\"about\":\"Everyone buys in for 100,000 satoshis by sending 0.001 BTC to me. \\nTransfer satoshis to other people by upvoting their entries. \\nWe each pay dues of 100 satoshis per day, so you better start hustling! \\nCash out any time; I will send BTC to you. \\nSo long as you leave enough satoshis to pay for 1 week of dues. \\nWin big in this marketplace for ideas! \",\"picture\":\"https://synchrono.city/JAMN.png\",\"initial-credit-balance-sat\":100000,\"minimum-withdrawal-sat\":7000,\"daily-fee-sat\":100,\"timezone\":\"UTC-08:00\"}", "sig" "980edfcac3469ec4062694368f65045ddf329e55da4c3dea3b48e2480216ed8c365a8451b809228f2362248e13c797afd278e05b3f68c51694f0a444fc209e5c"}], :client-id "manifold.stream.SplicedStream@29b91441"}
clojure.lang.Delay@7e8154d1 DEBUG [synchrono.server.ws:207] - Sending event for subscription {:subscription-id "sub:1", :event-id "d21e95e82856fa40c2b4a71d96110cb56fdda768a086bacd673af72d4e17465e", :event {:id "d21e95e82856fa40c2b4a71d96110cb56fdda768a086bacd673af72d4e17465e", :pubkey "800e78c63707901e8f9dff820659e844efe92b329e9f24d6ea53aece315cbfe4", :created_at 1730979951, :kind 4444, :tags "[[\"s\",\"synchrono\"]]", :content "{\"id\":null,\"name\":\"synchrono.city\",\"about\":\"Everyone buys in for 100,000 satoshis by sending 0.001 BTC to me. \\nTransfer satoshis to other people by upvoting their entries. \\nWe each pay dues of 100 satoshis per day, so you better start hustling! \\nCash out any time; I will send BTC to you. \\nSo long as you leave enough satoshis to pay for 1 week of dues. \\nWin big in this marketplace for ideas! \",\"picture\":\"https://synchrono.city/JAMN.png\",\"initial-credit-balance-sat\":100000,\"minimum-withdrawal-sat\":7000,\"daily-fee-sat\":100,\"timezone\":\"UTC-08:00\"}", :sig "6caf875b67c37126588d649815b7b46301ddce2f4d587adada939f8078946a4e4839744a8902acffde3f072cb5bb0798ec6d27a124c4e49f8ac48f9fed5a5f2b"}}
clojure.lang.Delay@2e518345 DEBUG [synchrono.server.ws:83] - Attempting to send EVENT {:subscription-id "sub:1", :event-id "d21e95e82856fa40c2b4a71d96110cb56fdda768a086bacd673af72d4e17465e", :client-id "manifold.stream.SplicedStream@29b91441"}
clojure.lang.Delay@79e5b91e DEBUG [synchrono.server.ws:88] - Normalized event for sending {:original {:id "d21e95e82856fa40c2b4a71d96110cb56fdda768a086bacd673af72d4e17465e", :pubkey "800e78c63707901e8f9dff820659e844efe92b329e9f24d6ea53aece315cbfe4", :created_at 1730979951, :kind 4444, :tags "[[\"s\",\"synchrono\"]]", :content "{\"id\":null,\"name\":\"synchrono.city\",\"about\":\"Everyone buys in for 100,000 satoshis by sending 0.001 BTC to me. \\nTransfer satoshis to other people by upvoting their entries. \\nWe each pay dues of 100 satoshis per day, so you better start hustling! \\nCash out any time; I will send BTC to you. \\nSo long as you leave enough satoshis to pay for 1 week of dues. \\nWin big in this marketplace for ideas! \",\"picture\":\"https://synchrono.city/JAMN.png\",\"initial-credit-balance-sat\":100000,\"minimum-withdrawal-sat\":7000,\"daily-fee-sat\":100,\"timezone\":\"UTC-08:00\"}", :sig "6caf875b67c37126588d649815b7b46301ddce2f4d587adada939f8078946a4e4839744a8902acffde3f072cb5bb0798ec6d27a124c4e49f8ac48f9fed5a5f2b"}, :normalized {"id" "d21e95e82856fa40c2b4a71d96110cb56fdda768a086bacd673af72d4e17465e", "pubkey" "800e78c63707901e8f9dff820659e844efe92b329e9f24d6ea53aece315cbfe4", "created_at" 1730979951, "kind" 4444, "tags" (["s" "synchrono"]), "content" "{\"id\":null,\"name\":\"synchrono.city\",\"about\":\"Everyone buys in for 100,000 satoshis by sending 0.001 BTC to me. \\nTransfer satoshis to other people by upvoting their entries. \\nWe each pay dues of 100 satoshis per day, so you better start hustling! \\nCash out any time; I will send BTC to you. \\nSo long as you leave enough satoshis to pay for 1 week of dues. \\nWin big in this marketplace for ideas! \",\"picture\":\"https://synchrono.city/JAMN.png\",\"initial-credit-balance-sat\":100000,\"minimum-withdrawal-sat\":7000,\"daily-fee-sat\":100,\"timezone\":\"UTC-08:00\"}", "sig" "6caf875b67c37126588d649815b7b46301ddce2f4d587adada939f8078946a4e4839744a8902acffde3f072cb5bb0798ec6d27a124c4e49f8ac48f9fed5a5f2b"}}
clojure.lang.Delay@1993ff48 DEBUG [synchrono.server.ws:52] - Sending message to client {:message ["EVENT" "sub:1" {"id" "d21e95e82856fa40c2b4a71d96110cb56fdda768a086bacd673af72d4e17465e", "pubkey" "800e78c63707901e8f9dff820659e844efe92b329e9f24d6ea53aece315cbfe4", "created_at" 1730979951, "kind" 4444, "tags" (["s" "synchrono"]), "content" "{\"id\":null,\"name\":\"synchrono.city\",\"about\":\"Everyone buys in for 100,000 satoshis by sending 0.001 BTC to me. \\nTransfer satoshis to other people by upvoting their entries. \\nWe each pay dues of 100 satoshis per day, so you better start hustling! \\nCash out any time; I will send BTC to you. \\nSo long as you leave enough satoshis to pay for 1 week of dues. \\nWin big in this marketplace for ideas! \",\"picture\":\"https://synchrono.city/JAMN.png\",\"initial-credit-balance-sat\":100000,\"minimum-withdrawal-sat\":7000,\"daily-fee-sat\":100,\"timezone\":\"UTC-08:00\"}", "sig" "6caf875b67c37126588d649815b7b46301ddce2f4d587adada939f8078946a4e4839744a8902acffde3f072cb5bb0798ec6d27a124c4e49f8ac48f9fed5a5f2b"}], :client-id "manifold.stream.SplicedStream@29b91441"}
clojure.lang.Delay@2074d85c DEBUG [synchrono.server.ws:207] - Sending event for subscription {:subscription-id "sub:1", :event-id "c9b9018eadf6b01a7817408bab9cfb293a0e32505ed61788eafe9d9e33bda89a", :event {:id "c9b9018eadf6b01a7817408bab9cfb293a0e32505ed61788eafe9d9e33bda89a", :pubkey "800e78c63707901e8f9dff820659e844efe92b329e9f24d6ea53aece315cbfe4", :created_at 1730979124, :kind 4444, :tags "[[\"s\",\"synchrono\"]]", :content "{\"id\":null,\"name\":\"synchrono.city\",\"about\":\"Everyone buys in for 100,000 satoshis by sending 0.001 BTC to me. \\nTransfer satoshis to other people by upvoting their entries. \\nWe each pay dues of 100 satoshis per day, so you better start hustling! \\nCash out any time; I will send BTC to you. \\nSo long as you leave enough satoshis to pay for 1 week of dues. \\nWin big in this marketplace for ideas! \",\"picture\":\"https://synchrono.city/JAMN.png\",\"initial-credit-balance-sat\":100000,\"minimum-withdrawal-sat\":7000,\"daily-fee-sat\":100,\"timezone\":\"UTC-08:00\"}", :sig "ea34fad43440cfd538285224eeb283bef9c01abc7b6e4d019e5833d70baf8624d391c3c6fc3aca4024b2a7ee97f2c43a87269981a7dada3e413e1455cafcc673"}}
clojure.lang.Delay@457da893 DEBUG [synchrono.server.ws:83] - Attempting to send EVENT {:subscription-id "sub:1", :event-id "c9b9018eadf6b01a7817408bab9cfb293a0e32505ed61788eafe9d9e33bda89a", :client-id "manifold.stream.SplicedStream@29b91441"}
clojure.lang.Delay@52ac8ed0 DEBUG [synchrono.server.ws:88] - Normalized event for sending {:original {:id "c9b9018eadf6b01a7817408bab9cfb293a0e32505ed61788eafe9d9e33bda89a", :pubkey "800e78c63707901e8f9dff820659e844efe92b329e9f24d6ea53aece315cbfe4", :created_at 1730979124, :kind 4444, :tags "[[\"s\",\"synchrono\"]]", :content "{\"id\":null,\"name\":\"synchrono.city\",\"about\":\"Everyone buys in for 100,000 satoshis by sending 0.001 BTC to me. \\nTransfer satoshis to other people by upvoting their entries. \\nWe each pay dues of 100 satoshis per day, so you better start hustling! \\nCash out any time; I will send BTC to you. \\nSo long as you leave enough satoshis to pay for 1 week of dues. \\nWin big in this marketplace for ideas! \",\"picture\":\"https://synchrono.city/JAMN.png\",\"initial-credit-balance-sat\":100000,\"minimum-withdrawal-sat\":7000,\"daily-fee-sat\":100,\"timezone\":\"UTC-08:00\"}", :sig "ea34fad43440cfd538285224eeb283bef9c01abc7b6e4d019e5833d70baf8624d391c3c6fc3aca4024b2a7ee97f2c43a87269981a7dada3e413e1455cafcc673"}, :normalized {"id" "c9b9018eadf6b01a7817408bab9cfb293a0e32505ed61788eafe9d9e33bda89a", "pubkey" "800e78c63707901e8f9dff820659e844efe92b329e9f24d6ea53aece315cbfe4", "created_at" 1730979124, "kind" 4444, "tags" (["s" "synchrono"]), "content" "{\"id\":null,\"name\":\"synchrono.city\",\"about\":\"Everyone buys in for 100,000 satoshis by sending 0.001 BTC to me. \\nTransfer satoshis to other people by upvoting their entries. \\nWe each pay dues of 100 satoshis per day, so you better start hustling! \\nCash out any time; I will send BTC to you. \\nSo long as you leave enough satoshis to pay for 1 week of dues. \\nWin big in this marketplace for ideas! \",\"picture\":\"https://synchrono.city/JAMN.png\",\"initial-credit-balance-sat\":100000,\"minimum-withdrawal-sat\":7000,\"daily-fee-sat\":100,\"timezone\":\"UTC-08:00\"}", "sig" "ea34fad43440cfd538285224eeb283bef9c01abc7b6e4d019e5833d70baf8624d391c3c6fc3aca4024b2a7ee97f2c43a87269981a7dada3e413e1455cafcc673"}}
clojure.lang.Delay@e042fe9 DEBUG [synchrono.server.ws:52] - Sending message to client {:message ["EVENT" "sub:1" {"id" "c9b9018eadf6b01a7817408bab9cfb293a0e32505ed61788eafe9d9e33bda89a", "pubkey" "800e78c63707901e8f9dff820659e844efe92b329e9f24d6ea53aece315cbfe4", "created_at" 1730979124, "kind" 4444, "tags" (["s" "synchrono"]), "content" "{\"id\":null,\"name\":\"synchrono.city\",\"about\":\"Everyone buys in for 100,000 satoshis by sending 0.001 BTC to me. \\nTransfer satoshis to other people by upvoting their entries. \\nWe each pay dues of 100 satoshis per day, so you better start hustling! \\nCash out any time; I will send BTC to you. \\nSo long as you leave enough satoshis to pay for 1 week of dues. \\nWin big in this marketplace for ideas! \",\"picture\":\"https://synchrono.city/JAMN.png\",\"initial-credit-balance-sat\":100000,\"minimum-withdrawal-sat\":7000,\"daily-fee-sat\":100,\"timezone\":\"UTC-08:00\"}", "sig" "ea34fad43440cfd538285224eeb283bef9c01abc7b6e4d019e5833d70baf8624d391c3c6fc3aca4024b2a7ee97f2c43a87269981a7dada3e413e1455cafcc673"}], :client-id "manifold.stream.SplicedStream@29b91441"}
clojure.lang.Delay@4e797efb DEBUG [synchrono.server.ws:212] - Sending EOSE for subscription {:subscription-id "sub:1"}
clojure.lang.Delay@497b0ba8 DEBUG [synchrono.server.ws:52] - Sending message to client {:message ["EOSE" "sub:1"], :client-id "manifold.stream.SplicedStream@29b91441"}
clojure.lang.Delay@2c3fbfcb DEBUG [synchrono.server.ws:240] - Received WebSocket message {:type "CLOSE", :params ("sub:1"), :raw-message "[\"CLOSE\",\"sub:1\"]"}
clojure.lang.Delay@557aa5ea DEBUG [synchrono.server.ws:230] - Processing CLOSE message {:subscription-id "sub:1"}
clojure.lang.Delay@1be0d2d3 INFO [synchrono.server.core:33] - [:get] /ws 404 - 126ms
clojure.lang.Delay@59f1d85c INFO [synchrono.server.core:33] - [:get] / 200 - 1ms
clojure.lang.Delay@7164b0a0 INFO [synchrono.server.ws:288] - WebSocket connection closed {:client-id "manifold.stream.SplicedStream@29b91441"}
clojure.lang.Delay@7a90395c INFO [synchrono.server.ws:281] - WebSocket connection established {:client-id "manifold.stream.SplicedStream@1d46b84a", :headers {"origin" "http://localhost:3000", "host" "localhost:3000", "upgrade" "websocket", "user-agent" "Mozilla/5.0 (Macintosh; Intel Mac OS X 10_15_7) AppleWebKit/537.36 (KHTML, like Gecko) Chrome/130.0.0.0 Safari/537.36", "cookie" "ring-session=ea3c4a1c-7dab-41bd-b09a-a684e37b5259", "connection" "Upgrade", "pragma" "no-cache", "sec-websocket-key" "S5C9lJTb1q+W7zyj5cJBAQ==", "accept-language" "en-US,en;q=0.9", "sec-websocket-version" "13", "accept-encoding" "gzip, deflate, br, zstd", "sec-websocket-extensions" "permessage-deflate; client_max_window_bits", "cache-control" "no-cache"}}
clojure.lang.Delay@ca1fc58 DEBUG [synchrono.server.ws:240] - Received WebSocket message {:type "REQ", :params ("sub:1" {:kinds [4444], :#s ["synchrono"]}), :raw-message "[\"REQ\",\"sub:1\",{\"kinds\":[4444],\"#s\":[\"synchrono\"]}]"}
clojure.lang.Delay@6ddeac34 DEBUG [synchrono.server.ws:195] - Processing REQ message {:subscription-id "sub:1", :filters ({:kinds [4444], :#s ["synchrono"]})}
clojure.lang.Delay@1a7df38a DEBUG [synchrono.server.ws:35] - Adding subscription {:client-id "manifold.stream.SplicedStream@1d46b84a", :subscription-id "sub:1", :filters ({:kinds [4444], :#s ["synchrono"]})}
clojure.lang.Delay@55178428 INFO [synchrono.server.ws:203] - Found matching events for subscription {:subscription-id "sub:1", :event-count 5}
clojure.lang.Delay@84a996c DEBUG [synchrono.server.ws:207] - Sending event for subscription {:subscription-id "sub:1", :event-id "4b9a57c73eee3deb848df08d66241369c67766716203cc763a25ab5377941fe0", :event {:id "4b9a57c73eee3deb848df08d66241369c67766716203cc763a25ab5377941fe0", :pubkey "800e78c63707901e8f9dff820659e844efe92b329e9f24d6ea53aece315cbfe4", :created_at 1730982229, :kind 4444, :tags "[[\"s\",\"synchrono\"]]", :content "{\"id\":null,\"name\":\"synchrono.city\",\"about\":\"Everyone buys in for 100,000 satoshis by sending 0.001 BTC to me. \\nTransfer satoshis to other people by upvoting their entries. \\nWe each pay dues of 100 satoshis per day, so you better start hustling! \\nCash out any time; I will send BTC to you. \\nSo long as you leave enough satoshis to pay for 1 week of dues. \\nWin big in this marketplace for ideas! \",\"picture\":\"https://synchrono.city/JAMN.png\",\"initial-credit-balance-sat\":100000,\"minimum-withdrawal-sat\":7000,\"daily-fee-sat\":100,\"timezone\":\"UTC-08:00\"}", :sig "8fd5e97c2e2d7faba3dba5f561d77156d0fe731fb4259d8d9fcb75a4af690f8be8888d48c3ef2bde227c70f83dc416b54cc0d784810b617a7403736ea4120ce3"}}
clojure.lang.Delay@34e63fdb DEBUG [synchrono.server.ws:83] - Attempting to send EVENT {:subscription-id "sub:1", :event-id "4b9a57c73eee3deb848df08d66241369c67766716203cc763a25ab5377941fe0", :client-id "manifold.stream.SplicedStream@1d46b84a"}
clojure.lang.Delay@4b746f21 DEBUG [synchrono.server.ws:88] - Normalized event for sending {:original {:id "4b9a57c73eee3deb848df08d66241369c67766716203cc763a25ab5377941fe0", :pubkey "800e78c63707901e8f9dff820659e844efe92b329e9f24d6ea53aece315cbfe4", :created_at 1730982229, :kind 4444, :tags "[[\"s\",\"synchrono\"]]", :content "{\"id\":null,\"name\":\"synchrono.city\",\"about\":\"Everyone buys in for 100,000 satoshis by sending 0.001 BTC to me. \\nTransfer satoshis to other people by upvoting their entries. \\nWe each pay dues of 100 satoshis per day, so you better start hustling! \\nCash out any time; I will send BTC to you. \\nSo long as you leave enough satoshis to pay for 1 week of dues. \\nWin big in this marketplace for ideas! \",\"picture\":\"https://synchrono.city/JAMN.png\",\"initial-credit-balance-sat\":100000,\"minimum-withdrawal-sat\":7000,\"daily-fee-sat\":100,\"timezone\":\"UTC-08:00\"}", :sig "8fd5e97c2e2d7faba3dba5f561d77156d0fe731fb4259d8d9fcb75a4af690f8be8888d48c3ef2bde227c70f83dc416b54cc0d784810b617a7403736ea4120ce3"}, :normalized {"id" "4b9a57c73eee3deb848df08d66241369c67766716203cc763a25ab5377941fe0", "pubkey" "800e78c63707901e8f9dff820659e844efe92b329e9f24d6ea53aece315cbfe4", "created_at" 1730982229, "kind" 4444, "tags" (["s" "synchrono"]), "content" "{\"id\":null,\"name\":\"synchrono.city\",\"about\":\"Everyone buys in for 100,000 satoshis by sending 0.001 BTC to me. \\nTransfer satoshis to other people by upvoting their entries. \\nWe each pay dues of 100 satoshis per day, so you better start hustling! \\nCash out any time; I will send BTC to you. \\nSo long as you leave enough satoshis to pay for 1 week of dues. \\nWin big in this marketplace for ideas! \",\"picture\":\"https://synchrono.city/JAMN.png\",\"initial-credit-balance-sat\":100000,\"minimum-withdrawal-sat\":7000,\"daily-fee-sat\":100,\"timezone\":\"UTC-08:00\"}", "sig" "8fd5e97c2e2d7faba3dba5f561d77156d0fe731fb4259d8d9fcb75a4af690f8be8888d48c3ef2bde227c70f83dc416b54cc0d784810b617a7403736ea4120ce3"}}
clojure.lang.Delay@24cdda0c DEBUG [synchrono.server.ws:52] - Sending message to client {:message ["EVENT" "sub:1" {"id" "4b9a57c73eee3deb848df08d66241369c67766716203cc763a25ab5377941fe0", "pubkey" "800e78c63707901e8f9dff820659e844efe92b329e9f24d6ea53aece315cbfe4", "created_at" 1730982229, "kind" 4444, "tags" (["s" "synchrono"]), "content" "{\"id\":null,\"name\":\"synchrono.city\",\"about\":\"Everyone buys in for 100,000 satoshis by sending 0.001 BTC to me. \\nTransfer satoshis to other people by upvoting their entries. \\nWe each pay dues of 100 satoshis per day, so you better start hustling! \\nCash out any time; I will send BTC to you. \\nSo long as you leave enough satoshis to pay for 1 week of dues. \\nWin big in this marketplace for ideas! \",\"picture\":\"https://synchrono.city/JAMN.png\",\"initial-credit-balance-sat\":100000,\"minimum-withdrawal-sat\":7000,\"daily-fee-sat\":100,\"timezone\":\"UTC-08:00\"}", "sig" "8fd5e97c2e2d7faba3dba5f561d77156d0fe731fb4259d8d9fcb75a4af690f8be8888d48c3ef2bde227c70f83dc416b54cc0d784810b617a7403736ea4120ce3"}], :client-id "manifold.stream.SplicedStream@1d46b84a"}
clojure.lang.Delay@265c0c6b DEBUG [synchrono.server.ws:207] - Sending event for subscription {:subscription-id "sub:1", :event-id "20cba70f46e96dd1de7dadadd9eab404f187faa7f142d04ceb688880ab47fc30", :event {:id "20cba70f46e96dd1de7dadadd9eab404f187faa7f142d04ceb688880ab47fc30", :pubkey "800e78c63707901e8f9dff820659e844efe92b329e9f24d6ea53aece315cbfe4", :created_at 1730981067, :kind 4444, :tags "[[\"s\",\"synchrono\"]]", :content "{\"id\":null,\"name\":\"synchrono.city\",\"about\":\"Everyone buys in for 100,000 satoshis by sending 0.001 BTC to me. \\nTransfer satoshis to other people by upvoting their entries. \\nWe each pay dues of 100 satoshis per day, so you better start hustling! \\nCash out any time; I will send BTC to you. \\nSo long as you leave enough satoshis to pay for 1 week of dues. \\nWin big in this marketplace for ideas! \",\"picture\":\"https://synchrono.city/JAMN.png\",\"initial-credit-balance-sat\":100000,\"minimum-withdrawal-sat\":7000,\"daily-fee-sat\":100,\"timezone\":\"UTC-08:00\"}", :sig "151d534570d9d818fbfe33d0ecf3392c79f6ce6a5a951c42c154e8776f9ebf7529892958d29cd0c49d4aa294b6a4797cb910dd84085a9bd4ec68b7d879aebe54"}}
clojure.lang.Delay@1db4aba2 DEBUG [synchrono.server.ws:83] - Attempting to send EVENT {:subscription-id "sub:1", :event-id "20cba70f46e96dd1de7dadadd9eab404f187faa7f142d04ceb688880ab47fc30", :client-id "manifold.stream.SplicedStream@1d46b84a"}
clojure.lang.Delay@6853e30 DEBUG [synchrono.server.ws:88] - Normalized event for sending {:original {:id "20cba70f46e96dd1de7dadadd9eab404f187faa7f142d04ceb688880ab47fc30", :pubkey "800e78c63707901e8f9dff820659e844efe92b329e9f24d6ea53aece315cbfe4", :created_at 1730981067, :kind 4444, :tags "[[\"s\",\"synchrono\"]]", :content "{\"id\":null,\"name\":\"synchrono.city\",\"about\":\"Everyone buys in for 100,000 satoshis by sending 0.001 BTC to me. \\nTransfer satoshis to other people by upvoting their entries. \\nWe each pay dues of 100 satoshis per day, so you better start hustling! \\nCash out any time; I will send BTC to you. \\nSo long as you leave enough satoshis to pay for 1 week of dues. \\nWin big in this marketplace for ideas! \",\"picture\":\"https://synchrono.city/JAMN.png\",\"initial-credit-balance-sat\":100000,\"minimum-withdrawal-sat\":7000,\"daily-fee-sat\":100,\"timezone\":\"UTC-08:00\"}", :sig "151d534570d9d818fbfe33d0ecf3392c79f6ce6a5a951c42c154e8776f9ebf7529892958d29cd0c49d4aa294b6a4797cb910dd84085a9bd4ec68b7d879aebe54"}, :normalized {"id" "20cba70f46e96dd1de7dadadd9eab404f187faa7f142d04ceb688880ab47fc30", "pubkey" "800e78c63707901e8f9dff820659e844efe92b329e9f24d6ea53aece315cbfe4", "created_at" 1730981067, "kind" 4444, "tags" (["s" "synchrono"]), "content" "{\"id\":null,\"name\":\"synchrono.city\",\"about\":\"Everyone buys in for 100,000 satoshis by sending 0.001 BTC to me. \\nTransfer satoshis to other people by upvoting their entries. \\nWe each pay dues of 100 satoshis per day, so you better start hustling! \\nCash out any time; I will send BTC to you. \\nSo long as you leave enough satoshis to pay for 1 week of dues. \\nWin big in this marketplace for ideas! \",\"picture\":\"https://synchrono.city/JAMN.png\",\"initial-credit-balance-sat\":100000,\"minimum-withdrawal-sat\":7000,\"daily-fee-sat\":100,\"timezone\":\"UTC-08:00\"}", "sig" "151d534570d9d818fbfe33d0ecf3392c79f6ce6a5a951c42c154e8776f9ebf7529892958d29cd0c49d4aa294b6a4797cb910dd84085a9bd4ec68b7d879aebe54"}}
clojure.lang.Delay@2bfd6871 DEBUG [synchrono.server.ws:52] - Sending message to client {:message ["EVENT" "sub:1" {"id" "20cba70f46e96dd1de7dadadd9eab404f187faa7f142d04ceb688880ab47fc30", "pubkey" "800e78c63707901e8f9dff820659e844efe92b329e9f24d6ea53aece315cbfe4", "created_at" 1730981067, "kind" 4444, "tags" (["s" "synchrono"]), "content" "{\"id\":null,\"name\":\"synchrono.city\",\"about\":\"Everyone buys in for 100,000 satoshis by sending 0.001 BTC to me. \\nTransfer satoshis to other people by upvoting their entries. \\nWe each pay dues of 100 satoshis per day, so you better start hustling! \\nCash out any time; I will send BTC to you. \\nSo long as you leave enough satoshis to pay for 1 week of dues. \\nWin big in this marketplace for ideas! \",\"picture\":\"https://synchrono.city/JAMN.png\",\"initial-credit-balance-sat\":100000,\"minimum-withdrawal-sat\":7000,\"daily-fee-sat\":100,\"timezone\":\"UTC-08:00\"}", "sig" "151d534570d9d818fbfe33d0ecf3392c79f6ce6a5a951c42c154e8776f9ebf7529892958d29cd0c49d4aa294b6a4797cb910dd84085a9bd4ec68b7d879aebe54"}], :client-id "manifold.stream.SplicedStream@1d46b84a"}
clojure.lang.Delay@a414dd0 DEBUG [synchrono.server.ws:207] - Sending event for subscription {:subscription-id "sub:1", :event-id "5a24aab418cf86c0956802f0f5de81b9682d75db4d653abf603c015820306401", :event {:id "5a24aab418cf86c0956802f0f5de81b9682d75db4d653abf603c015820306401", :pubkey "800e78c63707901e8f9dff820659e844efe92b329e9f24d6ea53aece315cbfe4", :created_at 1730980824, :kind 4444, :tags "[[\"s\",\"synchrono\"]]", :content "{\"id\":null,\"name\":\"synchrono.city\",\"about\":\"Everyone buys in for 100,000 satoshis by sending 0.001 BTC to me. \\nTransfer satoshis to other people by upvoting their entries. \\nWe each pay dues of 100 satoshis per day, so you better start hustling! \\nCash out any time; I will send BTC to you. \\nSo long as you leave enough satoshis to pay for 1 week of dues. \\nWin big in this marketplace for ideas! \",\"picture\":\"https://synchrono.city/JAMN.png\",\"initial-credit-balance-sat\":100000,\"minimum-withdrawal-sat\":7000,\"daily-fee-sat\":100,\"timezone\":\"UTC-08:00\"}", :sig "980edfcac3469ec4062694368f65045ddf329e55da4c3dea3b48e2480216ed8c365a8451b809228f2362248e13c797afd278e05b3f68c51694f0a444fc209e5c"}}
clojure.lang.Delay@2d5cfb22 DEBUG [synchrono.server.ws:83] - Attempting to send EVENT {:subscription-id "sub:1", :event-id "5a24aab418cf86c0956802f0f5de81b9682d75db4d653abf603c015820306401", :client-id "manifold.stream.SplicedStream@1d46b84a"}
clojure.lang.Delay@1abfc30e DEBUG [synchrono.server.ws:88] - Normalized event for sending {:original {:id "5a24aab418cf86c0956802f0f5de81b9682d75db4d653abf603c015820306401", :pubkey "800e78c63707901e8f9dff820659e844efe92b329e9f24d6ea53aece315cbfe4", :created_at 1730980824, :kind 4444, :tags "[[\"s\",\"synchrono\"]]", :content "{\"id\":null,\"name\":\"synchrono.city\",\"about\":\"Everyone buys in for 100,000 satoshis by sending 0.001 BTC to me. \\nTransfer satoshis to other people by upvoting their entries. \\nWe each pay dues of 100 satoshis per day, so you better start hustling! \\nCash out any time; I will send BTC to you. \\nSo long as you leave enough satoshis to pay for 1 week of dues. \\nWin big in this marketplace for ideas! \",\"picture\":\"https://synchrono.city/JAMN.png\",\"initial-credit-balance-sat\":100000,\"minimum-withdrawal-sat\":7000,\"daily-fee-sat\":100,\"timezone\":\"UTC-08:00\"}", :sig "980edfcac3469ec4062694368f65045ddf329e55da4c3dea3b48e2480216ed8c365a8451b809228f2362248e13c797afd278e05b3f68c51694f0a444fc209e5c"}, :normalized {"id" "5a24aab418cf86c0956802f0f5de81b9682d75db4d653abf603c015820306401", "pubkey" "800e78c63707901e8f9dff820659e844efe92b329e9f24d6ea53aece315cbfe4", "created_at" 1730980824, "kind" 4444, "tags" (["s" "synchrono"]), "content" "{\"id\":null,\"name\":\"synchrono.city\",\"about\":\"Everyone buys in for 100,000 satoshis by sending 0.001 BTC to me. \\nTransfer satoshis to other people by upvoting their entries. \\nWe each pay dues of 100 satoshis per day, so you better start hustling! \\nCash out any time; I will send BTC to you. \\nSo long as you leave enough satoshis to pay for 1 week of dues. \\nWin big in this marketplace for ideas! \",\"picture\":\"https://synchrono.city/JAMN.png\",\"initial-credit-balance-sat\":100000,\"minimum-withdrawal-sat\":7000,\"daily-fee-sat\":100,\"timezone\":\"UTC-08:00\"}", "sig" "980edfcac3469ec4062694368f65045ddf329e55da4c3dea3b48e2480216ed8c365a8451b809228f2362248e13c797afd278e05b3f68c51694f0a444fc209e5c"}}
clojure.lang.Delay@4daae29e DEBUG [synchrono.server.ws:52] - Sending message to client {:message ["EVENT" "sub:1" {"id" "5a24aab418cf86c0956802f0f5de81b9682d75db4d653abf603c015820306401", "pubkey" "800e78c63707901e8f9dff820659e844efe92b329e9f24d6ea53aece315cbfe4", "created_at" 1730980824, "kind" 4444, "tags" (["s" "synchrono"]), "content" "{\"id\":null,\"name\":\"synchrono.city\",\"about\":\"Everyone buys in for 100,000 satoshis by sending 0.001 BTC to me. \\nTransfer satoshis to other people by upvoting their entries. \\nWe each pay dues of 100 satoshis per day, so you better start hustling! \\nCash out any time; I will send BTC to you. \\nSo long as you leave enough satoshis to pay for 1 week of dues. \\nWin big in this marketplace for ideas! \",\"picture\":\"https://synchrono.city/JAMN.png\",\"initial-credit-balance-sat\":100000,\"minimum-withdrawal-sat\":7000,\"daily-fee-sat\":100,\"timezone\":\"UTC-08:00\"}", "sig" "980edfcac3469ec4062694368f65045ddf329e55da4c3dea3b48e2480216ed8c365a8451b809228f2362248e13c797afd278e05b3f68c51694f0a444fc209e5c"}], :client-id "manifold.stream.SplicedStream@1d46b84a"}
clojure.lang.Delay@4dc7788c DEBUG [synchrono.server.ws:207] - Sending event for subscription {:subscription-id "sub:1", :event-id "d21e95e82856fa40c2b4a71d96110cb56fdda768a086bacd673af72d4e17465e", :event {:id "d21e95e82856fa40c2b4a71d96110cb56fdda768a086bacd673af72d4e17465e", :pubkey "800e78c63707901e8f9dff820659e844efe92b329e9f24d6ea53aece315cbfe4", :created_at 1730979951, :kind 4444, :tags "[[\"s\",\"synchrono\"]]", :content "{\"id\":null,\"name\":\"synchrono.city\",\"about\":\"Everyone buys in for 100,000 satoshis by sending 0.001 BTC to me. \\nTransfer satoshis to other people by upvoting their entries. \\nWe each pay dues of 100 satoshis per day, so you better start hustling! \\nCash out any time; I will send BTC to you. \\nSo long as you leave enough satoshis to pay for 1 week of dues. \\nWin big in this marketplace for ideas! \",\"picture\":\"https://synchrono.city/JAMN.png\",\"initial-credit-balance-sat\":100000,\"minimum-withdrawal-sat\":7000,\"daily-fee-sat\":100,\"timezone\":\"UTC-08:00\"}", :sig "6caf875b67c37126588d649815b7b46301ddce2f4d587adada939f8078946a4e4839744a8902acffde3f072cb5bb0798ec6d27a124c4e49f8ac48f9fed5a5f2b"}}
clojure.lang.Delay@139267c6 DEBUG [synchrono.server.ws:83] - Attempting to send EVENT {:subscription-id "sub:1", :event-id "d21e95e82856fa40c2b4a71d96110cb56fdda768a086bacd673af72d4e17465e", :client-id "manifold.stream.SplicedStream@1d46b84a"}
clojure.lang.Delay@4e89e553 DEBUG [synchrono.server.ws:88] - Normalized event for sending {:original {:id "d21e95e82856fa40c2b4a71d96110cb56fdda768a086bacd673af72d4e17465e", :pubkey "800e78c63707901e8f9dff820659e844efe92b329e9f24d6ea53aece315cbfe4", :created_at 1730979951, :kind 4444, :tags "[[\"s\",\"synchrono\"]]", :content "{\"id\":null,\"name\":\"synchrono.city\",\"about\":\"Everyone buys in for 100,000 satoshis by sending 0.001 BTC to me. \\nTransfer satoshis to other people by upvoting their entries. \\nWe each pay dues of 100 satoshis per day, so you better start hustling! \\nCash out any time; I will send BTC to you. \\nSo long as you leave enough satoshis to pay for 1 week of dues. \\nWin big in this marketplace for ideas! \",\"picture\":\"https://synchrono.city/JAMN.png\",\"initial-credit-balance-sat\":100000,\"minimum-withdrawal-sat\":7000,\"daily-fee-sat\":100,\"timezone\":\"UTC-08:00\"}", :sig "6caf875b67c37126588d649815b7b46301ddce2f4d587adada939f8078946a4e4839744a8902acffde3f072cb5bb0798ec6d27a124c4e49f8ac48f9fed5a5f2b"}, :normalized {"id" "d21e95e82856fa40c2b4a71d96110cb56fdda768a086bacd673af72d4e17465e", "pubkey" "800e78c63707901e8f9dff820659e844efe92b329e9f24d6ea53aece315cbfe4", "created_at" 1730979951, "kind" 4444, "tags" (["s" "synchrono"]), "content" "{\"id\":null,\"name\":\"synchrono.city\",\"about\":\"Everyone buys in for 100,000 satoshis by sending 0.001 BTC to me. \\nTransfer satoshis to other people by upvoting their entries. \\nWe each pay dues of 100 satoshis per day, so you better start hustling! \\nCash out any time; I will send BTC to you. \\nSo long as you leave enough satoshis to pay for 1 week of dues. \\nWin big in this marketplace for ideas! \",\"picture\":\"https://synchrono.city/JAMN.png\",\"initial-credit-balance-sat\":100000,\"minimum-withdrawal-sat\":7000,\"daily-fee-sat\":100,\"timezone\":\"UTC-08:00\"}", "sig" "6caf875b67c37126588d649815b7b46301ddce2f4d587adada939f8078946a4e4839744a8902acffde3f072cb5bb0798ec6d27a124c4e49f8ac48f9fed5a5f2b"}}
clojure.lang.Delay@3d32f991 DEBUG [synchrono.server.ws:52] - Sending message to client {:message ["EVENT" "sub:1" {"id" "d21e95e82856fa40c2b4a71d96110cb56fdda768a086bacd673af72d4e17465e", "pubkey" "800e78c63707901e8f9dff820659e844efe92b329e9f24d6ea53aece315cbfe4", "created_at" 1730979951, "kind" 4444, "tags" (["s" "synchrono"]), "content" "{\"id\":null,\"name\":\"synchrono.city\",\"about\":\"Everyone buys in for 100,000 satoshis by sending 0.001 BTC to me. \\nTransfer satoshis to other people by upvoting their entries. \\nWe each pay dues of 100 satoshis per day, so you better start hustling! \\nCash out any time; I will send BTC to you. \\nSo long as you leave enough satoshis to pay for 1 week of dues. \\nWin big in this marketplace for ideas! \",\"picture\":\"https://synchrono.city/JAMN.png\",\"initial-credit-balance-sat\":100000,\"minimum-withdrawal-sat\":7000,\"daily-fee-sat\":100,\"timezone\":\"UTC-08:00\"}", "sig" "6caf875b67c37126588d649815b7b46301ddce2f4d587adada939f8078946a4e4839744a8902acffde3f072cb5bb0798ec6d27a124c4e49f8ac48f9fed5a5f2b"}], :client-id "manifold.stream.SplicedStream@1d46b84a"}
clojure.lang.Delay@39f9b1c4 DEBUG [synchrono.server.ws:207] - Sending event for subscription {:subscription-id "sub:1", :event-id "c9b9018eadf6b01a7817408bab9cfb293a0e32505ed61788eafe9d9e33bda89a", :event {:id "c9b9018eadf6b01a7817408bab9cfb293a0e32505ed61788eafe9d9e33bda89a", :pubkey "800e78c63707901e8f9dff820659e844efe92b329e9f24d6ea53aece315cbfe4", :created_at 1730979124, :kind 4444, :tags "[[\"s\",\"synchrono\"]]", :content "{\"id\":null,\"name\":\"synchrono.city\",\"about\":\"Everyone buys in for 100,000 satoshis by sending 0.001 BTC to me. \\nTransfer satoshis to other people by upvoting their entries. \\nWe each pay dues of 100 satoshis per day, so you better start hustling! \\nCash out any time; I will send BTC to you. \\nSo long as you leave enough satoshis to pay for 1 week of dues. \\nWin big in this marketplace for ideas! \",\"picture\":\"https://synchrono.city/JAMN.png\",\"initial-credit-balance-sat\":100000,\"minimum-withdrawal-sat\":7000,\"daily-fee-sat\":100,\"timezone\":\"UTC-08:00\"}", :sig "ea34fad43440cfd538285224eeb283bef9c01abc7b6e4d019e5833d70baf8624d391c3c6fc3aca4024b2a7ee97f2c43a87269981a7dada3e413e1455cafcc673"}}
clojure.lang.Delay@2a5bf0ad DEBUG [synchrono.server.ws:83] - Attempting to send EVENT {:subscription-id "sub:1", :event-id "c9b9018eadf6b01a7817408bab9cfb293a0e32505ed61788eafe9d9e33bda89a", :client-id "manifold.stream.SplicedStream@1d46b84a"}
clojure.lang.Delay@5e73124f DEBUG [synchrono.server.ws:88] - Normalized event for sending {:original {:id "c9b9018eadf6b01a7817408bab9cfb293a0e32505ed61788eafe9d9e33bda89a", :pubkey "800e78c63707901e8f9dff820659e844efe92b329e9f24d6ea53aece315cbfe4", :created_at 1730979124, :kind 4444, :tags "[[\"s\",\"synchrono\"]]", :content "{\"id\":null,\"name\":\"synchrono.city\",\"about\":\"Everyone buys in for 100,000 satoshis by sending 0.001 BTC to me. \\nTransfer satoshis to other people by upvoting their entries. \\nWe each pay dues of 100 satoshis per day, so you better start hustling! \\nCash out any time; I will send BTC to you. \\nSo long as you leave enough satoshis to pay for 1 week of dues. \\nWin big in this marketplace for ideas! \",\"picture\":\"https://synchrono.city/JAMN.png\",\"initial-credit-balance-sat\":100000,\"minimum-withdrawal-sat\":7000,\"daily-fee-sat\":100,\"timezone\":\"UTC-08:00\"}", :sig "ea34fad43440cfd538285224eeb283bef9c01abc7b6e4d019e5833d70baf8624d391c3c6fc3aca4024b2a7ee97f2c43a87269981a7dada3e413e1455cafcc673"}, :normalized {"id" "c9b9018eadf6b01a7817408bab9cfb293a0e32505ed61788eafe9d9e33bda89a", "pubkey" "800e78c63707901e8f9dff820659e844efe92b329e9f24d6ea53aece315cbfe4", "created_at" 1730979124, "kind" 4444, "tags" (["s" "synchrono"]), "content" "{\"id\":null,\"name\":\"synchrono.city\",\"about\":\"Everyone buys in for 100,000 satoshis by sending 0.001 BTC to me. \\nTransfer satoshis to other people by upvoting their entries. \\nWe each pay dues of 100 satoshis per day, so you better start hustling! \\nCash out any time; I will send BTC to you. \\nSo long as you leave enough satoshis to pay for 1 week of dues. \\nWin big in this marketplace for ideas! \",\"picture\":\"https://synchrono.city/JAMN.png\",\"initial-credit-balance-sat\":100000,\"minimum-withdrawal-sat\":7000,\"daily-fee-sat\":100,\"timezone\":\"UTC-08:00\"}", "sig" "ea34fad43440cfd538285224eeb283bef9c01abc7b6e4d019e5833d70baf8624d391c3c6fc3aca4024b2a7ee97f2c43a87269981a7dada3e413e1455cafcc673"}}
clojure.lang.Delay@18e5e2c3 DEBUG [synchrono.server.ws:52] - Sending message to client {:message ["EVENT" "sub:1" {"id" "c9b9018eadf6b01a7817408bab9cfb293a0e32505ed61788eafe9d9e33bda89a", "pubkey" "800e78c63707901e8f9dff820659e844efe92b329e9f24d6ea53aece315cbfe4", "created_at" 1730979124, "kind" 4444, "tags" (["s" "synchrono"]), "content" "{\"id\":null,\"name\":\"synchrono.city\",\"about\":\"Everyone buys in for 100,000 satoshis by sending 0.001 BTC to me. \\nTransfer satoshis to other people by upvoting their entries. \\nWe each pay dues of 100 satoshis per day, so you better start hustling! \\nCash out any time; I will send BTC to you. \\nSo long as you leave enough satoshis to pay for 1 week of dues. \\nWin big in this marketplace for ideas! \",\"picture\":\"https://synchrono.city/JAMN.png\",\"initial-credit-balance-sat\":100000,\"minimum-withdrawal-sat\":7000,\"daily-fee-sat\":100,\"timezone\":\"UTC-08:00\"}", "sig" "ea34fad43440cfd538285224eeb283bef9c01abc7b6e4d019e5833d70baf8624d391c3c6fc3aca4024b2a7ee97f2c43a87269981a7dada3e413e1455cafcc673"}], :client-id "manifold.stream.SplicedStream@1d46b84a"}
clojure.lang.Delay@42e6982b DEBUG [synchrono.server.ws:212] - Sending EOSE for subscription {:subscription-id "sub:1"}
clojure.lang.Delay@4422b8a2 DEBUG [synchrono.server.ws:52] - Sending message to client {:message ["EOSE" "sub:1"], :client-id "manifold.stream.SplicedStream@1d46b84a"}
clojure.lang.Delay@31a15445 DEBUG [synchrono.server.ws:240] - Received WebSocket message {:type "CLOSE", :params ("sub:1"), :raw-message "[\"CLOSE\",\"sub:1\"]"}
clojure.lang.Delay@2ee1daf2 DEBUG [synchrono.server.ws:230] - Processing CLOSE message {:subscription-id "sub:1"}
clojure.lang.Delay@55bc14be INFO [synchrono.server.core:33] - [:get] /ws 404 - 183ms
clojure.lang.Delay@14840b44 INFO [synchrono.server.core:33] - [:get] / 200 - 10ms
clojure.lang.Delay@1cf33193 INFO [synchrono.server.ws:288] - WebSocket connection closed {:client-id "manifold.stream.SplicedStream@1d46b84a"}
clojure.lang.Delay@458c667d INFO [synchrono.server.ws:281] - WebSocket connection established {:client-id "manifold.stream.SplicedStream@36d15952", :headers {"origin" "http://localhost:3000", "host" "localhost:3000", "upgrade" "websocket", "user-agent" "Mozilla/5.0 (Macintosh; Intel Mac OS X 10_15_7) AppleWebKit/537.36 (KHTML, like Gecko) Chrome/130.0.0.0 Safari/537.36", "cookie" "ring-session=ea3c4a1c-7dab-41bd-b09a-a684e37b5259", "connection" "Upgrade", "pragma" "no-cache", "sec-websocket-key" "Gn25wH/TlCX5lPU1DLZLRw==", "accept-language" "en-US,en;q=0.9", "sec-websocket-version" "13", "accept-encoding" "gzip, deflate, br, zstd", "sec-websocket-extensions" "permessage-deflate; client_max_window_bits", "cache-control" "no-cache"}}
clojure.lang.Delay@373ff547 DEBUG [synchrono.server.ws:240] - Received WebSocket message {:type "REQ", :params ("sub:1" {:kinds [4444], :#s ["synchrono"]}), :raw-message "[\"REQ\",\"sub:1\",{\"kinds\":[4444],\"#s\":[\"synchrono\"]}]"}
clojure.lang.Delay@1ec5af5 DEBUG [synchrono.server.ws:195] - Processing REQ message {:subscription-id "sub:1", :filters ({:kinds [4444], :#s ["synchrono"]})}
clojure.lang.Delay@44612ed9 DEBUG [synchrono.server.ws:35] - Adding subscription {:client-id "manifold.stream.SplicedStream@36d15952", :subscription-id "sub:1", :filters ({:kinds [4444], :#s ["synchrono"]})}
clojure.lang.Delay@50b35eeb INFO [synchrono.server.ws:203] - Found matching events for subscription {:subscription-id "sub:1", :event-count 5}
clojure.lang.Delay@115cfa83 DEBUG [synchrono.server.ws:207] - Sending event for subscription {:subscription-id "sub:1", :event-id "4b9a57c73eee3deb848df08d66241369c67766716203cc763a25ab5377941fe0", :event {:id "4b9a57c73eee3deb848df08d66241369c67766716203cc763a25ab5377941fe0", :pubkey "800e78c63707901e8f9dff820659e844efe92b329e9f24d6ea53aece315cbfe4", :created_at 1730982229, :kind 4444, :tags "[[\"s\",\"synchrono\"]]", :content "{\"id\":null,\"name\":\"synchrono.city\",\"about\":\"Everyone buys in for 100,000 satoshis by sending 0.001 BTC to me. \\nTransfer satoshis to other people by upvoting their entries. \\nWe each pay dues of 100 satoshis per day, so you better start hustling! \\nCash out any time; I will send BTC to you. \\nSo long as you leave enough satoshis to pay for 1 week of dues. \\nWin big in this marketplace for ideas! \",\"picture\":\"https://synchrono.city/JAMN.png\",\"initial-credit-balance-sat\":100000,\"minimum-withdrawal-sat\":7000,\"daily-fee-sat\":100,\"timezone\":\"UTC-08:00\"}", :sig "8fd5e97c2e2d7faba3dba5f561d77156d0fe731fb4259d8d9fcb75a4af690f8be8888d48c3ef2bde227c70f83dc416b54cc0d784810b617a7403736ea4120ce3"}}
clojure.lang.Delay@6cf3199e DEBUG [synchrono.server.ws:83] - Attempting to send EVENT {:subscription-id "sub:1", :event-id "4b9a57c73eee3deb848df08d66241369c67766716203cc763a25ab5377941fe0", :client-id "manifold.stream.SplicedStream@36d15952"}
clojure.lang.Delay@333f1d2f DEBUG [synchrono.server.ws:88] - Normalized event for sending {:original {:id "4b9a57c73eee3deb848df08d66241369c67766716203cc763a25ab5377941fe0", :pubkey "800e78c63707901e8f9dff820659e844efe92b329e9f24d6ea53aece315cbfe4", :created_at 1730982229, :kind 4444, :tags "[[\"s\",\"synchrono\"]]", :content "{\"id\":null,\"name\":\"synchrono.city\",\"about\":\"Everyone buys in for 100,000 satoshis by sending 0.001 BTC to me. \\nTransfer satoshis to other people by upvoting their entries. \\nWe each pay dues of 100 satoshis per day, so you better start hustling! \\nCash out any time; I will send BTC to you. \\nSo long as you leave enough satoshis to pay for 1 week of dues. \\nWin big in this marketplace for ideas! \",\"picture\":\"https://synchrono.city/JAMN.png\",\"initial-credit-balance-sat\":100000,\"minimum-withdrawal-sat\":7000,\"daily-fee-sat\":100,\"timezone\":\"UTC-08:00\"}", :sig "8fd5e97c2e2d7faba3dba5f561d77156d0fe731fb4259d8d9fcb75a4af690f8be8888d48c3ef2bde227c70f83dc416b54cc0d784810b617a7403736ea4120ce3"}, :normalized {"id" "4b9a57c73eee3deb848df08d66241369c67766716203cc763a25ab5377941fe0", "pubkey" "800e78c63707901e8f9dff820659e844efe92b329e9f24d6ea53aece315cbfe4", "created_at" 1730982229, "kind" 4444, "tags" (["s" "synchrono"]), "content" "{\"id\":null,\"name\":\"synchrono.city\",\"about\":\"Everyone buys in for 100,000 satoshis by sending 0.001 BTC to me. \\nTransfer satoshis to other people by upvoting their entries. \\nWe each pay dues of 100 satoshis per day, so you better start hustling! \\nCash out any time; I will send BTC to you. \\nSo long as you leave enough satoshis to pay for 1 week of dues. \\nWin big in this marketplace for ideas! \",\"picture\":\"https://synchrono.city/JAMN.png\",\"initial-credit-balance-sat\":100000,\"minimum-withdrawal-sat\":7000,\"daily-fee-sat\":100,\"timezone\":\"UTC-08:00\"}", "sig" "8fd5e97c2e2d7faba3dba5f561d77156d0fe731fb4259d8d9fcb75a4af690f8be8888d48c3ef2bde227c70f83dc416b54cc0d784810b617a7403736ea4120ce3"}}
clojure.lang.Delay@4f402bce DEBUG [synchrono.server.ws:52] - Sending message to client {:message ["EVENT" "sub:1" {"id" "4b9a57c73eee3deb848df08d66241369c67766716203cc763a25ab5377941fe0", "pubkey" "800e78c63707901e8f9dff820659e844efe92b329e9f24d6ea53aece315cbfe4", "created_at" 1730982229, "kind" 4444, "tags" (["s" "synchrono"]), "content" "{\"id\":null,\"name\":\"synchrono.city\",\"about\":\"Everyone buys in for 100,000 satoshis by sending 0.001 BTC to me. \\nTransfer satoshis to other people by upvoting their entries. \\nWe each pay dues of 100 satoshis per day, so you better start hustling! \\nCash out any time; I will send BTC to you. \\nSo long as you leave enough satoshis to pay for 1 week of dues. \\nWin big in this marketplace for ideas! \",\"picture\":\"https://synchrono.city/JAMN.png\",\"initial-credit-balance-sat\":100000,\"minimum-withdrawal-sat\":7000,\"daily-fee-sat\":100,\"timezone\":\"UTC-08:00\"}", "sig" "8fd5e97c2e2d7faba3dba5f561d77156d0fe731fb4259d8d9fcb75a4af690f8be8888d48c3ef2bde227c70f83dc416b54cc0d784810b617a7403736ea4120ce3"}], :client-id "manifold.stream.SplicedStream@36d15952"}
clojure.lang.Delay@6ad6dee9 DEBUG [synchrono.server.ws:207] - Sending event for subscription {:subscription-id "sub:1", :event-id "20cba70f46e96dd1de7dadadd9eab404f187faa7f142d04ceb688880ab47fc30", :event {:id "20cba70f46e96dd1de7dadadd9eab404f187faa7f142d04ceb688880ab47fc30", :pubkey "800e78c63707901e8f9dff820659e844efe92b329e9f24d6ea53aece315cbfe4", :created_at 1730981067, :kind 4444, :tags "[[\"s\",\"synchrono\"]]", :content "{\"id\":null,\"name\":\"synchrono.city\",\"about\":\"Everyone buys in for 100,000 satoshis by sending 0.001 BTC to me. \\nTransfer satoshis to other people by upvoting their entries. \\nWe each pay dues of 100 satoshis per day, so you better start hustling! \\nCash out any time; I will send BTC to you. \\nSo long as you leave enough satoshis to pay for 1 week of dues. \\nWin big in this marketplace for ideas! \",\"picture\":\"https://synchrono.city/JAMN.png\",\"initial-credit-balance-sat\":100000,\"minimum-withdrawal-sat\":7000,\"daily-fee-sat\":100,\"timezone\":\"UTC-08:00\"}", :sig "151d534570d9d818fbfe33d0ecf3392c79f6ce6a5a951c42c154e8776f9ebf7529892958d29cd0c49d4aa294b6a4797cb910dd84085a9bd4ec68b7d879aebe54"}}
clojure.lang.Delay@165b08f9 DEBUG [synchrono.server.ws:83] - Attempting to send EVENT {:subscription-id "sub:1", :event-id "20cba70f46e96dd1de7dadadd9eab404f187faa7f142d04ceb688880ab47fc30", :client-id "manifold.stream.SplicedStream@36d15952"}
clojure.lang.Delay@31e117ba DEBUG [synchrono.server.ws:88] - Normalized event for sending {:original {:id "20cba70f46e96dd1de7dadadd9eab404f187faa7f142d04ceb688880ab47fc30", :pubkey "800e78c63707901e8f9dff820659e844efe92b329e9f24d6ea53aece315cbfe4", :created_at 1730981067, :kind 4444, :tags "[[\"s\",\"synchrono\"]]", :content "{\"id\":null,\"name\":\"synchrono.city\",\"about\":\"Everyone buys in for 100,000 satoshis by sending 0.001 BTC to me. \\nTransfer satoshis to other people by upvoting their entries. \\nWe each pay dues of 100 satoshis per day, so you better start hustling! \\nCash out any time; I will send BTC to you. \\nSo long as you leave enough satoshis to pay for 1 week of dues. \\nWin big in this marketplace for ideas! \",\"picture\":\"https://synchrono.city/JAMN.png\",\"initial-credit-balance-sat\":100000,\"minimum-withdrawal-sat\":7000,\"daily-fee-sat\":100,\"timezone\":\"UTC-08:00\"}", :sig "151d534570d9d818fbfe33d0ecf3392c79f6ce6a5a951c42c154e8776f9ebf7529892958d29cd0c49d4aa294b6a4797cb910dd84085a9bd4ec68b7d879aebe54"}, :normalized {"id" "20cba70f46e96dd1de7dadadd9eab404f187faa7f142d04ceb688880ab47fc30", "pubkey" "800e78c63707901e8f9dff820659e844efe92b329e9f24d6ea53aece315cbfe4", "created_at" 1730981067, "kind" 4444, "tags" (["s" "synchrono"]), "content" "{\"id\":null,\"name\":\"synchrono.city\",\"about\":\"Everyone buys in for 100,000 satoshis by sending 0.001 BTC to me. \\nTransfer satoshis to other people by upvoting their entries. \\nWe each pay dues of 100 satoshis per day, so you better start hustling! \\nCash out any time; I will send BTC to you. \\nSo long as you leave enough satoshis to pay for 1 week of dues. \\nWin big in this marketplace for ideas! \",\"picture\":\"https://synchrono.city/JAMN.png\",\"initial-credit-balance-sat\":100000,\"minimum-withdrawal-sat\":7000,\"daily-fee-sat\":100,\"timezone\":\"UTC-08:00\"}", "sig" "151d534570d9d818fbfe33d0ecf3392c79f6ce6a5a951c42c154e8776f9ebf7529892958d29cd0c49d4aa294b6a4797cb910dd84085a9bd4ec68b7d879aebe54"}}
clojure.lang.Delay@6d212c9d DEBUG [synchrono.server.ws:52] - Sending message to client {:message ["EVENT" "sub:1" {"id" "20cba70f46e96dd1de7dadadd9eab404f187faa7f142d04ceb688880ab47fc30", "pubkey" "800e78c63707901e8f9dff820659e844efe92b329e9f24d6ea53aece315cbfe4", "created_at" 1730981067, "kind" 4444, "tags" (["s" "synchrono"]), "content" "{\"id\":null,\"name\":\"synchrono.city\",\"about\":\"Everyone buys in for 100,000 satoshis by sending 0.001 BTC to me. \\nTransfer satoshis to other people by upvoting their entries. \\nWe each pay dues of 100 satoshis per day, so you better start hustling! \\nCash out any time; I will send BTC to you. \\nSo long as you leave enough satoshis to pay for 1 week of dues. \\nWin big in this marketplace for ideas! \",\"picture\":\"https://synchrono.city/JAMN.png\",\"initial-credit-balance-sat\":100000,\"minimum-withdrawal-sat\":7000,\"daily-fee-sat\":100,\"timezone\":\"UTC-08:00\"}", "sig" "151d534570d9d818fbfe33d0ecf3392c79f6ce6a5a951c42c154e8776f9ebf7529892958d29cd0c49d4aa294b6a4797cb910dd84085a9bd4ec68b7d879aebe54"}], :client-id "manifold.stream.SplicedStream@36d15952"}
clojure.lang.Delay@64ca55cd DEBUG [synchrono.server.ws:207] - Sending event for subscription {:subscription-id "sub:1", :event-id "5a24aab418cf86c0956802f0f5de81b9682d75db4d653abf603c015820306401", :event {:id "5a24aab418cf86c0956802f0f5de81b9682d75db4d653abf603c015820306401", :pubkey "800e78c63707901e8f9dff820659e844efe92b329e9f24d6ea53aece315cbfe4", :created_at 1730980824, :kind 4444, :tags "[[\"s\",\"synchrono\"]]", :content "{\"id\":null,\"name\":\"synchrono.city\",\"about\":\"Everyone buys in for 100,000 satoshis by sending 0.001 BTC to me. \\nTransfer satoshis to other people by upvoting their entries. \\nWe each pay dues of 100 satoshis per day, so you better start hustling! \\nCash out any time; I will send BTC to you. \\nSo long as you leave enough satoshis to pay for 1 week of dues. \\nWin big in this marketplace for ideas! \",\"picture\":\"https://synchrono.city/JAMN.png\",\"initial-credit-balance-sat\":100000,\"minimum-withdrawal-sat\":7000,\"daily-fee-sat\":100,\"timezone\":\"UTC-08:00\"}", :sig "980edfcac3469ec4062694368f65045ddf329e55da4c3dea3b48e2480216ed8c365a8451b809228f2362248e13c797afd278e05b3f68c51694f0a444fc209e5c"}}
clojure.lang.Delay@10ce8e32 DEBUG [synchrono.server.ws:83] - Attempting to send EVENT {:subscription-id "sub:1", :event-id "5a24aab418cf86c0956802f0f5de81b9682d75db4d653abf603c015820306401", :client-id "manifold.stream.SplicedStream@36d15952"}
clojure.lang.Delay@2a3f05 DEBUG [synchrono.server.ws:88] - Normalized event for sending {:original {:id "5a24aab418cf86c0956802f0f5de81b9682d75db4d653abf603c015820306401", :pubkey "800e78c63707901e8f9dff820659e844efe92b329e9f24d6ea53aece315cbfe4", :created_at 1730980824, :kind 4444, :tags "[[\"s\",\"synchrono\"]]", :content "{\"id\":null,\"name\":\"synchrono.city\",\"about\":\"Everyone buys in for 100,000 satoshis by sending 0.001 BTC to me. \\nTransfer satoshis to other people by upvoting their entries. \\nWe each pay dues of 100 satoshis per day, so you better start hustling! \\nCash out any time; I will send BTC to you. \\nSo long as you leave enough satoshis to pay for 1 week of dues. \\nWin big in this marketplace for ideas! \",\"picture\":\"https://synchrono.city/JAMN.png\",\"initial-credit-balance-sat\":100000,\"minimum-withdrawal-sat\":7000,\"daily-fee-sat\":100,\"timezone\":\"UTC-08:00\"}", :sig "980edfcac3469ec4062694368f65045ddf329e55da4c3dea3b48e2480216ed8c365a8451b809228f2362248e13c797afd278e05b3f68c51694f0a444fc209e5c"}, :normalized {"id" "5a24aab418cf86c0956802f0f5de81b9682d75db4d653abf603c015820306401", "pubkey" "800e78c63707901e8f9dff820659e844efe92b329e9f24d6ea53aece315cbfe4", "created_at" 1730980824, "kind" 4444, "tags" (["s" "synchrono"]), "content" "{\"id\":null,\"name\":\"synchrono.city\",\"about\":\"Everyone buys in for 100,000 satoshis by sending 0.001 BTC to me. \\nTransfer satoshis to other people by upvoting their entries. \\nWe each pay dues of 100 satoshis per day, so you better start hustling! \\nCash out any time; I will send BTC to you. \\nSo long as you leave enough satoshis to pay for 1 week of dues. \\nWin big in this marketplace for ideas! \",\"picture\":\"https://synchrono.city/JAMN.png\",\"initial-credit-balance-sat\":100000,\"minimum-withdrawal-sat\":7000,\"daily-fee-sat\":100,\"timezone\":\"UTC-08:00\"}", "sig" "980edfcac3469ec4062694368f65045ddf329e55da4c3dea3b48e2480216ed8c365a8451b809228f2362248e13c797afd278e05b3f68c51694f0a444fc209e5c"}}
clojure.lang.Delay@23dbcfb2 DEBUG [synchrono.server.ws:52] - Sending message to client {:message ["EVENT" "sub:1" {"id" "5a24aab418cf86c0956802f0f5de81b9682d75db4d653abf603c015820306401", "pubkey" "800e78c63707901e8f9dff820659e844efe92b329e9f24d6ea53aece315cbfe4", "created_at" 1730980824, "kind" 4444, "tags" (["s" "synchrono"]), "content" "{\"id\":null,\"name\":\"synchrono.city\",\"about\":\"Everyone buys in for 100,000 satoshis by sending 0.001 BTC to me. \\nTransfer satoshis to other people by upvoting their entries. \\nWe each pay dues of 100 satoshis per day, so you better start hustling! \\nCash out any time; I will send BTC to you. \\nSo long as you leave enough satoshis to pay for 1 week of dues. \\nWin big in this marketplace for ideas! \",\"picture\":\"https://synchrono.city/JAMN.png\",\"initial-credit-balance-sat\":100000,\"minimum-withdrawal-sat\":7000,\"daily-fee-sat\":100,\"timezone\":\"UTC-08:00\"}", "sig" "980edfcac3469ec4062694368f65045ddf329e55da4c3dea3b48e2480216ed8c365a8451b809228f2362248e13c797afd278e05b3f68c51694f0a444fc209e5c"}], :client-id "manifold.stream.SplicedStream@36d15952"}
clojure.lang.Delay@415fb770 DEBUG [synchrono.server.ws:207] - Sending event for subscription {:subscription-id "sub:1", :event-id "d21e95e82856fa40c2b4a71d96110cb56fdda768a086bacd673af72d4e17465e", :event {:id "d21e95e82856fa40c2b4a71d96110cb56fdda768a086bacd673af72d4e17465e", :pubkey "800e78c63707901e8f9dff820659e844efe92b329e9f24d6ea53aece315cbfe4", :created_at 1730979951, :kind 4444, :tags "[[\"s\",\"synchrono\"]]", :content "{\"id\":null,\"name\":\"synchrono.city\",\"about\":\"Everyone buys in for 100,000 satoshis by sending 0.001 BTC to me. \\nTransfer satoshis to other people by upvoting their entries. \\nWe each pay dues of 100 satoshis per day, so you better start hustling! \\nCash out any time; I will send BTC to you. \\nSo long as you leave enough satoshis to pay for 1 week of dues. \\nWin big in this marketplace for ideas! \",\"picture\":\"https://synchrono.city/JAMN.png\",\"initial-credit-balance-sat\":100000,\"minimum-withdrawal-sat\":7000,\"daily-fee-sat\":100,\"timezone\":\"UTC-08:00\"}", :sig "6caf875b67c37126588d649815b7b46301ddce2f4d587adada939f8078946a4e4839744a8902acffde3f072cb5bb0798ec6d27a124c4e49f8ac48f9fed5a5f2b"}}
clojure.lang.Delay@5257d571 DEBUG [synchrono.server.ws:83] - Attempting to send EVENT {:subscription-id "sub:1", :event-id "d21e95e82856fa40c2b4a71d96110cb56fdda768a086bacd673af72d4e17465e", :client-id "manifold.stream.SplicedStream@36d15952"}
clojure.lang.Delay@7215a8b9 DEBUG [synchrono.server.ws:88] - Normalized event for sending {:original {:id "d21e95e82856fa40c2b4a71d96110cb56fdda768a086bacd673af72d4e17465e", :pubkey "800e78c63707901e8f9dff820659e844efe92b329e9f24d6ea53aece315cbfe4", :created_at 1730979951, :kind 4444, :tags "[[\"s\",\"synchrono\"]]", :content "{\"id\":null,\"name\":\"synchrono.city\",\"about\":\"Everyone buys in for 100,000 satoshis by sending 0.001 BTC to me. \\nTransfer satoshis to other people by upvoting their entries. \\nWe each pay dues of 100 satoshis per day, so you better start hustling! \\nCash out any time; I will send BTC to you. \\nSo long as you leave enough satoshis to pay for 1 week of dues. \\nWin big in this marketplace for ideas! \",\"picture\":\"https://synchrono.city/JAMN.png\",\"initial-credit-balance-sat\":100000,\"minimum-withdrawal-sat\":7000,\"daily-fee-sat\":100,\"timezone\":\"UTC-08:00\"}", :sig "6caf875b67c37126588d649815b7b46301ddce2f4d587adada939f8078946a4e4839744a8902acffde3f072cb5bb0798ec6d27a124c4e49f8ac48f9fed5a5f2b"}, :normalized {"id" "d21e95e82856fa40c2b4a71d96110cb56fdda768a086bacd673af72d4e17465e", "pubkey" "800e78c63707901e8f9dff820659e844efe92b329e9f24d6ea53aece315cbfe4", "created_at" 1730979951, "kind" 4444, "tags" (["s" "synchrono"]), "content" "{\"id\":null,\"name\":\"synchrono.city\",\"about\":\"Everyone buys in for 100,000 satoshis by sending 0.001 BTC to me. \\nTransfer satoshis to other people by upvoting their entries. \\nWe each pay dues of 100 satoshis per day, so you better start hustling! \\nCash out any time; I will send BTC to you. \\nSo long as you leave enough satoshis to pay for 1 week of dues. \\nWin big in this marketplace for ideas! \",\"picture\":\"https://synchrono.city/JAMN.png\",\"initial-credit-balance-sat\":100000,\"minimum-withdrawal-sat\":7000,\"daily-fee-sat\":100,\"timezone\":\"UTC-08:00\"}", "sig" "6caf875b67c37126588d649815b7b46301ddce2f4d587adada939f8078946a4e4839744a8902acffde3f072cb5bb0798ec6d27a124c4e49f8ac48f9fed5a5f2b"}}
clojure.lang.Delay@7ed918a DEBUG [synchrono.server.ws:52] - Sending message to client {:message ["EVENT" "sub:1" {"id" "d21e95e82856fa40c2b4a71d96110cb56fdda768a086bacd673af72d4e17465e", "pubkey" "800e78c63707901e8f9dff820659e844efe92b329e9f24d6ea53aece315cbfe4", "created_at" 1730979951, "kind" 4444, "tags" (["s" "synchrono"]), "content" "{\"id\":null,\"name\":\"synchrono.city\",\"about\":\"Everyone buys in for 100,000 satoshis by sending 0.001 BTC to me. \\nTransfer satoshis to other people by upvoting their entries. \\nWe each pay dues of 100 satoshis per day, so you better start hustling! \\nCash out any time; I will send BTC to you. \\nSo long as you leave enough satoshis to pay for 1 week of dues. \\nWin big in this marketplace for ideas! \",\"picture\":\"https://synchrono.city/JAMN.png\",\"initial-credit-balance-sat\":100000,\"minimum-withdrawal-sat\":7000,\"daily-fee-sat\":100,\"timezone\":\"UTC-08:00\"}", "sig" "6caf875b67c37126588d649815b7b46301ddce2f4d587adada939f8078946a4e4839744a8902acffde3f072cb5bb0798ec6d27a124c4e49f8ac48f9fed5a5f2b"}], :client-id "manifold.stream.SplicedStream@36d15952"}
clojure.lang.Delay@137ce6c8 DEBUG [synchrono.server.ws:207] - Sending event for subscription {:subscription-id "sub:1", :event-id "c9b9018eadf6b01a7817408bab9cfb293a0e32505ed61788eafe9d9e33bda89a", :event {:id "c9b9018eadf6b01a7817408bab9cfb293a0e32505ed61788eafe9d9e33bda89a", :pubkey "800e78c63707901e8f9dff820659e844efe92b329e9f24d6ea53aece315cbfe4", :created_at 1730979124, :kind 4444, :tags "[[\"s\",\"synchrono\"]]", :content "{\"id\":null,\"name\":\"synchrono.city\",\"about\":\"Everyone buys in for 100,000 satoshis by sending 0.001 BTC to me. \\nTransfer satoshis to other people by upvoting their entries. \\nWe each pay dues of 100 satoshis per day, so you better start hustling! \\nCash out any time; I will send BTC to you. \\nSo long as you leave enough satoshis to pay for 1 week of dues. \\nWin big in this marketplace for ideas! \",\"picture\":\"https://synchrono.city/JAMN.png\",\"initial-credit-balance-sat\":100000,\"minimum-withdrawal-sat\":7000,\"daily-fee-sat\":100,\"timezone\":\"UTC-08:00\"}", :sig "ea34fad43440cfd538285224eeb283bef9c01abc7b6e4d019e5833d70baf8624d391c3c6fc3aca4024b2a7ee97f2c43a87269981a7dada3e413e1455cafcc673"}}
clojure.lang.Delay@79702f3c DEBUG [synchrono.server.ws:83] - Attempting to send EVENT {:subscription-id "sub:1", :event-id "c9b9018eadf6b01a7817408bab9cfb293a0e32505ed61788eafe9d9e33bda89a", :client-id "manifold.stream.SplicedStream@36d15952"}
clojure.lang.Delay@6084db1a DEBUG [synchrono.server.ws:88] - Normalized event for sending {:original {:id "c9b9018eadf6b01a7817408bab9cfb293a0e32505ed61788eafe9d9e33bda89a", :pubkey "800e78c63707901e8f9dff820659e844efe92b329e9f24d6ea53aece315cbfe4", :created_at 1730979124, :kind 4444, :tags "[[\"s\",\"synchrono\"]]", :content "{\"id\":null,\"name\":\"synchrono.city\",\"about\":\"Everyone buys in for 100,000 satoshis by sending 0.001 BTC to me. \\nTransfer satoshis to other people by upvoting their entries. \\nWe each pay dues of 100 satoshis per day, so you better start hustling! \\nCash out any time; I will send BTC to you. \\nSo long as you leave enough satoshis to pay for 1 week of dues. \\nWin big in this marketplace for ideas! \",\"picture\":\"https://synchrono.city/JAMN.png\",\"initial-credit-balance-sat\":100000,\"minimum-withdrawal-sat\":7000,\"daily-fee-sat\":100,\"timezone\":\"UTC-08:00\"}", :sig "ea34fad43440cfd538285224eeb283bef9c01abc7b6e4d019e5833d70baf8624d391c3c6fc3aca4024b2a7ee97f2c43a87269981a7dada3e413e1455cafcc673"}, :normalized {"id" "c9b9018eadf6b01a7817408bab9cfb293a0e32505ed61788eafe9d9e33bda89a", "pubkey" "800e78c63707901e8f9dff820659e844efe92b329e9f24d6ea53aece315cbfe4", "created_at" 1730979124, "kind" 4444, "tags" (["s" "synchrono"]), "content" "{\"id\":null,\"name\":\"synchrono.city\",\"about\":\"Everyone buys in for 100,000 satoshis by sending 0.001 BTC to me. \\nTransfer satoshis to other people by upvoting their entries. \\nWe each pay dues of 100 satoshis per day, so you better start hustling! \\nCash out any time; I will send BTC to you. \\nSo long as you leave enough satoshis to pay for 1 week of dues. \\nWin big in this marketplace for ideas! \",\"picture\":\"https://synchrono.city/JAMN.png\",\"initial-credit-balance-sat\":100000,\"minimum-withdrawal-sat\":7000,\"daily-fee-sat\":100,\"timezone\":\"UTC-08:00\"}", "sig" "ea34fad43440cfd538285224eeb283bef9c01abc7b6e4d019e5833d70baf8624d391c3c6fc3aca4024b2a7ee97f2c43a87269981a7dada3e413e1455cafcc673"}}
clojure.lang.Delay@30e9e63b DEBUG [synchrono.server.ws:52] - Sending message to client {:message ["EVENT" "sub:1" {"id" "c9b9018eadf6b01a7817408bab9cfb293a0e32505ed61788eafe9d9e33bda89a", "pubkey" "800e78c63707901e8f9dff820659e844efe92b329e9f24d6ea53aece315cbfe4", "created_at" 1730979124, "kind" 4444, "tags" (["s" "synchrono"]), "content" "{\"id\":null,\"name\":\"synchrono.city\",\"about\":\"Everyone buys in for 100,000 satoshis by sending 0.001 BTC to me. \\nTransfer satoshis to other people by upvoting their entries. \\nWe each pay dues of 100 satoshis per day, so you better start hustling! \\nCash out any time; I will send BTC to you. \\nSo long as you leave enough satoshis to pay for 1 week of dues. \\nWin big in this marketplace for ideas! \",\"picture\":\"https://synchrono.city/JAMN.png\",\"initial-credit-balance-sat\":100000,\"minimum-withdrawal-sat\":7000,\"daily-fee-sat\":100,\"timezone\":\"UTC-08:00\"}", "sig" "ea34fad43440cfd538285224eeb283bef9c01abc7b6e4d019e5833d70baf8624d391c3c6fc3aca4024b2a7ee97f2c43a87269981a7dada3e413e1455cafcc673"}], :client-id "manifold.stream.SplicedStream@36d15952"}
clojure.lang.Delay@722f9fdc DEBUG [synchrono.server.ws:212] - Sending EOSE for subscription {:subscription-id "sub:1"}
clojure.lang.Delay@7d8e194c DEBUG [synchrono.server.ws:52] - Sending message to client {:message ["EOSE" "sub:1"], :client-id "manifold.stream.SplicedStream@36d15952"}
clojure.lang.Delay@1bdcd36f INFO [synchrono.server.core:33] - [:get] /ws 404 - 212ms
clojure.lang.Delay@6c67ab31 DEBUG [synchrono.server.ws:240] - Received WebSocket message {:type "CLOSE", :params ("sub:1"), :raw-message "[\"CLOSE\",\"sub:1\"]"}
clojure.lang.Delay@c48547e DEBUG [synchrono.server.ws:230] - Processing CLOSE message {:subscription-id "sub:1"}
2024-11-08 18:27:21.425 Peters-Air-2.lan INFO [synchrono.server.core:70] - Initializing database
2024-11-08 18:27:21.696 Peters-Air-2.lan INFO [synchrono.server.core:53] - Starting server on port 3000 in environment nil
2024-11-08 18:27:21.739 Peters-Air-2.lan INFO [synchrono.server.core:55] - Server started successfully - ready to accept connections
2024-11-08 18:29:16.685 Peters-Air-2.lan INFO [synchrono.server.core:72] - Initializing database
2024-11-08 18:29:16.964 Peters-Air-2.lan INFO [synchrono.server.core:56] - Starting server on port 3000 in environment nil
2024-11-08 18:29:17.015 Peters-Air-2.lan INFO [synchrono.server.core:58] - Server started successfully - ready to accept connections
2024-11-08 18:29:28.790 Peters-Air-2.lan INFO [synchrono.server.core:36] - [:get] / 200 - 9ms
2024-11-08 18:29:29.333 Peters-Air-2.lan INFO [synchrono.server.ws:245] - WebSocket connected: manifold.stream.SplicedStream@54a49321
2024-11-08 18:29:29.359 Peters-Air-2.lan DEBUG [synchrono.server.ws:179] - Processing REQ {:sub-id "sub:1"}
2024-11-08 18:29:29.368 Peters-Air-2.lan DEBUG [synchrono.server.ws:183] - Found 5 events for sub sub:1
2024-11-08 18:29:29.472 Peters-Air-2.lan INFO [synchrono.server.core:36] - [:get] /ws 404 - 186ms
2024-11-08 18:29:29.474 Peters-Air-2.lan DEBUG [synchrono.server.ws:201] - Processing CLOSE message {:subscription-id "sub:1"}
2024-11-08 18:30:02.113 Peters-Air-2.lan INFO [synchrono.server.core:36] - [:get] / 200 - 27ms
2024-11-08 18:30:02.166 Peters-Air-2.lan INFO [synchrono.server.ws:250] - WebSocket disconnected: manifold.stream.SplicedStream@54a49321
2024-11-08 18:30:02.632 Peters-Air-2.lan INFO [synchrono.server.ws:245] - WebSocket connected: manifold.stream.SplicedStream@250a5e42
2024-11-08 18:30:02.653 Peters-Air-2.lan DEBUG [synchrono.server.ws:179] - Processing REQ {:sub-id "sub:1"}
2024-11-08 18:30:02.667 Peters-Air-2.lan DEBUG [synchrono.server.ws:183] - Found 5 events for sub sub:1
2024-11-08 18:30:02.694 Peters-Air-2.lan INFO [synchrono.server.core:36] - [:get] /ws 404 - 79ms
2024-11-08 18:30:02.754 Peters-Air-2.lan DEBUG [synchrono.server.ws:201] - Processing CLOSE message {:subscription-id "sub:1"}
2024-11-08 18:31:14.048 Peters-Air-2.lan INFO [synchrono.server.core:36] - [:get] / 200 - 4ms
2024-11-08 18:31:14.064 Peters-Air-2.lan INFO [synchrono.server.ws:250] - WebSocket disconnected: manifold.stream.SplicedStream@250a5e42
2024-11-08 18:31:14.630 Peters-Air-2.lan INFO [synchrono.server.ws:245] - WebSocket connected: manifold.stream.SplicedStream@33a4aacb
2024-11-08 18:31:14.632 Peters-Air-2.lan DEBUG [synchrono.server.ws:179] - Processing REQ {:sub-id "sub:1"}
2024-11-08 18:31:14.653 Peters-Air-2.lan DEBUG [synchrono.server.ws:183] - Found 5 events for sub sub:1
2024-11-08 18:31:14.686 Peters-Air-2.lan INFO [synchrono.server.core:36] - [:get] /ws 404 - 67ms
2024-11-08 18:31:14.713 Peters-Air-2.lan DEBUG [synchrono.server.ws:201] - Processing CLOSE message {:subscription-id "sub:1"}
2024-11-08 18:31:59.242 Peters-Air-2.lan INFO [synchrono.server.core:36] - [:get] / 200 - 4ms
2024-11-08 18:31:59.255 Peters-Air-2.lan INFO [synchrono.server.ws:250] - WebSocket disconnected: manifold.stream.SplicedStream@33a4aacb
2024-11-08 18:31:59.744 Peters-Air-2.lan INFO [synchrono.server.ws:245] - WebSocket connected: manifold.stream.SplicedStream@2c32f83e
2024-11-08 18:31:59.749 Peters-Air-2.lan DEBUG [synchrono.server.ws:179] - Processing REQ {:sub-id "sub:1"}
2024-11-08 18:31:59.806 Peters-Air-2.lan DEBUG [synchrono.server.ws:183] - Found 5 events for sub sub:1
2024-11-08 18:31:59.846 Peters-Air-2.lan INFO [synchrono.server.core:36] - [:get] /ws 404 - 98ms
2024-11-08 18:31:59.874 Peters-Air-2.lan DEBUG [synchrono.server.ws:201] - Processing CLOSE message {:subscription-id "sub:1"}
2024-11-08 18:32:47.406 Peters-Air-2.lan INFO [synchrono.server.core:36] - [:get] / 200 - 2ms
2024-11-08 18:32:47.416 Peters-Air-2.lan INFO [synchrono.server.ws:250] - WebSocket disconnected: manifold.stream.SplicedStream@2c32f83e
2024-11-08 18:32:47.939 Peters-Air-2.lan INFO [synchrono.server.ws:245] - WebSocket connected: manifold.stream.SplicedStream@5ada4180
2024-11-08 18:32:47.941 Peters-Air-2.lan DEBUG [synchrono.server.ws:179] - Processing REQ {:sub-id "sub:1"}
2024-11-08 18:32:47.961 Peters-Air-2.lan DEBUG [synchrono.server.ws:183] - Found 5 events for sub sub:1
2024-11-08 18:32:47.978 Peters-Air-2.lan INFO [synchrono.server.core:36] - [:get] /ws 404 - 45ms
2024-11-08 18:32:48.013 Peters-Air-2.lan DEBUG [synchrono.server.ws:201] - Processing CLOSE message {:subscription-id "sub:1"}
2024-11-08 18:35:26.495 Peters-Air-2.lan INFO [synchrono.server.core:36] - [:get] / 200 - 2ms
2024-11-08 18:35:26.512 Peters-Air-2.lan INFO [synchrono.server.ws:250] - WebSocket disconnected: manifold.stream.SplicedStream@5ada4180
2024-11-08 18:35:27.047 Peters-Air-2.lan INFO [synchrono.server.ws:245] - WebSocket connected: manifold.stream.SplicedStream@1bcfdfc3
2024-11-08 18:35:27.071 Peters-Air-2.lan DEBUG [synchrono.server.ws:179] - Processing REQ {:sub-id "sub:1"}
2024-11-08 18:35:27.089 Peters-Air-2.lan DEBUG [synchrono.server.ws:183] - Found 5 events for sub sub:1
2024-11-08 18:35:27.099 Peters-Air-2.lan INFO [synchrono.server.core:36] - [:get] /ws 404 - 80ms
2024-11-08 18:35:27.145 Peters-Air-2.lan DEBUG [synchrono.server.ws:201] - Processing CLOSE message {:subscription-id "sub:1"}
2024-11-08 18:40:28.420 Peters-Air-2.lan INFO [synchrono.server.core:36] - [:get] / 200 - 3ms
2024-11-08 18:40:28.440 Peters-Air-2.lan INFO [synchrono.server.ws:250] - WebSocket disconnected: manifold.stream.SplicedStream@1bcfdfc3
2024-11-08 18:40:28.946 Peters-Air-2.lan INFO [synchrono.server.ws:245] - WebSocket connected: manifold.stream.SplicedStream@de09e11
2024-11-08 18:40:28.949 Peters-Air-2.lan INFO [synchrono.server.core:36] - [:get] /ws 404 - 23ms
2024-11-08 18:40:28.950 Peters-Air-2.lan DEBUG [synchrono.server.ws:179] - Processing REQ {:sub-id "sub:1"}
2024-11-08 18:40:29.001 Peters-Air-2.lan DEBUG [synchrono.server.ws:183] - Found 5 events for sub sub:1
2024-11-08 18:40:29.062 Peters-Air-2.lan DEBUG [synchrono.server.ws:201] - Processing CLOSE message {:subscription-id "sub:1"}
2024-11-08 18:41:40.799 Peters-Air-2.lan INFO [synchrono.server.core:36] - [:get] / 200 - 2ms
2024-11-08 18:41:40.814 Peters-Air-2.lan INFO [synchrono.server.ws:250] - WebSocket disconnected: manifold.stream.SplicedStream@de09e11
2024-11-08 18:41:41.308 Peters-Air-2.lan INFO [synchrono.server.ws:245] - WebSocket connected: manifold.stream.SplicedStream@6f0ed4c4
2024-11-08 18:41:41.310 Peters-Air-2.lan DEBUG [synchrono.server.ws:179] - Processing REQ {:sub-id "sub:1"}
2024-11-08 18:41:41.334 Peters-Air-2.lan DEBUG [synchrono.server.ws:183] - Found 5 events for sub sub:1
2024-11-08 18:41:41.347 Peters-Air-2.lan INFO [synchrono.server.core:36] - [:get] /ws 404 - 44ms
2024-11-08 18:41:41.393 Peters-Air-2.lan DEBUG [synchrono.server.ws:201] - Processing CLOSE message {:subscription-id "sub:1"}
2024-11-08 18:44:16.613 Peters-Air-2.lan INFO [synchrono.server.core:36] - [:get] / 200 - 3ms
2024-11-08 18:44:16.625 Peters-Air-2.lan INFO [synchrono.server.ws:250] - WebSocket disconnected: manifold.stream.SplicedStream@6f0ed4c4
2024-11-08 18:44:17.163 Peters-Air-2.lan INFO [synchrono.server.ws:245] - WebSocket connected: manifold.stream.SplicedStream@2cf0b255
2024-11-08 18:44:17.180 Peters-Air-2.lan DEBUG [synchrono.server.ws:179] - Processing REQ {:sub-id "sub:1"}
2024-11-08 18:44:17.190 Peters-Air-2.lan DEBUG [synchrono.server.ws:183] - Found 5 events for sub sub:1
2024-11-08 18:44:17.209 Peters-Air-2.lan INFO [synchrono.server.core:36] - [:get] /ws 404 - 66ms
2024-11-08 18:44:17.255 Peters-Air-2.lan DEBUG [synchrono.server.ws:201] - Processing CLOSE message {:subscription-id "sub:1"}
2024-11-08 18:44:25.962 Peters-Air-2.lan INFO [synchrono.server.core:36] - [:get] / 200 - 1ms
2024-11-08 18:44:25.972 Peters-Air-2.lan INFO [synchrono.server.ws:250] - WebSocket disconnected: manifold.stream.SplicedStream@2cf0b255
2024-11-08 18:44:26.415 Peters-Air-2.lan INFO [synchrono.server.ws:245] - WebSocket connected: manifold.stream.SplicedStream@35a53385
2024-11-08 18:44:26.416 Peters-Air-2.lan INFO [synchrono.server.core:36] - [:get] /ws 404 - 2ms
2024-11-08 18:44:26.417 Peters-Air-2.lan DEBUG [synchrono.server.ws:179] - Processing REQ {:sub-id "sub:1"}
2024-11-08 18:44:26.422 Peters-Air-2.lan DEBUG [synchrono.server.ws:183] - Found 5 events for sub sub:1
2024-11-08 18:44:26.474 Peters-Air-2.lan DEBUG [synchrono.server.ws:201] - Processing CLOSE message {:subscription-id "sub:1"}
2024-11-08 18:44:26.476 Peters-Air-2.lan INFO [synchrono.server.core:36] - [:get] / 200 - 1ms
2024-11-08 18:44:26.481 Peters-Air-2.lan INFO [synchrono.server.ws:250] - WebSocket disconnected: manifold.stream.SplicedStream@35a53385
2024-11-08 18:44:26.960 Peters-Air-2.lan INFO [synchrono.server.ws:245] - WebSocket connected: manifold.stream.SplicedStream@1e20f88a
2024-11-08 18:44:26.961 Peters-Air-2.lan INFO [synchrono.server.core:36] - [:get] /ws 404 - 3ms
2024-11-08 18:44:26.963 Peters-Air-2.lan DEBUG [synchrono.server.ws:179] - Processing REQ {:sub-id "sub:1"}
2024-11-08 18:44:26.966 Peters-Air-2.lan DEBUG [synchrono.server.ws:183] - Found 5 events for sub sub:1
2024-11-08 18:44:27.020 Peters-Air-2.lan DEBUG [synchrono.server.ws:201] - Processing CLOSE message {:subscription-id "sub:1"}
2024-11-08 19:03:24.393 Peters-Air-2.lan INFO [synchrono.server.ws:250] - WebSocket disconnected: manifold.stream.SplicedStream@1e20f88a
2024-11-08 19:23:25.021 Peters-Air-2.lan INFO [synchrono.server.core:36] - [:get] / 200 - 4ms
2024-11-08 19:23:25.594 Peters-Air-2.lan INFO [synchrono.server.ws:245] - WebSocket connected: manifold.stream.SplicedStream@22a376a6
2024-11-08 19:23:25.597 Peters-Air-2.lan DEBUG [synchrono.server.ws:179] - Processing REQ {:sub-id "sub:1"}
2024-11-08 19:23:25.624 Peters-Air-2.lan DEBUG [synchrono.server.ws:183] - Found 5 events for sub sub:1
2024-11-08 19:23:25.651 Peters-Air-2.lan INFO [synchrono.server.core:36] - [:get] /ws 404 - 66ms
2024-11-08 19:23:25.700 Peters-Air-2.lan DEBUG [synchrono.server.ws:201] - Processing CLOSE message {:subscription-id "sub:1"}
2024-11-08 19:24:00.896 Peters-Air-2.lan INFO [synchrono.server.core:36] - [:get] / 200 - 0ms
2024-11-08 19:24:00.901 Peters-Air-2.lan INFO [synchrono.server.ws:250] - WebSocket disconnected: manifold.stream.SplicedStream@22a376a6
2024-11-08 19:24:01.328 Peters-Air-2.lan INFO [synchrono.server.ws:245] - WebSocket connected: manifold.stream.SplicedStream@1514c62a
2024-11-08 19:24:01.329 Peters-Air-2.lan DEBUG [synchrono.server.ws:179] - Processing REQ {:sub-id "sub:1"}
2024-11-08 19:24:01.333 Peters-Air-2.lan DEBUG [synchrono.server.ws:183] - Found 5 events for sub sub:1
2024-11-08 19:24:01.364 Peters-Air-2.lan INFO [synchrono.server.core:36] - [:get] /ws 404 - 40ms
2024-11-08 19:24:01.400 Peters-Air-2.lan DEBUG [synchrono.server.ws:201] - Processing CLOSE message {:subscription-id "sub:1"}
2024-11-08 19:24:03.919 Peters-Air-2.lan INFO [synchrono.server.core:36] - [:get] / 200 - 1ms
2024-11-08 19:24:03.924 Peters-Air-2.lan INFO [synchrono.server.ws:250] - WebSocket disconnected: manifold.stream.SplicedStream@1514c62a
2024-11-08 19:24:04.337 Peters-Air-2.lan INFO [synchrono.server.ws:245] - WebSocket connected: manifold.stream.SplicedStream@14fb6f40
2024-11-08 19:24:04.338 Peters-Air-2.lan INFO [synchrono.server.core:36] - [:get] /ws 404 - 2ms
2024-11-08 19:24:04.339 Peters-Air-2.lan DEBUG [synchrono.server.ws:179] - Processing REQ {:sub-id "sub:1"}
2024-11-08 19:24:04.341 Peters-Air-2.lan DEBUG [synchrono.server.ws:183] - Found 5 events for sub sub:1
2024-11-08 19:24:04.386 Peters-Air-2.lan DEBUG [synchrono.server.ws:201] - Processing CLOSE message {:subscription-id "sub:1"}
2024-11-08 19:24:20.681 Peters-Air-2.lan INFO [synchrono.server.core:36] - [:get] / 200 - 3ms
2024-11-08 19:24:20.700 Peters-Air-2.lan INFO [synchrono.server.ws:250] - WebSocket disconnected: manifold.stream.SplicedStream@14fb6f40
2024-11-08 19:24:21.118 Peters-Air-2.lan INFO [synchrono.server.ws:245] - WebSocket connected: manifold.stream.SplicedStream@76af6381
2024-11-08 19:24:21.119 Peters-Air-2.lan DEBUG [synchrono.server.ws:179] - Processing REQ {:sub-id "sub:1"}
2024-11-08 19:24:21.123 Peters-Air-2.lan DEBUG [synchrono.server.ws:183] - Found 5 events for sub sub:1
2024-11-08 19:24:21.154 Peters-Air-2.lan INFO [synchrono.server.core:36] - [:get] /ws 404 - 44ms
2024-11-08 19:24:21.172 Peters-Air-2.lan DEBUG [synchrono.server.ws:201] - Processing CLOSE message {:subscription-id "sub:1"}
2024-11-08 19:26:29.420 Peters-Air-2.lan INFO [synchrono.server.core:36] - [:get] / 200 - 2ms
2024-11-08 19:26:29.431 Peters-Air-2.lan INFO [synchrono.server.ws:250] - WebSocket disconnected: manifold.stream.SplicedStream@76af6381
2024-11-08 19:26:29.942 Peters-Air-2.lan INFO [synchrono.server.ws:245] - WebSocket connected: manifold.stream.SplicedStream@79a93052
2024-11-08 19:26:29.945 Peters-Air-2.lan DEBUG [synchrono.server.ws:179] - Processing REQ {:sub-id "sub:1"}
2024-11-08 19:26:30.008 Peters-Air-2.lan DEBUG [synchrono.server.ws:183] - Found 5 events for sub sub:1
2024-11-08 19:26:30.038 Peters-Air-2.lan INFO [synchrono.server.core:36] - [:get] /ws 404 - 104ms
2024-11-08 19:26:30.069 Peters-Air-2.lan DEBUG [synchrono.server.ws:201] - Processing CLOSE message {:subscription-id "sub:1"}
2024-11-08 19:27:38.437 Peters-Air-2.lan INFO [synchrono.server.core:36] - [:get] / 200 - 4ms
2024-11-08 19:27:38.464 Peters-Air-2.lan INFO [synchrono.server.ws:250] - WebSocket disconnected: manifold.stream.SplicedStream@79a93052
2024-11-08 19:27:38.939 Peters-Air-2.lan INFO [synchrono.server.ws:245] - WebSocket connected: manifold.stream.SplicedStream@42a03818
2024-11-08 19:27:38.962 Peters-Air-2.lan DEBUG [synchrono.server.ws:179] - Processing REQ {:sub-id "sub:1"}
2024-11-08 19:27:38.988 Peters-Air-2.lan DEBUG [synchrono.server.ws:183] - Found 5 events for sub sub:1
2024-11-08 19:27:38.993 Peters-Air-2.lan INFO [synchrono.server.core:36] - [:get] /ws 404 - 91ms
2024-11-08 19:27:39.029 Peters-Air-2.lan DEBUG [synchrono.server.ws:201] - Processing CLOSE message {:subscription-id "sub:1"}
2024-11-08 19:27:42.040 Peters-Air-2.lan INFO [synchrono.server.core:36] - [:get] / 200 - 1ms
2024-11-08 19:27:42.048 Peters-Air-2.lan INFO [synchrono.server.ws:250] - WebSocket disconnected: manifold.stream.SplicedStream@42a03818
2024-11-08 19:27:42.475 Peters-Air-2.lan INFO [synchrono.server.ws:245] - WebSocket connected: manifold.stream.SplicedStream@22ba69e4
2024-11-08 19:27:42.476 Peters-Air-2.lan INFO [synchrono.server.core:36] - [:get] /ws 404 - 7ms
2024-11-08 19:27:42.478 Peters-Air-2.lan DEBUG [synchrono.server.ws:179] - Processing REQ {:sub-id "sub:1"}
2024-11-08 19:27:42.482 Peters-Air-2.lan DEBUG [synchrono.server.ws:183] - Found 5 events for sub sub:1
2024-11-08 19:27:42.538 Peters-Air-2.lan DEBUG [synchrono.server.ws:201] - Processing CLOSE message {:subscription-id "sub:1"}
2024-11-08 19:27:49.103 Peters-Air-2.lan INFO [synchrono.server.core:36] - [:get] / 200 - 0ms
2024-11-08 19:27:49.112 Peters-Air-2.lan INFO [synchrono.server.ws:250] - WebSocket disconnected: manifold.stream.SplicedStream@22ba69e4
2024-11-08 19:27:49.527 Peters-Air-2.lan INFO [synchrono.server.ws:245] - WebSocket connected: manifold.stream.SplicedStream@6409ac97
2024-11-08 19:27:49.528 Peters-Air-2.lan INFO [synchrono.server.core:36] - [:get] /ws 404 - 3ms
2024-11-08 19:27:49.529 Peters-Air-2.lan DEBUG [synchrono.server.ws:179] - Processing REQ {:sub-id "sub:1"}
2024-11-08 19:27:49.532 Peters-Air-2.lan DEBUG [synchrono.server.ws:183] - Found 5 events for sub sub:1
2024-11-08 19:27:49.576 Peters-Air-2.lan DEBUG [synchrono.server.ws:201] - Processing CLOSE message {:subscription-id "sub:1"}
2024-11-08 19:29:18.763 Peters-Air-2.lan INFO [synchrono.server.core:36] - [:get] / 200 - 10ms
2024-11-08 19:29:18.784 Peters-Air-2.lan INFO [synchrono.server.ws:250] - WebSocket disconnected: manifold.stream.SplicedStream@6409ac97
2024-11-08 19:29:19.331 Peters-Air-2.lan INFO [synchrono.server.ws:245] - WebSocket connected: manifold.stream.SplicedStream@17959b8b
2024-11-08 19:29:19.335 Peters-Air-2.lan INFO [synchrono.server.core:36] - [:get] /ws 404 - 10ms
2024-11-08 19:29:19.381 Peters-Air-2.lan DEBUG [synchrono.server.ws:179] - Processing REQ {:sub-id "sub:1"}
2024-11-08 19:29:19.396 Peters-Air-2.lan DEBUG [synchrono.server.ws:183] - Found 5 events for sub sub:1
2024-11-08 19:29:19.451 Peters-Air-2.lan DEBUG [synchrono.server.ws:201] - Processing CLOSE message {:subscription-id "sub:1"}
2024-11-08 19:29:57.173 Peters-Air-2.lan INFO [synchrono.server.core:36] - [:get] / 200 - 3ms
2024-11-08 19:29:57.184 Peters-Air-2.lan INFO [synchrono.server.ws:250] - WebSocket disconnected: manifold.stream.SplicedStream@17959b8b
2024-11-08 19:29:57.675 Peters-Air-2.lan INFO [synchrono.server.ws:245] - WebSocket connected: manifold.stream.SplicedStream@377b7646
2024-11-08 19:29:57.690 Peters-Air-2.lan DEBUG [synchrono.server.ws:179] - Processing REQ {:sub-id "sub:1"}
2024-11-08 19:29:57.724 Peters-Air-2.lan DEBUG [synchrono.server.ws:183] - Found 5 events for sub sub:1
2024-11-08 19:29:57.751 Peters-Air-2.lan INFO [synchrono.server.core:36] - [:get] /ws 404 - 82ms
2024-11-08 19:29:57.770 Peters-Air-2.lan DEBUG [synchrono.server.ws:201] - Processing CLOSE message {:subscription-id "sub:1"}
2024-11-08 19:30:06.249 Peters-Air-2.lan INFO [synchrono.server.core:36] - [:get] / 200 - 0ms
2024-11-08 19:30:06.254 Peters-Air-2.lan INFO [synchrono.server.ws:250] - WebSocket disconnected: manifold.stream.SplicedStream@377b7646
2024-11-08 19:30:06.730 Peters-Air-2.lan INFO [synchrono.server.ws:245] - WebSocket connected: manifold.stream.SplicedStream@f9808ff
2024-11-08 19:30:06.731 Peters-Air-2.lan INFO [synchrono.server.core:36] - [:get] /ws 404 - 5ms
2024-11-08 19:30:06.731 Peters-Air-2.lan DEBUG [synchrono.server.ws:179] - Processing REQ {:sub-id "sub:1"}
2024-11-08 19:30:06.736 Peters-Air-2.lan DEBUG [synchrono.server.ws:183] - Found 5 events for sub sub:1
2024-11-08 19:30:06.786 Peters-Air-2.lan DEBUG [synchrono.server.ws:201] - Processing CLOSE message {:subscription-id "sub:1"}
2024-11-08 19:30:21.507 Peters-Air-2.lan INFO [synchrono.server.core:36] - [:get] / 200 - 2ms
2024-11-08 19:30:21.517 Peters-Air-2.lan INFO [synchrono.server.ws:250] - WebSocket disconnected: manifold.stream.SplicedStream@f9808ff
2024-11-08 19:30:21.999 Peters-Air-2.lan INFO [synchrono.server.ws:245] - WebSocket connected: manifold.stream.SplicedStream@1d6c2953
2024-11-08 19:30:22.012 Peters-Air-2.lan INFO [synchrono.server.core:36] - [:get] /ws 404 - 32ms
2024-11-08 19:30:22.025 Peters-Air-2.lan DEBUG [synchrono.server.ws:179] - Processing REQ {:sub-id "sub:1"}
2024-11-08 19:30:22.034 Peters-Air-2.lan DEBUG [synchrono.server.ws:183] - Found 5 events for sub sub:1
2024-11-08 19:30:22.093 Peters-Air-2.lan DEBUG [synchrono.server.ws:201] - Processing CLOSE message {:subscription-id "sub:1"}
2024-11-08 19:31:16.634 Peters-Air-2.lan INFO [synchrono.server.core:36] - [:get] / 200 - 3ms
2024-11-08 19:31:16.647 Peters-Air-2.lan INFO [synchrono.server.ws:250] - WebSocket disconnected: manifold.stream.SplicedStream@1d6c2953
2024-11-08 19:31:17.194 Peters-Air-2.lan INFO [synchrono.server.ws:245] - WebSocket connected: manifold.stream.SplicedStream@2e57ad8b
2024-11-08 19:31:17.197 Peters-Air-2.lan INFO [synchrono.server.core:36] - [:get] /ws 404 - 28ms
2024-11-08 19:31:17.201 Peters-Air-2.lan DEBUG [synchrono.server.ws:179] - Processing REQ {:sub-id "sub:1"}
2024-11-08 19:31:17.222 Peters-Air-2.lan DEBUG [synchrono.server.ws:183] - Found 5 events for sub sub:1
2024-11-08 19:31:17.300 Peters-Air-2.lan DEBUG [synchrono.server.ws:201] - Processing CLOSE message {:subscription-id "sub:1"}
2024-11-08 19:31:47.596 Peters-Air-2.lan INFO [synchrono.server.core:36] - [:get] / 200 - 2ms
2024-11-08 19:31:47.606 Peters-Air-2.lan INFO [synchrono.server.ws:250] - WebSocket disconnected: manifold.stream.SplicedStream@2e57ad8b
2024-11-08 19:31:48.125 Peters-Air-2.lan INFO [synchrono.server.ws:245] - WebSocket connected: manifold.stream.SplicedStream@7d56618e
2024-11-08 19:31:48.131 Peters-Air-2.lan DEBUG [synchrono.server.ws:179] - Processing REQ {:sub-id "sub:1"}
2024-11-08 19:31:48.139 Peters-Air-2.lan DEBUG [synchrono.server.ws:183] - Found 5 events for sub sub:1
2024-11-08 19:31:48.206 Peters-Air-2.lan INFO [synchrono.server.core:36] - [:get] /ws 404 - 94ms
2024-11-08 19:31:48.234 Peters-Air-2.lan DEBUG [synchrono.server.ws:201] - Processing CLOSE message {:subscription-id "sub:1"}
2024-11-08 19:32:52.987 Peters-Air-2.lan INFO [synchrono.server.core:36] - [:get] / 200 - 4ms
2024-11-08 19:32:53.001 Peters-Air-2.lan INFO [synchrono.server.ws:250] - WebSocket disconnected: manifold.stream.SplicedStream@7d56618e
2024-11-08 19:32:53.443 Peters-Air-2.lan INFO [synchrono.server.ws:245] - WebSocket connected: manifold.stream.SplicedStream@2e2b9cdc
2024-11-08 19:32:53.446 Peters-Air-2.lan INFO [synchrono.server.core:36] - [:get] /ws 404 - 8ms
2024-11-08 19:32:53.448 Peters-Air-2.lan DEBUG [synchrono.server.ws:179] - Processing REQ {:sub-id "sub:1"}
2024-11-08 19:32:53.459 Peters-Air-2.lan DEBUG [synchrono.server.ws:183] - Found 5 events for sub sub:1
2024-11-08 19:32:53.514 Peters-Air-2.lan DEBUG [synchrono.server.ws:201] - Processing CLOSE message {:subscription-id "sub:1"}
2024-11-08 19:35:00.117 Peters-Air-2.lan INFO [synchrono.server.core:36] - [:get] / 200 - 2ms
2024-11-08 19:35:00.185 Peters-Air-2.lan INFO [synchrono.server.ws:250] - WebSocket disconnected: manifold.stream.SplicedStream@2e2b9cdc
2024-11-08 19:35:00.646 Peters-Air-2.lan INFO [synchrono.server.ws:245] - WebSocket connected: manifold.stream.SplicedStream@2fe69c0a
2024-11-08 19:35:00.662 Peters-Air-2.lan DEBUG [synchrono.server.ws:179] - Processing REQ {:sub-id "sub:1"}
2024-11-08 19:35:00.673 Peters-Air-2.lan DEBUG [synchrono.server.ws:183] - Found 5 events for sub sub:1
2024-11-08 19:35:00.755 Peters-Air-2.lan INFO [synchrono.server.core:36] - [:get] /ws 404 - 119ms
2024-11-08 19:35:00.776 Peters-Air-2.lan DEBUG [synchrono.server.ws:201] - Processing CLOSE message {:subscription-id "sub:1"}
2024-11-08 19:35:30.846 Peters-Air-2.lan INFO [synchrono.server.core:36] - [:get] / 200 - 6ms
2024-11-08 19:35:30.867 Peters-Air-2.lan INFO [synchrono.server.ws:250] - WebSocket disconnected: manifold.stream.SplicedStream@2fe69c0a
2024-11-08 19:35:31.370 Peters-Air-2.lan INFO [synchrono.server.ws:245] - WebSocket connected: manifold.stream.SplicedStream@561ad9d4
2024-11-08 19:35:31.374 Peters-Air-2.lan INFO [synchrono.server.core:36] - [:get] /ws 404 - 19ms
2024-11-08 19:35:31.377 Peters-Air-2.lan DEBUG [synchrono.server.ws:179] - Processing REQ {:sub-id "sub:1"}
2024-11-08 19:35:31.411 Peters-Air-2.lan DEBUG [synchrono.server.ws:183] - Found 5 events for sub sub:1
2024-11-08 19:35:31.474 Peters-Air-2.lan DEBUG [synchrono.server.ws:201] - Processing CLOSE message {:subscription-id "sub:1"}
2024-11-08 19:36:30.632 Peters-Air-2.lan INFO [synchrono.server.core:36] - [:get] / 200 - 3ms
2024-11-08 19:36:30.645 Peters-Air-2.lan INFO [synchrono.server.ws:250] - WebSocket disconnected: manifold.stream.SplicedStream@561ad9d4
2024-11-08 19:36:31.183 Peters-Air-2.lan INFO [synchrono.server.ws:245] - WebSocket connected: manifold.stream.SplicedStream@7a89957f
2024-11-08 19:36:31.184 Peters-Air-2.lan INFO [synchrono.server.core:36] - [:get] /ws 404 - 21ms
2024-11-08 19:36:31.187 Peters-Air-2.lan DEBUG [synchrono.server.ws:179] - Processing REQ {:sub-id "sub:1"}
2024-11-08 19:36:31.206 Peters-Air-2.lan DEBUG [synchrono.server.ws:183] - Found 5 events for sub sub:1
2024-11-08 19:36:31.269 Peters-Air-2.lan DEBUG [synchrono.server.ws:201] - Processing CLOSE message {:subscription-id "sub:1"}
2024-11-08 19:36:38.906 Peters-Air-2.lan INFO [synchrono.server.core:36] - [:get] / 200 - 1ms
2024-11-08 19:36:38.912 Peters-Air-2.lan INFO [synchrono.server.ws:250] - WebSocket disconnected: manifold.stream.SplicedStream@7a89957f
2024-11-08 19:36:39.354 Peters-Air-2.lan INFO [synchrono.server.ws:245] - WebSocket connected: manifold.stream.SplicedStream@558af7b1
2024-11-08 19:36:39.355 Peters-Air-2.lan INFO [synchrono.server.core:36] - [:get] /ws 404 - 2ms
2024-11-08 19:36:39.356 Peters-Air-2.lan DEBUG [synchrono.server.ws:179] - Processing REQ {:sub-id "sub:1"}
2024-11-08 19:36:39.359 Peters-Air-2.lan DEBUG [synchrono.server.ws:183] - Found 5 events for sub sub:1
2024-11-08 19:36:39.406 Peters-Air-2.lan DEBUG [synchrono.server.ws:201] - Processing CLOSE message {:subscription-id "sub:1"}
2024-11-08 19:37:08.288 Peters-Air-2.lan INFO [synchrono.server.core:36] - [:get] / 200 - 6ms
2024-11-08 19:37:08.307 Peters-Air-2.lan INFO [synchrono.server.ws:250] - WebSocket disconnected: manifold.stream.SplicedStream@558af7b1
2024-11-08 19:37:08.860 Peters-Air-2.lan INFO [synchrono.server.ws:245] - WebSocket connected: manifold.stream.SplicedStream@5e78135f
2024-11-08 19:37:08.863 Peters-Air-2.lan DEBUG [synchrono.server.ws:179] - Processing REQ {:sub-id "sub:1"}
2024-11-08 19:37:08.874 Peters-Air-2.lan DEBUG [synchrono.server.ws:183] - Found 5 events for sub sub:1
2024-11-08 19:37:08.916 Peters-Air-2.lan INFO [synchrono.server.core:36] - [:get] /ws 404 - 96ms
2024-11-08 19:37:08.926 Peters-Air-2.lan DEBUG [synchrono.server.ws:201] - Processing CLOSE message {:subscription-id "sub:1"}
2024-11-08 19:37:57.209 Peters-Air-2.lan INFO [synchrono.server.core:36] - [:get] / 200 - 3ms
2024-11-08 19:37:57.222 Peters-Air-2.lan INFO [synchrono.server.ws:250] - WebSocket disconnected: manifold.stream.SplicedStream@5e78135f
2024-11-08 19:37:57.740 Peters-Air-2.lan INFO [synchrono.server.ws:245] - WebSocket connected: manifold.stream.SplicedStream@31955e7d
2024-11-08 19:37:57.744 Peters-Air-2.lan INFO [synchrono.server.core:36] - [:get] /ws 404 - 19ms
2024-11-08 19:37:57.746 Peters-Air-2.lan DEBUG [synchrono.server.ws:179] - Processing REQ {:sub-id "sub:1"}
2024-11-08 19:37:57.774 Peters-Air-2.lan DEBUG [synchrono.server.ws:183] - Found 5 events for sub sub:1
2024-11-08 19:37:57.834 Peters-Air-2.lan DEBUG [synchrono.server.ws:201] - Processing CLOSE message {:subscription-id "sub:1"}
2024-11-08 19:39:36.280 Peters-Air-2.lan INFO [synchrono.server.core:36] - [:get] / 200 - 2ms
2024-11-08 19:39:36.307 Peters-Air-2.lan INFO [synchrono.server.ws:250] - WebSocket disconnected: manifold.stream.SplicedStream@31955e7d
2024-11-08 19:39:36.820 Peters-Air-2.lan INFO [synchrono.server.ws:245] - WebSocket connected: manifold.stream.SplicedStream@2ff88517
2024-11-08 19:39:36.824 Peters-Air-2.lan INFO [synchrono.server.core:36] - [:get] /ws 404 - 41ms
2024-11-08 19:39:36.824 Peters-Air-2.lan DEBUG [synchrono.server.ws:179] - Processing REQ {:sub-id "sub:1"}
2024-11-08 19:39:36.882 Peters-Air-2.lan DEBUG [synchrono.server.ws:183] - Found 5 events for sub sub:1
2024-11-08 19:39:36.950 Peters-Air-2.lan DEBUG [synchrono.server.ws:201] - Processing CLOSE message {:subscription-id "sub:1"}
2024-11-08 19:39:42.357 Peters-Air-2.lan INFO [synchrono.server.core:36] - [:get] / 200 - 0ms
2024-11-08 19:39:42.398 Peters-Air-2.lan INFO [synchrono.server.ws:250] - WebSocket disconnected: manifold.stream.SplicedStream@2ff88517
2024-11-08 19:39:42.874 Peters-Air-2.lan INFO [synchrono.server.ws:245] - WebSocket connected: manifold.stream.SplicedStream@4147a13b
2024-11-08 19:39:42.875 Peters-Air-2.lan DEBUG [synchrono.server.ws:179] - Processing REQ {:sub-id "sub:1"}
2024-11-08 19:39:42.880 Peters-Air-2.lan DEBUG [synchrono.server.ws:183] - Found 5 events for sub sub:1
2024-11-08 19:39:42.893 Peters-Air-2.lan INFO [synchrono.server.core:36] - [:get] /ws 404 - 26ms
2024-11-08 19:39:42.933 Peters-Air-2.lan DEBUG [synchrono.server.ws:201] - Processing CLOSE message {:subscription-id "sub:1"}
2024-11-08 19:40:41.623 Peters-Air-2.lan INFO [synchrono.server.core:36] - [:get] / 200 - 2ms
2024-11-08 19:40:41.638 Peters-Air-2.lan INFO [synchrono.server.ws:250] - WebSocket disconnected: manifold.stream.SplicedStream@4147a13b
2024-11-08 19:40:42.160 Peters-Air-2.lan INFO [synchrono.server.ws:245] - WebSocket connected: manifold.stream.SplicedStream@57f895ca
2024-11-08 19:40:42.163 Peters-Air-2.lan DEBUG [synchrono.server.ws:179] - Processing REQ {:sub-id "sub:1"}
2024-11-08 19:40:42.194 Peters-Air-2.lan DEBUG [synchrono.server.ws:183] - Found 5 events for sub sub:1
2024-11-08 19:40:42.198 Peters-Air-2.lan INFO [synchrono.server.core:36] - [:get] /ws 404 - 42ms
2024-11-08 19:40:42.247 Peters-Air-2.lan DEBUG [synchrono.server.ws:201] - Processing CLOSE message {:subscription-id "sub:1"}
2024-11-08 19:42:00.844 Peters-Air-2.lan INFO [synchrono.server.core:36] - [:get] / 200 - 3ms
2024-11-08 19:42:00.857 Peters-Air-2.lan INFO [synchrono.server.ws:250] - WebSocket disconnected: manifold.stream.SplicedStream@57f895ca
2024-11-08 19:42:01.358 Peters-Air-2.lan INFO [synchrono.server.ws:245] - WebSocket connected: manifold.stream.SplicedStream@1305514c
2024-11-08 19:42:01.367 Peters-Air-2.lan DEBUG [synchrono.server.ws:179] - Processing REQ {:sub-id "sub:1"}
2024-11-08 19:42:01.381 Peters-Air-2.lan DEBUG [synchrono.server.ws:183] - Found 5 events for sub sub:1
2024-11-08 19:42:01.399 Peters-Air-2.lan INFO [synchrono.server.core:36] - [:get] /ws 404 - 71ms
2024-11-08 19:42:01.444 Peters-Air-2.lan DEBUG [synchrono.server.ws:201] - Processing CLOSE message {:subscription-id "sub:1"}
2024-11-08 19:48:22.309 Peters-Air-2.lan INFO [synchrono.server.ws:250] - WebSocket disconnected: manifold.stream.SplicedStream@1305514c
2024-11-08 21:41:07.569 Peters-Air-2.lan INFO [synchrono.server.core:36] - [:get] / 200 - 3ms
2024-11-08 21:41:08.158 Peters-Air-2.lan INFO [synchrono.server.ws:245] - WebSocket connected: manifold.stream.SplicedStream@7d6bd178
2024-11-08 21:41:08.176 Peters-Air-2.lan DEBUG [synchrono.server.ws:179] - Processing REQ {:sub-id "sub:1"}
2024-11-08 21:41:08.214 Peters-Air-2.lan DEBUG [synchrono.server.ws:183] - Found 5 events for sub sub:1
2024-11-08 21:41:08.223 Peters-Air-2.lan INFO [synchrono.server.core:36] - [:get] /ws 404 - 91ms
2024-11-08 21:41:08.280 Peters-Air-2.lan DEBUG [synchrono.server.ws:201] - Processing CLOSE message {:subscription-id "sub:1"}
2024-11-08 21:43:26.333 Peters-Air-2.lan INFO [synchrono.server.core:72] - Initializing database
2024-11-08 21:43:26.598 Peters-Air-2.lan INFO [synchrono.server.core:56] - Starting server on port 3000 in environment nil
2024-11-08 21:43:26.648 Peters-Air-2.lan INFO [synchrono.server.core:58] - Server started successfully - ready to accept connections
2024-11-08 21:43:59.266 Peters-Air-2.lan INFO [synchrono.server.core:72] - Initializing database
2024-11-08 21:43:59.528 Peters-Air-2.lan INFO [synchrono.server.core:56] - Starting server on port 3000
2024-11-08 21:43:59.577 Peters-Air-2.lan INFO [synchrono.server.core:58] - Server started successfully - ready to accept connections
2024-11-08 21:44:08.342 Peters-Air-2.lan INFO [synchrono.server.core:36] - [:get] / 200 - 10ms
2024-11-08 21:44:08.930 Peters-Air-2.lan INFO [synchrono.server.ws:245] - WebSocket connected: manifold.stream.SplicedStream@42885257
2024-11-08 21:44:08.936 Peters-Air-2.lan INFO [synchrono.server.core:36] - [:get] /ws 404 - 49ms
2024-11-08 21:44:08.963 Peters-Air-2.lan DEBUG [synchrono.server.ws:179] - Processing REQ {:sub-id "sub:1"}
2024-11-08 21:44:08.979 Peters-Air-2.lan DEBUG [synchrono.server.ws:183] - Found 5 events for sub sub:1
2024-11-08 21:44:09.053 Peters-Air-2.lan DEBUG [synchrono.server.ws:201] - Processing CLOSE message {:subscription-id "sub:1"}
2024-11-08 21:44:57.343 Peters-Air-2.lan INFO [synchrono.server.core:36] - [:get] / 200 - 4ms
2024-11-08 21:44:57.395 Peters-Air-2.lan INFO [synchrono.server.ws:250] - WebSocket disconnected: manifold.stream.SplicedStream@42885257
2024-11-08 21:44:57.841 Peters-Air-2.lan INFO [synchrono.server.ws:245] - WebSocket connected: manifold.stream.SplicedStream@e1e37ac
2024-11-08 21:44:57.850 Peters-Air-2.lan INFO [synchrono.server.core:36] - [:get] /ws 404 - 18ms
2024-11-08 21:44:57.849 Peters-Air-2.lan DEBUG [synchrono.server.ws:179] - Processing REQ {:sub-id "sub:1"}
2024-11-08 21:44:57.876 Peters-Air-2.lan DEBUG [synchrono.server.ws:183] - Found 5 events for sub sub:1
2024-11-08 21:44:57.932 Peters-Air-2.lan DEBUG [synchrono.server.ws:201] - Processing CLOSE message {:subscription-id "sub:1"}
2024-11-08 22:34:54.626 Peters-Air-2.lan INFO [synchrono.server.ws:250] - WebSocket disconnected: manifold.stream.SplicedStream@e1e37ac
2024-11-09 08:00:58.455 Peters-Air-2.lan INFO [synchrono.server.core:80] - Initializing database
2024-11-09 08:00:58.466 Peters-Air-2.lan INFO [synchrono.server.core:62] - Starting server on port 3000
2024-11-09 08:00:58.499 Peters-Air-2.lan INFO [synchrono.server.core:64] - Server started successfully - ready to accept connections
2024-11-09 08:01:03.943 Peters-Air-2.lan INFO [synchrono.server.core:40] - [:get] / 200 - 9ms
2024-11-09 08:01:04.596 Peters-Air-2.lan INFO [synchrono.server.core:40] - [:get] /ws 404 - 1ms
2024-11-09 08:04:57.631 Peters-Air-2.lan INFO [synchrono.server.core:40] - [:get] / 200 - 12ms
2024-11-09 08:04:58.207 Peters-Air-2.lan INFO [synchrono.server.core:40] - [:get] /ws 404 - 2ms
2024-11-09 08:05:06.753 Peters-Air-2.lan INFO [synchrono.server.core:40] - [:get] / 200 - 1ms
2024-11-09 08:05:07.245 Peters-Air-2.lan INFO [synchrono.server.core:40] - [:get] /ws 404 - 1ms
2024-11-09 08:52:21.442 Peters-Air-2.lan INFO [synchrono.server.core:80] - Initializing database
2024-11-09 08:52:21.453 Peters-Air-2.lan INFO [synchrono.server.core:62] - Starting server on port 3000
2024-11-09 08:52:21.512 Peters-Air-2.lan INFO [synchrono.server.core:64] - Server started successfully - ready to accept connections
2024-11-09 08:54:40.776 Peters-Air-2.lan INFO [synchrono.server.core:40] - [:get] / 200 - 9ms
2024-11-09 08:54:41.106 Peters-Air-2.lan INFO [synchrono.server.core:40] - [:get] /ws 404 - 1ms
2024-11-09 08:57:08.387 Peters-Air-2.lan INFO [synchrono.server.core:40] - [:get] / 200 - 1ms
2024-11-09 08:57:08.680 Peters-Air-2.lan INFO [synchrono.server.core:40] - [:get] /ws 404 - 0ms
2024-11-09 08:57:51.555 Peters-Air-2.lan INFO [synchrono.server.core:40] - [:get] / 200 - 1ms
2024-11-09 08:57:51.736 Peters-Air-2.lan INFO [synchrono.server.core:40] - [:get] /ws 404 - 0ms
2024-11-09 08:58:06.986 Peters-Air-2.lan INFO [synchrono.server.core:40] - [:get] / 200 - 1ms
2024-11-09 08:58:07.164 Peters-Air-2.lan INFO [synchrono.server.core:40] - [:get] /ws 404 - 0ms
2024-11-09 08:58:38.837 Peters-Air-2.lan INFO [synchrono.server.core:40] - [:get] / 200 - 1ms
2024-11-09 08:58:38.997 Peters-Air-2.lan INFO [synchrono.server.core:40] - [:get] /ws 404 - 1ms
2024-11-09 08:58:58.304 Peters-Air-2.lan INFO [synchrono.server.core:40] - [:get] / 200 - 1ms
2024-11-09 08:58:58.481 Peters-Air-2.lan INFO [synchrono.server.core:40] - [:get] /ws 404 - 5ms
2024-11-09 09:01:45.769 Peters-Air-2.lan INFO [synchrono.server.core:40] - [:get] / 200 - 1ms
2024-11-09 09:01:45.914 Peters-Air-2.lan INFO [synchrono.server.core:40] - [:get] /ws 404 - 0ms
2024-11-09 09:05:29.429 Peters-Air-2.lan INFO [synchrono.server.core:40] - [:get] / 200 - 1ms
2024-11-09 09:05:29.591 Peters-Air-2.lan INFO [synchrono.server.core:40] - [:get] /ws 404 - 0ms
2024-11-09 09:06:08.155 Peters-Air-2.lan INFO [synchrono.server.core:40] - [:get] / 200 - 1ms
2024-11-09 09:06:08.307 Peters-Air-2.lan INFO [synchrono.server.core:40] - [:get] /ws 404 - 1ms
2024-11-09 09:09:35.687 Peters-Air-2.lan INFO [synchrono.server.core:40] - [:get] / 200 - 1ms
2024-11-09 09:09:35.840 Peters-Air-2.lan INFO [synchrono.server.core:40] - [:get] /ws 404 - 0ms
2024-11-09 09:10:34.622 Peters-Air-2.lan INFO [synchrono.server.core:40] - [:get] / 200 - 1ms
2024-11-09 09:10:34.776 Peters-Air-2.lan INFO [synchrono.server.core:40] - [:get] /ws 404 - 1ms
2024-11-09 09:11:27.304 Peters-Air-2.lan INFO [synchrono.server.core:40] - [:get] / 200 - 1ms
2024-11-09 09:11:27.467 Peters-Air-2.lan INFO [synchrono.server.core:40] - [:get] /ws 404 - 2ms
2024-11-09 09:12:35.487 Peters-Air-2.lan INFO [synchrono.server.core:40] - [:get] / 200 - 1ms
2024-11-09 09:12:35.648 Peters-Air-2.lan INFO [synchrono.server.core:40] - [:get] /ws 404 - 2ms
2024-11-09 09:12:47.638 Peters-Air-2.lan INFO [synchrono.server.core:40] - [:get] / 200 - 1ms
2024-11-09 09:12:47.801 Peters-Air-2.lan INFO [synchrono.server.core:40] - [:get] /ws 404 - 1ms
2024-11-09 09:13:54.557 Peters-Air-2.lan INFO [synchrono.server.core:40] - [:get] / 200 - 1ms
2024-11-09 09:13:54.710 Peters-Air-2.lan INFO [synchrono.server.core:40] - [:get] /ws 404 - 1ms
2024-11-09 09:17:01.207 Peters-Air-2.lan INFO [synchrono.server.core:80] - Initializing database
2024-11-09 09:17:01.219 Peters-Air-2.lan INFO [synchrono.server.core:62] - Starting server on port 3000
2024-11-09 09:17:01.250 Peters-Air-2.lan INFO [synchrono.server.core:64] - Server started successfully - ready to accept connections
2024-11-09 09:17:02.700 Peters-Air-2.lan INFO [synchrono.server.core:40] - [:get] / 200 - 8ms
2024-11-09 09:17:02.981 Peters-Air-2.lan INFO [synchrono.server.core:40] - [:get] /ws 404 - 0ms
2024-11-09 09:19:01.619 Peters-Air-2.lan INFO [synchrono.server.core:40] - [:get] / 200 - 0ms
2024-11-09 09:19:02.107 Peters-Air-2.lan INFO [synchrono.server.core:40] - [:get] /ws 404 - 2ms
2024-11-09 09:19:24.789 Peters-Air-2.lan INFO [synchrono.server.core:40] - [:get] / 200 - 0ms
2024-11-09 09:19:25.271 Peters-Air-2.lan INFO [synchrono.server.core:40] - [:get] /ws 404 - 1ms
2024-11-09 09:20:34.521 Peters-Air-2.lan INFO [synchrono.server.core:40] - [:get] / 200 - 1ms
2024-11-09 09:20:35.018 Peters-Air-2.lan INFO [synchrono.server.core:40] - [:get] /ws 404 - 0ms
2024-11-09 09:21:35.671 Peters-Air-2.lan INFO [synchrono.server.core:40] - [:get] / 200 - 1ms
2024-11-09 09:21:36.138 Peters-Air-2.lan INFO [synchrono.server.core:40] - [:get] /ws 404 - 1ms
2024-11-09 09:21:47.568 Peters-Air-2.lan INFO [synchrono.server.core:40] - [:get] / 200 - 0ms
2024-11-09 09:21:48.049 Peters-Air-2.lan INFO [synchrono.server.core:40] - [:get] /ws 404 - 0ms
2024-11-09 19:23:42.490 Peters-Air-2.lan INFO [synchrono.server.core:40] - [:get] / 200 - 1ms
2024-11-09 19:23:42.961 Peters-Air-2.lan INFO [synchrono.server.core:40] - [:get] /ws 404 - 1ms
2024-11-09 19:47:10.193 Peters-Air-2.lan INFO [synchrono.server.core:40] - [:get] / 200 - 3ms
2024-11-09 19:47:10.697 Peters-Air-2.lan INFO [synchrono.server.core:40] - [:get] /ws 404 - 2ms
2024-11-09 19:47:26.967 Peters-Air-2.lan INFO [synchrono.server.core:40] - [:get] / 200 - 1ms
2024-11-09 19:49:34.650 Peters-Air-2.lan INFO [synchrono.server.core:40] - [:get] / 200 - 1ms
2024-11-09 19:49:44.863 Peters-Air-2.lan INFO [synchrono.server.core:40] - [:get] / 200 - 1ms
2024-11-09 19:53:14.115 Peters-Air-2.lan INFO [synchrono.server.core:40] - [:get] / 200 - 1ms
2024-11-09 19:55:09.040 Peters-Air-2.lan INFO [synchrono.server.core:40] - [:get] / 200 - 1ms
2024-11-09 19:55:09.540 Peters-Air-2.lan INFO [synchrono.server.core:40] - [:get] / 200 - 1ms
2024-11-09 19:57:57.653 Peters-Air-2.lan INFO [synchrono.server.core:40] - [:get] / 200 - 0ms
2024-11-09 19:57:58.141 Peters-Air-2.lan INFO [synchrono.server.core:40] - [:get] / 200 - 1ms
2024-11-09 19:58:16.738 Peters-Air-2.lan INFO [synchrono.server.core:106] - Initializing database
2024-11-09 19:58:16.760 Peters-Air-2.lan INFO [synchrono.server.core:88] - Starting server on port 3000
2024-11-09 19:58:16.798 Peters-Air-2.lan INFO [synchrono.server.core:90] - Server started successfully - ready to accept connections
2024-11-09 19:58:20.870 Peters-Air-2.lan INFO [synchrono.server.core:66] - [:get] / 302 - 2ms
2024-11-09 19:58:20.886 Peters-Air-2.lan INFO [synchrono.server.core:66] - [:get] /app 200 - 8ms
2024-11-09 19:58:21.372 Peters-Air-2.lan INFO [synchrono.server.core:66] - [:get] / 200 - 6ms
2024-11-09 20:00:43.134 Peters-Air-2.lan INFO [synchrono.server.core:66] - [:get] /app 200 - 2ms
2024-11-09 20:00:43.630 Peters-Air-2.lan INFO [synchrono.server.core:66] - [:get] / 200 - 2ms
2024-11-09 20:01:00.930 Peters-Air-2.lan INFO [synchrono.server.core:98] - Initializing database
2024-11-09 20:01:00.949 Peters-Air-2.lan INFO [synchrono.server.core:80] - Starting server on port 3000
2024-11-09 20:01:01.033 Peters-Air-2.lan INFO [synchrono.server.core:82] - Server started successfully - ready to accept connections
2024-11-09 20:01:06.311 Peters-Air-2.lan INFO [synchrono.server.core:58] - [:get] /app 404 - 2ms
2024-11-09 20:01:12.612 Peters-Air-2.lan INFO [synchrono.server.core:58] - [:get] / 200 - 2ms
2024-11-09 20:01:13.107 Peters-Air-2.lan INFO [synchrono.server.core:58] - [:get] / 200 - 7ms
2024-11-09 20:02:32.366 Peters-Air-2.lan INFO [synchrono.server.core:58] - [:get] / 200 - 0ms
2024-11-09 20:02:32.862 Peters-Air-2.lan INFO [synchrono.server.core:58] - [:get] / 200 - 1ms
2024-11-09 20:02:34.145 Peters-Air-2.lan INFO [synchrono.server.core:58] - [:get] / 200 - 0ms
2024-11-09 20:02:34.578 Peters-Air-2.lan INFO [synchrono.server.core:58] - [:get] / 200 - 0ms
2024-11-09 20:02:35.504 Peters-Air-2.lan INFO [synchrono.server.core:58] - [:get] / 200 - 1ms
2024-11-09 20:02:35.957 Peters-Air-2.lan INFO [synchrono.server.core:58] - [:get] / 200 - 1ms
2024-11-09 20:03:09.724 Peters-Air-2.lan INFO [synchrono.server.core:58] - [:get] / 200 - 1ms
2024-11-09 20:03:10.188 Peters-Air-2.lan INFO [synchrono.server.core:58] - [:get] / 200 - 1ms
2024-11-09 20:04:15.753 Peters-Air-2.lan INFO [synchrono.server.core:58] - [:get] / 200 - 1ms
2024-11-09 20:04:16.205 Peters-Air-2.lan INFO [synchrono.server.core:58] - [:get] / 200 - 1ms
2024-11-09 20:04:37.264 Peters-Air-2.lan INFO [synchrono.server.core:58] - [:get] / 200 - 1ms
2024-11-09 20:04:37.726 Peters-Air-2.lan INFO [synchrono.server.core:58] - [:get] / 200 - 0ms
2024-11-09 20:05:13.652 Peters-Air-2.lan INFO [synchrono.server.core:58] - [:get] / 200 - 1ms
2024-11-09 20:05:14.116 Peters-Air-2.lan INFO [synchrono.server.core:58] - [:get] / 200 - 0ms
2024-11-09 20:05:48.181 Peters-Air-2.lan INFO [synchrono.server.core:58] - [:get] / 200 - 0ms
2024-11-09 20:05:48.643 Peters-Air-2.lan INFO [synchrono.server.core:58] - [:get] / 200 - 1ms
2024-11-09 20:06:24.554 Peters-Air-2.lan INFO [synchrono.server.core:58] - [:get] / 200 - 2ms
2024-11-09 20:06:49.301 Peters-Air-2.lan INFO [synchrono.server.core:58] - [:get] / 200 - 1ms
2024-11-09 20:07:03.353 Peters-Air-2.lan INFO [synchrono.server.core:58] - [:get] / 200 - 1ms
2024-11-09 20:07:04.874 Peters-Air-2.lan INFO [synchrono.server.core:58] - [:get] / 200 - 0ms
2024-11-09 20:07:19.258 Peters-Air-2.lan INFO [synchrono.server.core:58] - [:get] / 200 - 0ms
2024-11-09 20:07:47.155 Peters-Air-2.lan INFO [synchrono.server.core:58] - [:get] / 200 - 1ms
2024-11-09 20:07:47.616 Peters-Air-2.lan INFO [synchrono.server.core:58] - [:get] / 200 - 0ms
2024-11-09 20:07:51.562 Peters-Air-2.lan INFO [synchrono.server.core:58] - [:get] / 200 - 1ms
2024-11-09 20:07:51.982 Peters-Air-2.lan INFO [synchrono.server.core:58] - [:get] / 200 - 0ms
2024-11-09 20:08:47.382 Peters-Air-2.lan INFO [synchrono.server.core:58] - [:get] / 200 - 1ms
2024-11-09 20:08:47.874 Peters-Air-2.lan INFO [synchrono.server.core:58] - [:get] / 200 - 1ms
2024-11-09 20:09:21.480 Peters-Air-2.lan INFO [synchrono.server.core:58] - [:get] / 200 - 1ms
2024-11-09 20:09:21.950 Peters-Air-2.lan INFO [synchrono.server.core:58] - [:get] / 200 - 1ms
2024-11-09 20:10:15.128 Peters-Air-2.lan INFO [synchrono.server.core:58] - [:get] / 200 - 1ms
2024-11-09 20:10:15.629 Peters-Air-2.lan INFO [synchrono.server.core:58] - [:get] / 200 - 1ms
2024-11-09 20:11:11.947 Peters-Air-2.lan INFO [synchrono.server.core:58] - [:get] / 200 - 0ms
2024-11-09 20:11:12.449 Peters-Air-2.lan INFO [synchrono.server.core:58] - [:get] / 200 - 2ms
2024-11-09 20:11:55.343 Peters-Air-2.lan INFO [synchrono.server.core:58] - [:get] / 200 - 1ms
2024-11-09 20:11:55.833 Peters-Air-2.lan INFO [synchrono.server.core:58] - [:get] / 200 - 1ms
2024-11-09 20:12:17.555 Peters-Air-2.lan INFO [synchrono.server.core:58] - [:get] / 200 - 1ms
2024-11-09 20:12:18.039 Peters-Air-2.lan INFO [synchrono.server.core:58] - [:get] / 200 - 0ms
2024-11-09 20:12:37.898 Peters-Air-2.lan INFO [synchrono.server.core:58] - [:get] / 200 - 0ms
2024-11-09 20:13:33.773 Peters-Air-2.lan INFO [synchrono.server.core:58] - [:get] / 200 - 0ms
2024-11-09 20:13:43.850 Peters-Air-2.lan INFO [synchrono.server.core:58] - [:get] / 200 - 1ms
2024-11-09 20:13:44.334 Peters-Air-2.lan INFO [synchrono.server.core:58] - [:get] / 200 - 4ms
2024-11-09 20:13:58.260 Peters-Air-2.lan INFO [synchrono.server.core:58] - [:get] / 200 - 0ms
2024-11-09 20:14:47.014 Peters-Air-2.lan INFO [synchrono.server.core:58] - [:get] / 200 - 1ms
2024-11-09 20:14:47.516 Peters-Air-2.lan INFO [synchrono.server.core:58] - [:get] / 200 - 2ms
2024-11-09 20:16:06.573 Peters-Air-2.lan INFO [synchrono.server.core:58] - [:get] / 200 - 1ms
2024-11-09 20:16:07.051 Peters-Air-2.lan INFO [synchrono.server.core:58] - [:get] / 200 - 0ms
2024-11-09 20:17:10.656 Peters-Air-2.lan INFO [synchrono.server.core:58] - [:get] / 200 - 0ms
2024-11-09 20:17:11.144 Peters-Air-2.lan INFO [synchrono.server.core:58] - [:get] / 200 - 4ms
2024-11-09 21:29:13.865 Peters-Air-2.lan INFO [synchrono.server.core:58] - [:get] / 200 - 8ms
2024-11-09 21:29:14.384 Peters-Air-2.lan INFO [synchrono.server.core:58] - [:get] / 200 - 1ms
2024-11-09 21:29:32.536 Peters-Air-2.lan INFO [synchrono.server.core:95] - Initializing database
2024-11-09 21:29:32.558 Peters-Air-2.lan INFO [synchrono.server.core:77] - Starting server on port 3000
2024-11-09 21:29:32.596 Peters-Air-2.lan INFO [synchrono.server.core:79] - Server started successfully - ready to accept connections
2024-11-09 21:29:35.461 Peters-Air-2.lan INFO [synchrono.server.core:55] - [:get] / 200 - 10ms
2024-11-09 21:29:35.968 Peters-Air-2.lan INFO [synchrono.server.core:55] - [:get] / 200 - 16ms
2024-11-09 21:32:55.845 Peters-Air-2.lan INFO [synchrono.server.core:55] - [:get] / 200 - 2ms
2024-11-09 21:32:56.337 Peters-Air-2.lan INFO [synchrono.server.core:55] - [:get] / 200 - 0ms
2024-11-09 21:34:17.200 Peters-Air-2.lan INFO [synchrono.server.core:55] - [:get] / 200 - 1ms
2024-11-09 21:34:17.727 Peters-Air-2.lan INFO [synchrono.server.core:55] - [:get] / 200 - 0ms
2024-11-09 21:43:03.555 Peters-Air-2.lan INFO [synchrono.server.core:55] - [:get] / 200 - 2ms
2024-11-09 21:43:04.094 Peters-Air-2.lan INFO [synchrono.server.core:55] - [:get] / 200 - 2ms
2024-11-09 21:44:07.330 Peters-Air-2.lan INFO [synchrono.server.core:55] - [:get] / 200 - 1ms
2024-11-09 21:44:07.809 Peters-Air-2.lan INFO [synchrono.server.core:55] - [:get] / 200 - 1ms
2024-11-09 21:44:47.874 Peters-Air-2.lan INFO [synchrono.server.core:55] - [:get] / 200 - 0ms
2024-11-09 21:44:48.380 Peters-Air-2.lan INFO [synchrono.server.core:55] - [:get] / 200 - 2ms
2024-11-09 21:45:19.261 Peters-Air-2.lan INFO [synchrono.server.core:55] - [:get] / 200 - 1ms
2024-11-09 21:45:19.721 Peters-Air-2.lan INFO [synchrono.server.core:55] - [:get] / 200 - 1ms
2024-11-09 21:47:02.931 Peters-Air-2.lan INFO [synchrono.server.core:55] - [:get] / 200 - 2ms
2024-11-09 21:47:03.464 Peters-Air-2.lan INFO [synchrono.server.core:55] - [:get] / 200 - 2ms
2024-11-09 21:47:35.774 Peters-Air-2.lan INFO [synchrono.server.core:55] - [:get] / 200 - 0ms
2024-11-09 21:47:36.259 Peters-Air-2.lan INFO [synchrono.server.core:55] - [:get] / 200 - 0ms
2024-11-09 21:50:10.939 Peters-Air-2.lan INFO [synchrono.server.core:55] - [:get] / 200 - 1ms
2024-11-09 21:50:11.468 Peters-Air-2.lan INFO [synchrono.server.core:55] - [:get] / 200 - 7ms
2024-11-09 21:51:56.535 Peters-Air-2.lan INFO [synchrono.server.core:55] - [:get] / 200 - 2ms
2024-11-09 21:51:57.156 Peters-Air-2.lan INFO [synchrono.server.core:55] - [:get] / 200 - 5ms
2024-11-09 21:52:46.929 Peters-Air-2.lan INFO [synchrono.server.core:55] - [:get] / 200 - 1ms
2024-11-09 21:52:47.511 Peters-Air-2.lan INFO [synchrono.server.core:55] - [:get] / 200 - 1ms
2024-11-09 21:53:04.282 Peters-Air-2.lan INFO [synchrono.server.core:55] - [:get] / 200 - 1ms
2024-11-09 21:53:04.761 Peters-Air-2.lan INFO [synchrono.server.core:55] - [:get] / 200 - 0ms
2024-11-09 21:53:18.811 Peters-Air-2.lan INFO [synchrono.server.core:55] - [:get] / 200 - 2ms
2024-11-09 21:53:19.282 Peters-Air-2.lan INFO [synchrono.server.core:55] - [:get] / 200 - 12ms
2024-11-09 21:53:28.836 Peters-Air-2.lan INFO [synchrono.server.core:55] - [:get] / 200 - 0ms
2024-11-09 21:53:29.310 Peters-Air-2.lan INFO [synchrono.server.core:55] - [:get] / 200 - 1ms
2024-11-09 21:53:37.902 Peters-Air-2.lan INFO [synchrono.server.core:55] - [:get] / 200 - 0ms
2024-11-09 21:53:38.431 Peters-Air-2.lan INFO [synchrono.server.core:55] - [:get] / 200 - 0ms
2024-11-09 21:55:24.673 Peters-Air-2.lan INFO [synchrono.server.core:55] - [:get] / 200 - 2ms
2024-11-09 21:55:25.233 Peters-Air-2.lan INFO [synchrono.server.core:55] - [:get] / 200 - 13ms
2024-11-09 21:55:46.305 Peters-Air-2.lan INFO [synchrono.server.core:55] - [:get] / 200 - 1ms
2024-11-09 21:55:46.848 Peters-Air-2.lan INFO [synchrono.server.core:55] - [:get] / 200 - 1ms
2024-11-09 21:55:55.631 Peters-Air-2.lan INFO [synchrono.server.core:55] - [:get] / 200 - 0ms
2024-11-09 21:55:56.153 Peters-Air-2.lan INFO [synchrono.server.core:55] - [:get] / 200 - 0ms
2024-11-09 21:56:24.855 Peters-Air-2.lan INFO [synchrono.server.core:55] - [:get] / 200 - 1ms
2024-11-09 21:56:25.310 Peters-Air-2.lan INFO [synchrono.server.core:55] - [:get] / 200 - 1ms
2024-11-09 21:57:08.132 Peters-Air-2.lan INFO [synchrono.server.core:55] - [:get] / 200 - 1ms
2024-11-09 21:57:08.674 Peters-Air-2.lan INFO [synchrono.server.core:55] - [:get] / 200 - 2ms
2024-11-09 22:00:38.562 Peters-Air-2.lan INFO [synchrono.server.core:55] - [:get] / 200 - 3ms
2024-11-09 22:00:39.178 Peters-Air-2.lan INFO [synchrono.server.core:55] - [:get] / 200 - 1ms
2024-11-09 22:01:11.654 Peters-Air-2.lan INFO [synchrono.server.core:55] - [:get] / 200 - 3ms
2024-11-09 22:01:12.292 Peters-Air-2.lan INFO [synchrono.server.core:55] - [:get] / 200 - 1ms
2024-11-09 22:09:45.712 Peters-Air-2.lan INFO [synchrono.server.core:55] - [:get] / 200 - 3ms
2024-11-09 22:09:46.322 Peters-Air-2.lan INFO [synchrono.server.core:55] - [:get] / 200 - 1ms
2024-11-09 22:10:25.478 Peters-Air-2.lan INFO [synchrono.server.core:55] - [:get] / 200 - 3ms
2024-11-09 22:10:26.094 Peters-Air-2.lan INFO [synchrono.server.core:55] - [:get] / 200 - 1ms
2024-11-09 22:10:57.335 Peters-Air-2.lan INFO [synchrono.server.core:55] - [:get] / 200 - 1ms
2024-11-09 22:10:57.933 Peters-Air-2.lan INFO [synchrono.server.core:55] - [:get] / 200 - 0ms
2024-11-09 22:28:43.785 Peters-Air-2.lan INFO [synchrono.server.core:55] - [:get] / 200 - 3ms
2024-11-09 22:28:44.355 Peters-Air-2.lan INFO [synchrono.server.core:55] - [:get] / 200 - 16ms
2024-11-09 22:38:26.554 Peters-Air-2.lan INFO [synchrono.server.core:55] - [:get] / 200 - 3ms
2024-11-09 22:38:27.220 Peters-Air-2.lan INFO [synchrono.server.core:55] - [:get] / 200 - 1ms
2024-11-09 22:43:17.751 Peters-Air-2.lan INFO [synchrono.server.core:55] - [:get] / 200 - 3ms
2024-11-09 22:43:18.303 Peters-Air-2.lan INFO [synchrono.server.core:55] - [:get] / 200 - 1ms
2024-11-09 22:44:51.301 Peters-Air-2.lan INFO [synchrono.server.core:55] - [:get] / 200 - 3ms
2024-11-09 22:44:51.858 Peters-Air-2.lan INFO [synchrono.server.core:55] - [:get] / 200 - 1ms
2024-11-09 22:45:19.582 Peters-Air-2.lan INFO [synchrono.server.core:55] - [:get] / 200 - 0ms
2024-11-09 22:45:20.089 Peters-Air-2.lan INFO [synchrono.server.core:55] - [:get] / 200 - 1ms
2024-11-09 22:45:41.962 Peters-Air-2.lan INFO [synchrono.server.core:55] - [:get] / 200 - 1ms
2024-11-09 22:45:42.462 Peters-Air-2.lan INFO [synchrono.server.core:55] - [:get] / 200 - 1ms
2024-11-09 22:46:10.524 Peters-Air-2.lan INFO [synchrono.server.core:55] - [:get] / 200 - 1ms
2024-11-09 22:46:11.042 Peters-Air-2.lan INFO [synchrono.server.core:55] - [:get] / 200 - 1ms
2024-11-09 22:46:36.026 Peters-Air-2.lan INFO [synchrono.server.core:55] - [:get] / 200 - 1ms
2024-11-09 22:46:36.559 Peters-Air-2.lan INFO [synchrono.server.core:55] - [:get] / 200 - 0ms
2024-11-09 22:55:47.457 Peters-Air-2.lan INFO [synchrono.server.core:55] - [:get] / 200 - 2ms
2024-11-09 22:55:48.076 Peters-Air-2.lan INFO [synchrono.server.core:55] - [:get] / 200 - 1ms
2024-11-09 23:03:07.591 Peters-Air-2.lan INFO [synchrono.server.core:55] - [:get] / 200 - 3ms
2024-11-09 23:03:08.163 Peters-Air-2.lan INFO [synchrono.server.core:55] - [:get] / 200 - 1ms
2024-11-09 23:04:54.313 Peters-Air-2.lan INFO [synchrono.server.core:55] - [:get] / 200 - 3ms
2024-11-09 23:04:54.906 Peters-Air-2.lan INFO [synchrono.server.core:55] - [:get] / 200 - 3ms
2024-11-09 23:10:50.110 Peters-Air-2.lan INFO [synchrono.server.core:55] - [:get] / 200 - 3ms
2024-11-09 23:10:50.719 Peters-Air-2.lan INFO [synchrono.server.core:55] - [:get] / 200 - 2ms
2024-11-09 23:11:25.639 Peters-Air-2.lan INFO [synchrono.server.core:55] - [:get] / 200 - 0ms
2024-11-09 23:11:26.144 Peters-Air-2.lan INFO [synchrono.server.core:55] - [:get] / 200 - 1ms
2024-11-09 23:13:48.222 Peters-Air-2.lan INFO [synchrono.server.core:55] - [:get] / 200 - 1ms
2024-11-09 23:13:48.862 Peters-Air-2.lan INFO [synchrono.server.core:55] - [:get] / 200 - 1ms
2024-11-09 23:18:31.032 Peters-Air-2.lan INFO [synchrono.server.core:55] - [:get] / 200 - 3ms
2024-11-09 23:18:31.627 Peters-Air-2.lan INFO [synchrono.server.core:55] - [:get] / 200 - 3ms
2024-11-09 23:21:16.343 Peters-Air-2.lan INFO [synchrono.server.core:55] - [:get] / 200 - 3ms
2024-11-09 23:21:16.965 Peters-Air-2.lan INFO [synchrono.server.core:55] - [:get] / 200 - 0ms
2024-11-09 23:24:11.355 Peters-Air-2.lan INFO [synchrono.server.core:55] - [:get] / 200 - 2ms
2024-11-09 23:24:11.943 Peters-Air-2.lan INFO [synchrono.server.core:55] - [:get] / 200 - 1ms
2024-11-09 23:27:39.733 Peters-Air-2.lan INFO [synchrono.server.core:55] - [:get] / 200 - 32ms
2024-11-09 23:27:40.349 Peters-Air-2.lan INFO [synchrono.server.core:55] - [:get] / 200 - 1ms
2024-11-09 23:30:31.094 Peters-Air-2.lan INFO [synchrono.server.core:55] - [:get] / 200 - 3ms
2024-11-09 23:30:31.671 Peters-Air-2.lan INFO [synchrono.server.core:55] - [:get] / 200 - 2ms
2024-11-09 23:31:16.153 Peters-Air-2.lan INFO [synchrono.server.core:55] - [:get] / 200 - 1ms
2024-11-09 23:31:16.739 Peters-Air-2.lan INFO [synchrono.server.core:55] - [:get] / 200 - 2ms
2024-11-09 23:31:58.346 Peters-Air-2.lan INFO [synchrono.server.core:55] - [:get] / 200 - 3ms
2024-11-09 23:31:58.936 Peters-Air-2.lan INFO [synchrono.server.core:55] - [:get] / 200 - 1ms
2024-11-09 23:34:03.196 Peters-Air-2.lan INFO [synchrono.server.core:55] - [:get] / 200 - 7ms
2024-11-09 23:34:03.834 Peters-Air-2.lan INFO [synchrono.server.core:55] - [:get] / 200 - 7ms
2024-11-09 23:35:06.957 Peters-Air-2.lan INFO [synchrono.server.core:55] - [:get] / 200 - 3ms
2024-11-09 23:35:07.534 Peters-Air-2.lan INFO [synchrono.server.core:55] - [:get] / 200 - 0ms
2024-11-09 23:36:03.476 Peters-Air-2.lan INFO [synchrono.server.core:55] - [:get] / 200 - 3ms
2024-11-09 23:36:04.067 Peters-Air-2.lan INFO [synchrono.server.core:55] - [:get] / 200 - 1ms
2024-11-09 23:37:03.455 Peters-Air-2.lan INFO [synchrono.server.core:55] - [:get] / 200 - 3ms
2024-11-09 23:37:04.025 Peters-Air-2.lan INFO [synchrono.server.core:55] - [:get] / 200 - 1ms
2024-11-09 23:39:01.865 Peters-Air-2.lan INFO [synchrono.server.core:55] - [:get] / 200 - 2ms
2024-11-09 23:39:02.462 Peters-Air-2.lan INFO [synchrono.server.core:55] - [:get] / 200 - 5ms
2024-11-09 23:39:11.084 Peters-Air-2.lan INFO [synchrono.server.core:55] - [:get] / 200 - 1ms
2024-11-09 23:39:11.619 Peters-Air-2.lan INFO [synchrono.server.core:55] - [:get] / 200 - 1ms
2024-11-09 23:39:54.027 Peters-Air-2.lan INFO [synchrono.server.core:55] - [:get] / 200 - 3ms
2024-11-09 23:39:54.642 Peters-Air-2.lan INFO [synchrono.server.core:55] - [:get] / 200 - 1ms
2024-11-09 23:40:07.156 Peters-Air-2.lan INFO [synchrono.server.core:55] - [:get] / 200 - 1ms
2024-11-09 23:40:07.707 Peters-Air-2.lan INFO [synchrono.server.core:55] - [:get] / 200 - 1ms
2024-11-09 23:40:32.204 Peters-Air-2.lan INFO [synchrono.server.core:55] - [:get] / 200 - 1ms
2024-11-09 23:40:32.742 Peters-Air-2.lan INFO [synchrono.server.core:55] - [:get] / 200 - 2ms
2024-11-09 23:41:12.383 Peters-Air-2.lan INFO [synchrono.server.core:55] - [:get] / 200 - 3ms
2024-11-09 23:41:12.959 Peters-Air-2.lan INFO [synchrono.server.core:55] - [:get] / 200 - 1ms
2024-11-09 23:41:42.016 Peters-Air-2.lan INFO [synchrono.server.core:55] - [:get] / 200 - 3ms
2024-11-09 23:41:42.558 Peters-Air-2.lan INFO [synchrono.server.core:55] - [:get] / 200 - 1ms
2024-11-09 23:42:52.538 Peters-Air-2.lan INFO [synchrono.server.core:55] - [:get] / 200 - 3ms
2024-11-09 23:42:53.096 Peters-Air-2.lan INFO [synchrono.server.core:55] - [:get] / 200 - 1ms
2024-11-09 23:47:17.534 Peters-Air-2.lan INFO [synchrono.server.ws:245] - WebSocket connected: manifold.stream.SplicedStream@53e44576
2024-11-09 23:47:17.543 Peters-Air-2.lan DEBUG [synchrono.server.ws:150] - Processing EVENT message {:event-id "66575b21b539578cba97574edf510df8a0556bc3756de584379502700dfe3a62", :pubkey "218c2daaee0049b25aecfc70578612e107c73dba3bd4387a1946ee2ce2be4bd5", :kind 1}
2024-11-09 23:47:17.573 Peters-Air-2.lan INFO [synchrono.server.ws:157] - Successfully processed and broadcast event {:event-id "66575b21b539578cba97574edf510df8a0556bc3756de584379502700dfe3a62", :pubkey "218c2daaee0049b25aecfc70578612e107c73dba3bd4387a1946ee2ce2be4bd5", :kind 1}
2024-11-09 23:47:17.575 Peters-Air-2.lan INFO [synchrono.server.core:55] - [:get] / 404 - 97ms
2024-11-09 23:55:25.613 Peters-Air-2.lan INFO [synchrono.server.core:55] - [:get] / 200 - 2ms
2024-11-09 23:55:25.652 Peters-Air-2.lan INFO [synchrono.server.ws:250] - WebSocket disconnected: manifold.stream.SplicedStream@53e44576
2024-11-09 23:55:26.271 Peters-Air-2.lan INFO [synchrono.server.core:55] - [:get] / 200 - 0ms
2024-11-10 00:27:34.709 Peters-Air-2.lan INFO [synchrono.server.core:55] - [:get] / 200 - 6ms
2024-11-10 00:27:35.357 Peters-Air-2.lan INFO [synchrono.server.core:55] - [:get] / 200 - 2ms
2024-11-10 00:39:16.521 Peters-Air-2.lan INFO [synchrono.server.core:55] - [:get] / 200 - 3ms
2024-11-10 00:39:17.129 Peters-Air-2.lan INFO [synchrono.server.core:55] - [:get] / 200 - 4ms
2024-11-10 00:40:42.661 Peters-Air-2.lan INFO [synchrono.server.core:55] - [:get] / 200 - 4ms
2024-11-10 00:40:43.237 Peters-Air-2.lan INFO [synchrono.server.core:55] - [:get] / 200 - 1ms
2024-11-10 00:46:54.203 Peters-Air-2.lan INFO [synchrono.server.core:55] - [:get] / 200 - 2ms
2024-11-10 00:46:54.798 Peters-Air-2.lan INFO [synchrono.server.core:55] - [:get] / 200 - 0ms
2024-11-10 00:48:01.199 Peters-Air-2.lan INFO [synchrono.server.core:55] - [:get] / 200 - 2ms
2024-11-10 00:48:01.768 Peters-Air-2.lan INFO [synchrono.server.core:55] - [:get] / 200 - 1ms
2024-11-10 00:50:32.710 Peters-Air-2.lan INFO [synchrono.server.core:55] - [:get] / 200 - 3ms
2024-11-10 00:50:33.309 Peters-Air-2.lan INFO [synchrono.server.core:55] - [:get] / 200 - 4ms
2024-11-10 00:50:45.560 Peters-Air-2.lan INFO [synchrono.server.core:55] - [:get] / 200 - 1ms
2024-11-10 00:50:46.076 Peters-Air-2.lan INFO [synchrono.server.core:55] - [:get] / 200 - 0ms
2024-11-10 00:52:11.674 Peters-Air-2.lan INFO [synchrono.server.core:55] - [:get] / 200 - 5ms
2024-11-10 00:52:12.266 Peters-Air-2.lan INFO [synchrono.server.core:55] - [:get] / 200 - 1ms
2024-11-10 00:53:11.893 Peters-Air-2.lan INFO [synchrono.server.core:55] - [:get] / 200 - 2ms
2024-11-10 00:53:12.457 Peters-Air-2.lan INFO [synchrono.server.core:55] - [:get] / 200 - 3ms
2024-11-10 00:54:44.559 Peters-Air-2.lan INFO [synchrono.server.core:55] - [:get] / 200 - 1ms
2024-11-10 00:54:45.144 Peters-Air-2.lan INFO [synchrono.server.core:55] - [:get] / 200 - 5ms
2024-11-10 00:54:47.346 Peters-Air-2.lan INFO [synchrono.server.core:55] - [:get] / 200 - 2ms
2024-11-10 00:54:47.855 Peters-Air-2.lan INFO [synchrono.server.core:55] - [:get] / 200 - 1ms
2024-11-10 00:57:33.134 Peters-Air-2.lan INFO [synchrono.server.core:55] - [:get] / 200 - 4ms
2024-11-10 00:57:33.716 Peters-Air-2.lan INFO [synchrono.server.core:55] - [:get] / 200 - 1ms
2024-11-10 00:59:13.157 Peters-Air-2.lan INFO [synchrono.server.core:55] - [:get] / 200 - 5ms
2024-11-10 00:59:13.733 Peters-Air-2.lan INFO [synchrono.server.core:55] - [:get] / 200 - 0ms
2024-11-10 01:01:14.400 Peters-Air-2.lan INFO [synchrono.server.core:55] - [:get] / 200 - 3ms
2024-11-10 01:01:14.975 Peters-Air-2.lan INFO [synchrono.server.core:55] - [:get] / 200 - 0ms
2024-11-10 01:01:55.801 Peters-Air-2.lan INFO [synchrono.server.core:55] - [:get] / 200 - 1ms
2024-11-10 01:01:56.307 Peters-Air-2.lan INFO [synchrono.server.core:55] - [:get] / 200 - 4ms
2024-11-10 01:02:26.843 Peters-Air-2.lan INFO [synchrono.server.core:55] - [:get] / 200 - 3ms
2024-11-10 01:02:27.347 Peters-Air-2.lan INFO [synchrono.server.core:55] - [:get] / 200 - 1ms
2024-11-10 01:02:55.979 Peters-Air-2.lan INFO [synchrono.server.core:55] - [:get] / 200 - 0ms
2024-11-10 01:02:56.531 Peters-Air-2.lan INFO [synchrono.server.core:55] - [:get] / 200 - 0ms
2024-11-10 01:03:02.160 Peters-Air-2.lan INFO [synchrono.server.core:55] - [:get] / 200 - 1ms
2024-11-10 01:03:02.648 Peters-Air-2.lan INFO [synchrono.server.core:55] - [:get] / 200 - 0ms
2024-11-10 01:03:36.319 Peters-Air-2.lan INFO [synchrono.server.core:55] - [:get] / 200 - 2ms
2024-11-10 01:03:36.894 Peters-Air-2.lan INFO [synchrono.server.core:55] - [:get] / 200 - 1ms
2024-11-10 01:14:27.565 Peters-Air-2.lan INFO [synchrono.server.core:55] - [:get] / 200 - 3ms
2024-11-10 01:14:28.177 Peters-Air-2.lan INFO [synchrono.server.core:55] - [:get] / 200 - 1ms
2024-11-10 01:16:20.030 Peters-Air-2.lan INFO [synchrono.server.core:55] - [:get] / 200 - 7ms
2024-11-10 01:16:20.653 Peters-Air-2.lan INFO [synchrono.server.core:55] - [:get] / 200 - 0ms
2024-11-10 01:16:52.193 Peters-Air-2.lan INFO [synchrono.server.core:55] - [:get] / 200 - 0ms
2024-11-10 01:16:52.675 Peters-Air-2.lan INFO [synchrono.server.core:55] - [:get] / 200 - 1ms
2024-11-10 01:17:12.939 Peters-Air-2.lan INFO [synchrono.server.core:55] - [:get] / 200 - 1ms
2024-11-10 01:17:13.430 Peters-Air-2.lan INFO [synchrono.server.core:55] - [:get] / 200 - 0ms
2024-11-10 01:17:22.508 Peters-Air-2.lan INFO [synchrono.server.ws:245] - WebSocket connected: manifold.stream.SplicedStream@38cf8f45
2024-11-10 01:17:22.511 Peters-Air-2.lan DEBUG [synchrono.server.ws:150] - Processing EVENT message {:event-id "d41b435e0764a4b8b1d47c0eeacb76f996db6c6a64c587302eef7100189a932f", :pubkey "218c2daaee0049b25aecfc70578612e107c73dba3bd4387a1946ee2ce2be4bd5", :kind 1}
2024-11-10 01:17:22.528 Peters-Air-2.lan INFO [synchrono.server.ws:157] - Successfully processed and broadcast event {:event-id "d41b435e0764a4b8b1d47c0eeacb76f996db6c6a64c587302eef7100189a932f", :pubkey "218c2daaee0049b25aecfc70578612e107c73dba3bd4387a1946ee2ce2be4bd5", :kind 1}
2024-11-10 01:17:22.530 Peters-Air-2.lan INFO [synchrono.server.core:55] - [:get] / 404 - 27ms
2024-11-10 01:19:07.371 Peters-Air-2.lan INFO [synchrono.server.core:55] - [:get] / 200 - 1ms
2024-11-10 01:19:07.392 Peters-Air-2.lan INFO [synchrono.server.ws:250] - WebSocket disconnected: manifold.stream.SplicedStream@38cf8f45
2024-11-10 01:19:08.033 Peters-Air-2.lan INFO [synchrono.server.core:55] - [:get] / 200 - 6ms
2024-11-10 01:19:37.166 Peters-Air-2.lan INFO [synchrono.server.core:55] - [:get] / 200 - 0ms
2024-11-10 01:19:37.689 Peters-Air-2.lan INFO [synchrono.server.core:55] - [:get] / 200 - 1ms
2024-11-10 01:20:40.240 Peters-Air-2.lan INFO [synchrono.server.core:55] - [:get] / 200 - 0ms
2024-11-10 01:20:40.885 Peters-Air-2.lan INFO [synchrono.server.core:55] - [:get] / 200 - 19ms
2024-11-10 01:21:36.542 Peters-Air-2.lan INFO [synchrono.server.core:55] - [:get] / 200 - 2ms
2024-11-10 01:21:37.128 Peters-Air-2.lan INFO [synchrono.server.core:55] - [:get] / 200 - 0ms
2024-11-10 01:24:55.142 Peters-Air-2.lan INFO [synchrono.server.core:55] - [:get] / 200 - 2ms
2024-11-10 01:24:55.779 Peters-Air-2.lan INFO [synchrono.server.core:55] - [:get] / 200 - 1ms
2024-11-10 01:26:07.174 Peters-Air-2.lan INFO [synchrono.server.core:55] - [:get] / 200 - 2ms
2024-11-10 01:26:07.824 Peters-Air-2.lan INFO [synchrono.server.core:55] - [:get] / 200 - 2ms
2024-11-10 01:27:57.576 Peters-Air-2.lan INFO [synchrono.server.core:55] - [:get] / 200 - 2ms
2024-11-10 01:27:58.236 Peters-Air-2.lan INFO [synchrono.server.core:55] - [:get] / 200 - 0ms
2024-11-10 01:28:36.662 Peters-Air-2.lan INFO [synchrono.server.core:55] - [:get] / 200 - 1ms
2024-11-10 01:28:37.225 Peters-Air-2.lan INFO [synchrono.server.core:55] - [:get] / 200 - 0ms
2024-11-10 01:29:07.464 Peters-Air-2.lan INFO [synchrono.server.core:55] - [:get] / 200 - 0ms
2024-11-10 01:29:07.999 Peters-Air-2.lan INFO [synchrono.server.core:55] - [:get] / 200 - 1ms
2024-11-10 01:30:31.130 Peters-Air-2.lan INFO [synchrono.server.core:55] - [:get] / 200 - 3ms
2024-11-10 01:30:31.745 Peters-Air-2.lan INFO [synchrono.server.core:55] - [:get] / 200 - 4ms
2024-11-10 01:30:47.414 Peters-Air-2.lan INFO [synchrono.server.core:55] - [:get] / 200 - 1ms
2024-11-10 01:30:47.953 Peters-Air-2.lan INFO [synchrono.server.core:55] - [:get] / 200 - 1ms
2024-11-10 01:30:52.593 Peters-Air-2.lan INFO [synchrono.server.ws:245] - WebSocket connected: manifold.stream.SplicedStream@3dd48bad
2024-11-10 01:30:52.596 Peters-Air-2.lan INFO [synchrono.server.core:55] - [:get] / 404 - 5ms
2024-11-10 01:30:52.598 Peters-Air-2.lan ERROR [synchrono.server.ws:219] - Message processing error: Unexpected character (':' (code 58)): was expecting comma to separate Array entries
 at [Source: (StringReader); line: 1, column: 24]
2024-11-10 01:30:57.000 Peters-Air-2.lan DEBUG [synchrono.server.ws:201] - Processing CLOSE message {:subscription-id "sub:1"}
2024-11-10 01:31:47.926 Peters-Air-2.lan INFO [synchrono.server.core:55] - [:get] / 200 - 3ms
2024-11-10 01:31:47.940 Peters-Air-2.lan INFO [synchrono.server.ws:250] - WebSocket disconnected: manifold.stream.SplicedStream@3dd48bad
2024-11-10 01:31:48.505 Peters-Air-2.lan INFO [synchrono.server.core:55] - [:get] / 200 - 4ms
2024-11-10 01:31:53.842 Peters-Air-2.lan INFO [synchrono.server.ws:245] - WebSocket connected: manifold.stream.SplicedStream@73bb5e2f
2024-11-10 01:31:53.844 Peters-Air-2.lan INFO [synchrono.server.core:55] - [:get] / 404 - 5ms
2024-11-10 01:31:53.844 Peters-Air-2.lan ERROR [synchrono.server.ws:219] - Message processing error: Unexpected character (':' (code 58)): was expecting comma to separate Array entries
 at [Source: (StringReader); line: 1, column: 24]
2024-11-10 01:31:58.245 Peters-Air-2.lan DEBUG [synchrono.server.ws:201] - Processing CLOSE message {:subscription-id "sub:1"}
2024-11-10 01:32:19.883 Peters-Air-2.lan DEBUG [synchrono.server.ws:150] - Processing EVENT message {:event-id "a2292308a5d71a77b87f1c77211a6a0708048566299f9a90d3f4ff8dadece810", :pubkey "218c2daaee0049b25aecfc70578612e107c73dba3bd4387a1946ee2ce2be4bd5", :kind 1}
2024-11-10 01:32:19.899 Peters-Air-2.lan INFO [synchrono.server.ws:157] - Successfully processed and broadcast event {:event-id "a2292308a5d71a77b87f1c77211a6a0708048566299f9a90d3f4ff8dadece810", :pubkey "218c2daaee0049b25aecfc70578612e107c73dba3bd4387a1946ee2ce2be4bd5", :kind 1}
2024-11-10 01:32:29.371 Peters-Air-2.lan ERROR [synchrono.server.ws:219] - Message processing error: Unexpected character (':' (code 58)): was expecting comma to separate Array entries
 at [Source: (StringReader); line: 1, column: 24]
2024-11-10 01:32:33.773 Peters-Air-2.lan DEBUG [synchrono.server.ws:201] - Processing CLOSE message {:subscription-id "sub:2"}
2024-11-10 01:33:56.311 Peters-Air-2.lan INFO [synchrono.server.core:55] - [:get] / 200 - 1ms
2024-11-10 01:33:56.320 Peters-Air-2.lan INFO [synchrono.server.ws:250] - WebSocket disconnected: manifold.stream.SplicedStream@73bb5e2f
2024-11-10 01:33:56.913 Peters-Air-2.lan INFO [synchrono.server.core:55] - [:get] / 200 - 7ms
2024-11-10 01:34:12.959 Peters-Air-2.lan INFO [synchrono.server.ws:245] - WebSocket connected: manifold.stream.SplicedStream@2a0992f8
2024-11-10 01:34:12.961 Peters-Air-2.lan INFO [synchrono.server.core:55] - [:get] / 404 - 5ms
2024-11-10 01:34:12.962 Peters-Air-2.lan DEBUG [synchrono.server.ws:150] - Processing EVENT message {:event-id "6634603a2e2d73cd872faf9d56deeea28c1cf5d9638f6a148384edafb58dc1f2", :pubkey "218c2daaee0049b25aecfc70578612e107c73dba3bd4387a1946ee2ce2be4bd5", :kind 1}
2024-11-10 01:34:12.975 Peters-Air-2.lan INFO [synchrono.server.ws:157] - Successfully processed and broadcast event {:event-id "6634603a2e2d73cd872faf9d56deeea28c1cf5d9638f6a148384edafb58dc1f2", :pubkey "218c2daaee0049b25aecfc70578612e107c73dba3bd4387a1946ee2ce2be4bd5", :kind 1}
2024-11-10 01:34:21.944 Peters-Air-2.lan ERROR [synchrono.server.ws:219] - Message processing error: Unexpected character (':' (code 58)): was expecting comma to separate Array entries
 at [Source: (StringReader); line: 1, column: 24]
2024-11-10 01:34:26.346 Peters-Air-2.lan DEBUG [synchrono.server.ws:201] - Processing CLOSE message {:subscription-id "sub:1"}
2024-11-10 01:34:28.814 Peters-Air-2.lan ERROR [synchrono.server.ws:219] - Message processing error: Unexpected character (':' (code 58)): was expecting comma to separate Array entries
 at [Source: (StringReader); line: 1, column: 24]
2024-11-10 01:34:29.759 Peters-Air-2.lan ERROR [synchrono.server.ws:219] - Message processing error: Unexpected character (':' (code 58)): was expecting comma to separate Array entries
 at [Source: (StringReader); line: 1, column: 24]
2024-11-10 01:34:30.478 Peters-Air-2.lan ERROR [synchrono.server.ws:219] - Message processing error: Unexpected character (':' (code 58)): was expecting comma to separate Array entries
 at [Source: (StringReader); line: 1, column: 24]
2024-11-10 01:34:33.218 Peters-Air-2.lan DEBUG [synchrono.server.ws:201] - Processing CLOSE message {:subscription-id "sub:2"}
2024-11-10 01:34:34.161 Peters-Air-2.lan DEBUG [synchrono.server.ws:201] - Processing CLOSE message {:subscription-id "sub:3"}
2024-11-10 01:34:34.881 Peters-Air-2.lan DEBUG [synchrono.server.ws:201] - Processing CLOSE message {:subscription-id "sub:4"}
2024-11-10 01:35:09.309 Peters-Air-2.lan INFO [synchrono.server.core:55] - [:get] / 200 - 3ms
2024-11-10 01:35:09.322 Peters-Air-2.lan INFO [synchrono.server.ws:250] - WebSocket disconnected: manifold.stream.SplicedStream@2a0992f8
2024-11-10 01:35:09.944 Peters-Air-2.lan INFO [synchrono.server.core:55] - [:get] / 200 - 1ms
2024-11-10 01:35:18.447 Peters-Air-2.lan INFO [synchrono.server.core:95] - Initializing database
2024-11-10 01:35:18.459 Peters-Air-2.lan INFO [synchrono.server.core:77] - Starting server on port 3000
2024-11-10 01:35:18.495 Peters-Air-2.lan INFO [synchrono.server.core:79] - Server started successfully - ready to accept connections
2024-11-10 01:35:22.107 Peters-Air-2.lan INFO [synchrono.server.core:55] - [:get] / 200 - 10ms
2024-11-10 01:35:22.596 Peters-Air-2.lan INFO [synchrono.server.core:55] - [:get] / 200 - 5ms
2024-11-10 01:35:26.004 Peters-Air-2.lan INFO [synchrono.server.ws:260] - WebSocket connected: manifold.stream.SplicedStream@2d8b5a7
2024-11-10 01:35:26.008 Peters-Air-2.lan INFO [synchrono.server.ws:209] - Processing message {:message "[\"REQ\",\"sub:1\",\"kinds\":[1],\"limit\":50}"}
2024-11-10 01:35:26.017 Peters-Air-2.lan WARN [synchrono.server.ws:230] - Invalid message format - expected array/vector: ["REQ","sub:1","kinds":[1],"limit":50}
2024-11-10 01:35:26.022 Peters-Air-2.lan INFO [synchrono.server.core:55] - [:get] / 404 - 39ms
2024-11-10 01:35:30.408 Peters-Air-2.lan INFO [synchrono.server.ws:209] - Processing message {:message "[\"CLOSE\",\"sub:1\"]"}
2024-11-10 01:35:30.409 Peters-Air-2.lan WARN [synchrono.server.ws:230] - Invalid message format - expected array/vector: ["CLOSE","sub:1"]
2024-11-10 01:38:35.471 Peters-Air-2.lan INFO [synchrono.server.core:55] - [:get] / 200 - 3ms
2024-11-10 01:38:35.552 Peters-Air-2.lan INFO [synchrono.server.ws:265] - WebSocket disconnected: manifold.stream.SplicedStream@2d8b5a7
2024-11-10 01:38:36.068 Peters-Air-2.lan INFO [synchrono.server.core:55] - [:get] / 200 - 2ms
2024-11-10 01:38:40.761 Peters-Air-2.lan INFO [synchrono.server.ws:260] - WebSocket connected: manifold.stream.SplicedStream@5bf9c079
2024-11-10 01:38:40.763 Peters-Air-2.lan INFO [synchrono.server.core:55] - [:get] / 404 - 5ms
2024-11-10 01:38:40.762 Peters-Air-2.lan INFO [synchrono.server.ws:209] - Processing message {:message "[\"REQ\",\"sub:1\",{\"kinds\":[1],\"limit\":50}]"}
2024-11-10 01:38:40.764 Peters-Air-2.lan WARN [synchrono.server.ws:230] - Invalid message format - expected array/vector: ["REQ","sub:1",{"kinds":[1],"limit":50}]
2024-11-10 01:38:45.172 Peters-Air-2.lan INFO [synchrono.server.ws:209] - Processing message {:message "[\"CLOSE\",\"sub:1\"]"}
2024-11-10 01:38:45.173 Peters-Air-2.lan WARN [synchrono.server.ws:230] - Invalid message format - expected array/vector: ["CLOSE","sub:1"]
2024-11-10 01:38:53.363 Peters-Air-2.lan INFO [synchrono.server.ws:209] - Processing message {:message "[\"REQ\",\"sub:2\",{\"kinds\":[1],\"limit\":50}]"}
2024-11-10 01:38:53.365 Peters-Air-2.lan WARN [synchrono.server.ws:230] - Invalid message format - expected array/vector: ["REQ","sub:2",{"kinds":[1],"limit":50}]
2024-11-10 01:38:57.770 Peters-Air-2.lan INFO [synchrono.server.ws:209] - Processing message {:message "[\"CLOSE\",\"sub:2\"]"}
2024-11-10 01:38:57.773 Peters-Air-2.lan WARN [synchrono.server.ws:230] - Invalid message format - expected array/vector: ["CLOSE","sub:2"]
2024-11-10 01:40:28.593 Peters-Air-2.lan INFO [synchrono.server.core:55] - [:get] / 200 - 34ms
2024-11-10 01:40:28.652 Peters-Air-2.lan INFO [synchrono.server.ws:265] - WebSocket disconnected: manifold.stream.SplicedStream@5bf9c079
2024-11-10 01:40:29.201 Peters-Air-2.lan INFO [synchrono.server.core:55] - [:get] / 200 - 1ms
2024-11-10 01:40:33.345 Peters-Air-2.lan INFO [synchrono.server.ws:260] - WebSocket connected: manifold.stream.SplicedStream@17ff69e3
2024-11-10 01:40:33.347 Peters-Air-2.lan INFO [synchrono.server.core:55] - [:get] / 404 - 4ms
2024-11-10 01:40:33.347 Peters-Air-2.lan INFO [synchrono.server.ws:209] - Processing message {:message "[\"REQ\",\"sub:1\",{\"kinds\":[1],\"limit\":50}]"}
2024-11-10 01:40:33.349 Peters-Air-2.lan WARN [synchrono.server.ws:230] - Invalid message format - expected array/vector: ["REQ","sub:1",{"kinds":[1],"limit":50}]
2024-11-10 01:42:17.406 Peters-Air-2.lan INFO [synchrono.server.core:55] - [:get] / 200 - 3ms
2024-11-10 01:42:17.418 Peters-Air-2.lan INFO [synchrono.server.ws:265] - WebSocket disconnected: manifold.stream.SplicedStream@17ff69e3
2024-11-10 01:42:18.066 Peters-Air-2.lan INFO [synchrono.server.core:55] - [:get] / 200 - 1ms
2024-11-10 01:42:20.775 Peters-Air-2.lan INFO [synchrono.server.ws:260] - WebSocket connected: manifold.stream.SplicedStream@410517ec
2024-11-10 01:42:20.776 Peters-Air-2.lan INFO [synchrono.server.core:55] - [:get] / 404 - 5ms
2024-11-10 01:42:20.776 Peters-Air-2.lan INFO [synchrono.server.ws:209] - Processing message {:message "[\"REQ\",\"sub:1\",{\"kinds\":[1],\"limit\":50}]"}
2024-11-10 01:42:20.778 Peters-Air-2.lan WARN [synchrono.server.ws:230] - Invalid message format - expected array/vector: ["REQ","sub:1",{"kinds":[1],"limit":50}]
2024-11-10 01:43:21.628 Peters-Air-2.lan INFO [synchrono.server.core:55] - [:get] / 200 - 2ms
2024-11-10 01:43:21.688 Peters-Air-2.lan INFO [synchrono.server.ws:265] - WebSocket disconnected: manifold.stream.SplicedStream@410517ec
2024-11-10 01:43:22.217 Peters-Air-2.lan INFO [synchrono.server.core:55] - [:get] / 200 - 2ms
2024-11-10 01:43:24.440 Peters-Air-2.lan INFO [synchrono.server.ws:260] - WebSocket connected: manifold.stream.SplicedStream@201a9113
2024-11-10 01:43:24.442 Peters-Air-2.lan INFO [synchrono.server.core:55] - [:get] / 404 - 5ms
2024-11-10 01:43:24.442 Peters-Air-2.lan INFO [synchrono.server.ws:209] - Processing message {:message "[\"REQ\",\"sub:1\",{\"kinds\":[1],\"limit\":50}]"}
2024-11-10 01:43:24.443 Peters-Air-2.lan WARN [synchrono.server.ws:230] - Invalid message format - expected array/vector: ["REQ","sub:1",{"kinds":[1],"limit":50}]
2024-11-10 01:45:54.559 Peters-Air-2.lan INFO [synchrono.server.core:55] - [:get] / 200 - 3ms
2024-11-10 01:45:54.591 Peters-Air-2.lan INFO [synchrono.server.ws:265] - WebSocket disconnected: manifold.stream.SplicedStream@201a9113
2024-11-10 01:45:55.174 Peters-Air-2.lan INFO [synchrono.server.core:55] - [:get] / 200 - 8ms
2024-11-10 01:45:59.444 Peters-Air-2.lan INFO [synchrono.server.ws:260] - WebSocket connected: manifold.stream.SplicedStream@6f71049d
2024-11-10 01:45:59.446 Peters-Air-2.lan INFO [synchrono.server.ws:209] - Processing message {:message "[\"REQ\",\"sub:1\",{\"kinds\":[1],\"limit\":50}]"}
2024-11-10 01:45:59.447 Peters-Air-2.lan INFO [synchrono.server.core:55] - [:get] / 404 - 7ms
2024-11-10 01:45:59.447 Peters-Air-2.lan WARN [synchrono.server.ws:230] - Invalid message format - expected array/vector: ["REQ","sub:1",{"kinds":[1],"limit":50}]
2024-11-10 01:47:16.295 Peters-Air-2.lan INFO [synchrono.server.core:55] - [:get] / 200 - 4ms
2024-11-10 01:47:16.308 Peters-Air-2.lan INFO [synchrono.server.ws:265] - WebSocket disconnected: manifold.stream.SplicedStream@6f71049d
2024-11-10 01:47:16.896 Peters-Air-2.lan INFO [synchrono.server.core:55] - [:get] / 200 - 1ms
2024-11-10 01:47:30.105 Peters-Air-2.lan INFO [synchrono.server.core:95] - Initializing database
2024-11-10 01:47:30.116 Peters-Air-2.lan INFO [synchrono.server.core:77] - Starting server on port 3000
2024-11-10 01:47:30.152 Peters-Air-2.lan INFO [synchrono.server.core:79] - Server started successfully - ready to accept connections
2024-11-10 01:47:31.109 Peters-Air-2.lan INFO [synchrono.server.core:55] - [:get] / 200 - 8ms
2024-11-10 01:47:31.636 Peters-Air-2.lan INFO [synchrono.server.core:55] - [:get] / 200 - 7ms
2024-11-10 01:47:33.310 Peters-Air-2.lan INFO [synchrono.server.core:55] - [:get] / 200 - 1ms
2024-11-10 01:47:33.823 Peters-Air-2.lan INFO [synchrono.server.core:55] - [:get] / 200 - 0ms
2024-11-10 01:47:37.331 Peters-Air-2.lan INFO [synchrono.server.ws:257] - WebSocket connected: manifold.stream.SplicedStream@3fe68885
2024-11-10 01:47:37.333 Peters-Air-2.lan DEBUG [synchrono.server.ws:209] - Processing message {:message "[\"REQ\",\"sub:1\",{\"kinds\":[1],\"limit\":50}]"}
2024-11-10 01:47:37.340 Peters-Air-2.lan INFO [synchrono.server.ws:212] - Parsed message {:parsed ("REQ" "sub:1" {:kinds [1], :limit 50}), :type clojure.lang.LazySeq, :vector? false}
2024-11-10 01:47:37.350 Peters-Air-2.lan WARN [synchrono.server.ws:217] - Invalid message format - expected array/vector: ("REQ" "sub:1" {:kinds [1], :limit 50})
2024-11-10 01:47:37.353 Peters-Air-2.lan INFO [synchrono.server.core:55] - [:get] / 404 - 37ms
2024-11-10 01:48:22.152 Peters-Air-2.lan INFO [synchrono.server.core:95] - Initializing database
2024-11-10 01:48:22.163 Peters-Air-2.lan INFO [synchrono.server.core:77] - Starting server on port 3000
2024-11-10 01:48:22.197 Peters-Air-2.lan INFO [synchrono.server.core:79] - Server started successfully - ready to accept connections
2024-11-10 01:48:22.968 Peters-Air-2.lan INFO [synchrono.server.core:55] - [:get] / 200 - 9ms
2024-11-10 01:48:23.589 Peters-Air-2.lan INFO [synchrono.server.core:55] - [:get] / 200 - 5ms
2024-11-10 01:48:26.017 Peters-Air-2.lan INFO [synchrono.server.ws:257] - WebSocket connected: manifold.stream.SplicedStream@2c1041c6
2024-11-10 01:48:26.019 Peters-Air-2.lan DEBUG [synchrono.server.ws:209] - Processing message {:message "[\"REQ\",\"sub:1\",{\"kinds\":[1],\"limit\":50}]"}
2024-11-10 01:48:26.033 Peters-Air-2.lan INFO [synchrono.server.ws:212] - Parsed message {:parsed ("REQ" "sub:1" {:kinds [1], :limit 50}), :type clojure.lang.LazySeq, :vector? false}
2024-11-10 01:48:26.039 Peters-Air-2.lan DEBUG [synchrono.server.ws:179] - Processing REQ {:sub-id "sub:1"}
2024-11-10 01:48:26.043 Peters-Air-2.lan DEBUG [synchrono.server.ws:183] - Found 4 events for sub sub:1
2024-11-10 01:48:26.048 Peters-Air-2.lan INFO [synchrono.server.core:55] - [:get] / 404 - 45ms
2024-11-10 01:48:45.187 Peters-Air-2.lan INFO [synchrono.server.core:55] - [:get] / 200 - 1ms
2024-11-10 01:48:45.207 Peters-Air-2.lan INFO [synchrono.server.ws:262] - WebSocket disconnected: manifold.stream.SplicedStream@2c1041c6
2024-11-10 01:48:45.723 Peters-Air-2.lan INFO [synchrono.server.core:55] - [:get] / 200 - 0ms
2024-11-10 01:48:54.838 Peters-Air-2.lan INFO [synchrono.server.ws:257] - WebSocket connected: manifold.stream.SplicedStream@2d9c7fbf
2024-11-10 01:48:54.840 Peters-Air-2.lan INFO [synchrono.server.core:55] - [:get] / 404 - 4ms
2024-11-10 01:48:54.841 Peters-Air-2.lan DEBUG [synchrono.server.ws:209] - Processing message {:message "[\"REQ\",\"sub:1\",{\"kinds\":[1],\"limit\":50}]"}
2024-11-10 01:48:54.842 Peters-Air-2.lan INFO [synchrono.server.ws:212] - Parsed message {:parsed ("REQ" "sub:1" {:kinds [1], :limit 50}), :type clojure.lang.LazySeq, :vector? false}
2024-11-10 01:48:54.842 Peters-Air-2.lan DEBUG [synchrono.server.ws:179] - Processing REQ {:sub-id "sub:1"}
2024-11-10 01:48:54.846 Peters-Air-2.lan DEBUG [synchrono.server.ws:183] - Found 4 events for sub sub:1
2024-11-10 01:48:57.035 Peters-Air-2.lan DEBUG [synchrono.server.ws:209] - Processing message {:message "[\"REQ\",\"sub:2\",{\"kinds\":[1],\"limit\":50}]"}
2024-11-10 01:48:57.036 Peters-Air-2.lan INFO [synchrono.server.ws:212] - Parsed message {:parsed ("REQ" "sub:2" {:kinds [1], :limit 50}), :type clojure.lang.LazySeq, :vector? false}
2024-11-10 01:48:57.037 Peters-Air-2.lan DEBUG [synchrono.server.ws:179] - Processing REQ {:sub-id "sub:2"}
2024-11-10 01:48:57.040 Peters-Air-2.lan DEBUG [synchrono.server.ws:183] - Found 4 events for sub sub:2
2024-11-10 01:48:57.829 Peters-Air-2.lan DEBUG [synchrono.server.ws:209] - Processing message {:message "[\"REQ\",\"sub:3\",{\"kinds\":[1],\"limit\":50}]"}
2024-11-10 01:48:57.831 Peters-Air-2.lan INFO [synchrono.server.ws:212] - Parsed message {:parsed ("REQ" "sub:3" {:kinds [1], :limit 50}), :type clojure.lang.LazySeq, :vector? false}
2024-11-10 01:48:57.832 Peters-Air-2.lan DEBUG [synchrono.server.ws:179] - Processing REQ {:sub-id "sub:3"}
2024-11-10 01:48:57.835 Peters-Air-2.lan DEBUG [synchrono.server.ws:183] - Found 4 events for sub sub:3
2024-11-10 01:48:58.102 Peters-Air-2.lan DEBUG [synchrono.server.ws:209] - Processing message {:message "[\"REQ\",\"sub:4\",{\"kinds\":[1],\"limit\":50}]"}
2024-11-10 01:48:58.103 Peters-Air-2.lan INFO [synchrono.server.ws:212] - Parsed message {:parsed ("REQ" "sub:4" {:kinds [1], :limit 50}), :type clojure.lang.LazySeq, :vector? false}
2024-11-10 01:48:58.104 Peters-Air-2.lan DEBUG [synchrono.server.ws:179] - Processing REQ {:sub-id "sub:4"}
2024-11-10 01:48:58.107 Peters-Air-2.lan DEBUG [synchrono.server.ws:183] - Found 4 events for sub sub:4
2024-11-10 01:48:58.309 Peters-Air-2.lan DEBUG [synchrono.server.ws:209] - Processing message {:message "[\"REQ\",\"sub:5\",{\"kinds\":[1],\"limit\":50}]"}
2024-11-10 01:48:58.310 Peters-Air-2.lan INFO [synchrono.server.ws:212] - Parsed message {:parsed ("REQ" "sub:5" {:kinds [1], :limit 50}), :type clojure.lang.LazySeq, :vector? false}
2024-11-10 01:48:58.311 Peters-Air-2.lan DEBUG [synchrono.server.ws:179] - Processing REQ {:sub-id "sub:5"}
2024-11-10 01:48:58.314 Peters-Air-2.lan DEBUG [synchrono.server.ws:183] - Found 4 events for sub sub:5
2024-11-10 01:48:58.760 Peters-Air-2.lan DEBUG [synchrono.server.ws:209] - Processing message {:message "[\"REQ\",\"sub:6\",{\"kinds\":[1],\"limit\":50}]"}
2024-11-10 01:48:58.761 Peters-Air-2.lan INFO [synchrono.server.ws:212] - Parsed message {:parsed ("REQ" "sub:6" {:kinds [1], :limit 50}), :type clojure.lang.LazySeq, :vector? false}
2024-11-10 01:48:58.761 Peters-Air-2.lan DEBUG [synchrono.server.ws:179] - Processing REQ {:sub-id "sub:6"}
2024-11-10 01:48:58.764 Peters-Air-2.lan DEBUG [synchrono.server.ws:183] - Found 4 events for sub sub:6
2024-11-10 01:48:58.967 Peters-Air-2.lan DEBUG [synchrono.server.ws:209] - Processing message {:message "[\"REQ\",\"sub:7\",{\"kinds\":[1],\"limit\":50}]"}
2024-11-10 01:48:58.968 Peters-Air-2.lan INFO [synchrono.server.ws:212] - Parsed message {:parsed ("REQ" "sub:7" {:kinds [1], :limit 50}), :type clojure.lang.LazySeq, :vector? false}
2024-11-10 01:48:58.968 Peters-Air-2.lan DEBUG [synchrono.server.ws:179] - Processing REQ {:sub-id "sub:7"}
2024-11-10 01:48:58.971 Peters-Air-2.lan DEBUG [synchrono.server.ws:183] - Found 4 events for sub sub:7
2024-11-10 01:49:16.646 Peters-Air-2.lan DEBUG [synchrono.server.ws:209] - Processing message {:message "[\"EVENT\",{\"kind\":1,\"content\":\"<p>woot woot</p>\",\"created_at\":1731203356,\"tags\":[],\"pubkey\":\"218c2daaee0049b25aecfc70578612e107c73dba3bd4387a1946ee2ce2be4bd5\",\"id\":\"cfba27c117a18c3f181e0f7fc6a115ca0e723af568ec73044ec1898d217035a9\",\"sig\":\"316df129b860753b57216770db403662a513828deb8acb0139551942131f76f892cea8444f92bc41684e1d6d5de5af9e8950c0210b03c1d8c4c5c62b58758b83\"}]"}
2024-11-10 01:49:16.648 Peters-Air-2.lan INFO [synchrono.server.ws:212] - Parsed message {:parsed ("EVENT" {:kind 1, :content "<p>woot woot</p>", :created_at 1731203356, :tags [], :pubkey "218c2daaee0049b25aecfc70578612e107c73dba3bd4387a1946ee2ce2be4bd5", :id "cfba27c117a18c3f181e0f7fc6a115ca0e723af568ec73044ec1898d217035a9", :sig "316df129b860753b57216770db403662a513828deb8acb0139551942131f76f892cea8444f92bc41684e1d6d5de5af9e8950c0210b03c1d8c4c5c62b58758b83"}), :type clojure.lang.LazySeq, :vector? false}
2024-11-10 01:49:16.651 Peters-Air-2.lan DEBUG [synchrono.server.ws:150] - Processing EVENT message {:event-id "cfba27c117a18c3f181e0f7fc6a115ca0e723af568ec73044ec1898d217035a9", :pubkey "218c2daaee0049b25aecfc70578612e107c73dba3bd4387a1946ee2ce2be4bd5", :kind 1}
2024-11-10 01:49:16.688 Peters-Air-2.lan INFO [synchrono.server.ws:157] - Successfully processed and broadcast event {:event-id "cfba27c117a18c3f181e0f7fc6a115ca0e723af568ec73044ec1898d217035a9", :pubkey "218c2daaee0049b25aecfc70578612e107c73dba3bd4387a1946ee2ce2be4bd5", :kind 1}
2024-11-10 01:49:16.688 Peters-Air-2.lan WARN [synchrono.server.ws:231] - Message processing error: class clojure.lang.ChunkedCons cannot be cast to class clojure.lang.IPersistentMap (clojure.lang.ChunkedCons and clojure.lang.IPersistentMap are in unnamed module of loader 'app')
2024-11-10 01:49:19.789 Peters-Air-2.lan DEBUG [synchrono.server.ws:209] - Processing message {:message "[\"REQ\",\"sub:8\",{\"kinds\":[1],\"limit\":50}]"}
2024-11-10 01:49:19.790 Peters-Air-2.lan INFO [synchrono.server.ws:212] - Parsed message {:parsed ("REQ" "sub:8" {:kinds [1], :limit 50}), :type clojure.lang.LazySeq, :vector? false}
2024-11-10 01:49:19.791 Peters-Air-2.lan DEBUG [synchrono.server.ws:179] - Processing REQ {:sub-id "sub:8"}
2024-11-10 01:49:19.793 Peters-Air-2.lan DEBUG [synchrono.server.ws:183] - Found 5 events for sub sub:8
2024-11-10 02:32:12.777 Peters-Air-2.lan INFO [synchrono.server.core:55] - [:get] / 200 - 5ms
2024-11-10 02:32:12.804 Peters-Air-2.lan INFO [synchrono.server.ws:262] - WebSocket disconnected: manifold.stream.SplicedStream@2d9c7fbf
2024-11-10 02:32:13.492 Peters-Air-2.lan INFO [synchrono.server.core:55] - [:get] / 200 - 1ms
2024-11-10 02:33:20.587 Peters-Air-2.lan INFO [synchrono.server.core:55] - [:get] / 200 - 2ms
2024-11-10 02:33:21.278 Peters-Air-2.lan INFO [synchrono.server.core:55] - [:get] / 200 - 11ms
2024-11-10 02:34:14.652 Peters-Air-2.lan INFO [synchrono.server.core:55] - [:get] / 200 - 0ms
2024-11-10 02:34:15.188 Peters-Air-2.lan INFO [synchrono.server.core:55] - [:get] / 200 - 0ms
2024-11-10 02:35:25.592 Peters-Air-2.lan INFO [synchrono.server.core:55] - [:get] / 200 - 12ms
2024-11-10 02:35:26.146 Peters-Air-2.lan INFO [synchrono.server.core:55] - [:get] / 200 - 1ms
2024-11-10 02:35:33.181 Peters-Air-2.lan INFO [synchrono.server.core:55] - [:get] / 200 - 1ms
2024-11-10 02:35:33.727 Peters-Air-2.lan INFO [synchrono.server.core:55] - [:get] / 200 - 1ms
2024-11-10 02:35:47.082 Peters-Air-2.lan INFO [synchrono.server.core:95] - Initializing database
2024-11-10 02:35:47.098 Peters-Air-2.lan INFO [synchrono.server.core:77] - Starting server on port 3000
2024-11-10 02:35:47.147 Peters-Air-2.lan INFO [synchrono.server.core:79] - Server started successfully - ready to accept connections
2024-11-10 02:36:01.711 Peters-Air-2.lan INFO [synchrono.server.core:55] - [:get] / 200 - 8ms
2024-11-10 02:36:02.273 Peters-Air-2.lan INFO [synchrono.server.core:55] - [:get] / 200 - 6ms
2024-11-10 02:36:25.519 Peters-Air-2.lan INFO [synchrono.server.core:55] - [:get] / 200 - 2ms
2024-11-10 02:36:26.054 Peters-Air-2.lan INFO [synchrono.server.core:55] - [:get] / 200 - 0ms
2024-11-10 02:37:18.079 Peters-Air-2.lan INFO [synchrono.server.core:55] - [:get] / 200 - 2ms
2024-11-10 02:37:18.730 Peters-Air-2.lan INFO [synchrono.server.core:55] - [:get] / 200 - 0ms
2024-11-10 02:38:06.921 Peters-Air-2.lan INFO [synchrono.server.core:55] - [:get] / 200 - 1ms
2024-11-10 02:38:07.483 Peters-Air-2.lan INFO [synchrono.server.core:55] - [:get] / 200 - 2ms
2024-11-10 02:38:35.370 Peters-Air-2.lan INFO [synchrono.server.core:55] - [:get] / 200 - 1ms
2024-11-10 02:38:35.891 Peters-Air-2.lan INFO [synchrono.server.core:55] - [:get] / 200 - 0ms
2024-11-10 02:38:42.551 Peters-Air-2.lan INFO [synchrono.server.core:55] - [:get] / 200 - 0ms
2024-11-10 02:38:43.081 Peters-Air-2.lan INFO [synchrono.server.core:55] - [:get] / 200 - 0ms
2024-11-10 02:47:17.529 Peters-Air-2.lan INFO [synchrono.server.core:55] - [:get] / 200 - 3ms
2024-11-10 02:47:18.153 Peters-Air-2.lan INFO [synchrono.server.core:55] - [:get] / 200 - 2ms
2024-11-10 02:47:33.782 Peters-Air-2.lan INFO [synchrono.server.core:55] - [:get] / 200 - 1ms
2024-11-10 02:47:34.322 Peters-Air-2.lan INFO [synchrono.server.core:55] - [:get] / 200 - 0ms
2024-11-10 02:47:44.465 Peters-Air-2.lan INFO [synchrono.server.core:55] - [:get] / 200 - 1ms
2024-11-10 02:47:44.980 Peters-Air-2.lan INFO [synchrono.server.core:55] - [:get] / 200 - 4ms
2024-11-10 02:48:11.699 Peters-Air-2.lan INFO [synchrono.server.core:55] - [:get] / 200 - 0ms
2024-11-10 02:48:12.246 Peters-Air-2.lan INFO [synchrono.server.core:55] - [:get] / 200 - 6ms
2024-11-10 02:48:19.338 Peters-Air-2.lan INFO [synchrono.server.core:55] - [:get] / 200 - 1ms
2024-11-10 02:48:19.863 Peters-Air-2.lan INFO [synchrono.server.core:55] - [:get] / 200 - 1ms
2024-11-10 02:48:58.795 Peters-Air-2.lan INFO [synchrono.server.core:55] - [:get] / 200 - 2ms
2024-11-10 02:48:59.365 Peters-Air-2.lan INFO [synchrono.server.core:55] - [:get] / 200 - 1ms
2024-11-10 02:49:03.440 Peters-Air-2.lan INFO [synchrono.server.core:55] - [:get] / 200 - 2ms
2024-11-10 02:49:03.968 Peters-Air-2.lan INFO [synchrono.server.core:55] - [:get] / 200 - 1ms
2024-11-10 02:49:16.906 Peters-Air-2.lan INFO [synchrono.server.core:55] - [:get] / 200 - 1ms
2024-11-10 02:49:17.399 Peters-Air-2.lan INFO [synchrono.server.core:55] - [:get] / 200 - 0ms
2024-11-10 02:50:03.175 Peters-Air-2.lan INFO [synchrono.server.core:55] - [:get] / 200 - 3ms
2024-11-10 02:50:03.737 Peters-Air-2.lan INFO [synchrono.server.core:55] - [:get] / 200 - 2ms
2024-11-10 02:50:17.164 Peters-Air-2.lan INFO [synchrono.server.core:55] - [:get] / 200 - 0ms
2024-11-10 02:50:17.676 Peters-Air-2.lan INFO [synchrono.server.core:55] - [:get] / 200 - 0ms
2024-11-10 02:50:23.133 Peters-Air-2.lan INFO [synchrono.server.core:55] - [:get] / 200 - 1ms
2024-11-10 02:50:23.653 Peters-Air-2.lan INFO [synchrono.server.core:55] - [:get] / 200 - 2ms
2024-11-10 02:50:38.374 Peters-Air-2.lan INFO [synchrono.server.core:55] - [:get] / 200 - 2ms
2024-11-10 02:50:38.894 Peters-Air-2.lan INFO [synchrono.server.core:55] - [:get] / 200 - 0ms
2024-11-10 02:50:51.151 Peters-Air-2.lan INFO [synchrono.server.core:55] - [:get] / 200 - 0ms
2024-11-10 02:50:51.755 Peters-Air-2.lan INFO [synchrono.server.core:55] - [:get] / 200 - 1ms
2024-11-10 02:51:37.283 Peters-Air-2.lan INFO [synchrono.server.core:55] - [:get] / 200 - 2ms
2024-11-10 02:51:37.878 Peters-Air-2.lan INFO [synchrono.server.core:55] - [:get] / 200 - 1ms
2024-11-10 02:53:01.730 Peters-Air-2.lan INFO [synchrono.server.core:55] - [:get] / 200 - 1ms
2024-11-10 02:53:02.282 Peters-Air-2.lan INFO [synchrono.server.core:55] - [:get] / 200 - 0ms
2024-11-10 02:53:23.937 Peters-Air-2.lan INFO [synchrono.server.core:55] - [:get] / 200 - 3ms
2024-11-10 02:53:24.545 Peters-Air-2.lan INFO [synchrono.server.core:55] - [:get] / 200 - 1ms
2024-11-10 03:25:09.904 Peters-Air-2.lan INFO [synchrono.server.core:55] - [:get] / 200 - 3ms
2024-11-10 03:25:10.587 Peters-Air-2.lan INFO [synchrono.server.core:55] - [:get] / 200 - 14ms
2024-11-10 03:29:41.342 Peters-Air-2.lan INFO [synchrono.server.core:55] - [:get] / 200 - 3ms
2024-11-10 03:29:42.065 Peters-Air-2.lan INFO [synchrono.server.core:55] - [:get] / 200 - 29ms
2024-11-10 03:32:02.051 Peters-Air-2.lan INFO [synchrono.server.core:55] - [:get] / 200 - 9ms
2024-11-10 03:32:02.707 Peters-Air-2.lan INFO [synchrono.server.core:55] - [:get] / 200 - 1ms
2024-11-10 03:33:01.191 Peters-Air-2.lan INFO [synchrono.server.core:55] - [:get] / 200 - 2ms
2024-11-10 03:33:01.984 Peters-Air-2.lan INFO [synchrono.server.core:55] - [:get] / 200 - 3ms
2024-11-10 03:33:27.603 Peters-Air-2.lan INFO [synchrono.server.core:55] - [:get] / 200 - 2ms
2024-11-10 03:33:28.245 Peters-Air-2.lan INFO [synchrono.server.core:55] - [:get] / 200 - 3ms
2024-11-10 03:34:49.964 Peters-Air-2.lan INFO [synchrono.server.core:55] - [:get] / 200 - 3ms
2024-11-10 03:34:50.668 Peters-Air-2.lan INFO [synchrono.server.core:55] - [:get] / 200 - 1ms
2024-11-10 03:36:40.559 Peters-Air-2.lan INFO [synchrono.server.core:55] - [:get] / 200 - 2ms
2024-11-10 03:36:41.226 Peters-Air-2.lan INFO [synchrono.server.core:55] - [:get] / 200 - 2ms
2024-11-10 03:38:51.481 Peters-Air-2.lan INFO [synchrono.server.core:55] - [:get] / 200 - 4ms
2024-11-10 03:38:52.177 Peters-Air-2.lan INFO [synchrono.server.core:55] - [:get] / 200 - 4ms
2024-11-10 03:39:37.283 Peters-Air-2.lan INFO [synchrono.server.core:55] - [:get] / 200 - 3ms
2024-11-10 03:39:37.959 Peters-Air-2.lan INFO [synchrono.server.core:55] - [:get] / 200 - 6ms
2024-11-10 03:54:59.926 Peters-Air-2.lan INFO [synchrono.server.core:55] - [:get] / 200 - 4ms
2024-11-10 03:55:00.746 Peters-Air-2.lan INFO [synchrono.server.core:55] - [:get] / 200 - 6ms
2024-11-10 03:55:03.929 Peters-Air-2.lan INFO [synchrono.server.core:55] - [:get] / 200 - 0ms
2024-11-10 03:55:04.521 Peters-Air-2.lan INFO [synchrono.server.core:55] - [:get] / 200 - 1ms
2024-11-10 04:24:58.150 Peters-Air-2.lan INFO [synchrono.server.core:55] - [:get] / 200 - 3ms
2024-11-10 04:24:58.869 Peters-Air-2.lan INFO [synchrono.server.core:55] - [:get] / 200 - 7ms
2024-11-10 04:38:39.676 Peters-Air-2.lan INFO [synchrono.server.core:55] - [:get] / 200 - 2ms
2024-11-10 04:38:40.451 Peters-Air-2.lan INFO [synchrono.server.core:55] - [:get] / 200 - 21ms
2024-11-10 04:39:24.413 Peters-Air-2.lan INFO [synchrono.server.core:55] - [:get] / 200 - 2ms
2024-11-10 04:39:25.142 Peters-Air-2.lan INFO [synchrono.server.core:55] - [:get] / 200 - 1ms
2024-11-10 04:39:32.580 Peters-Air-2.lan INFO [synchrono.server.core:55] - [:get] / 200 - 1ms
2024-11-10 04:39:33.084 Peters-Air-2.lan INFO [synchrono.server.core:55] - [:get] / 200 - 1ms
2024-11-10 04:40:08.548 Peters-Air-2.lan INFO [synchrono.server.core:55] - [:get] / 200 - 2ms
2024-11-10 04:40:09.151 Peters-Air-2.lan INFO [synchrono.server.core:55] - [:get] / 200 - 2ms
2024-11-10 04:41:14.883 Peters-Air-2.lan INFO [synchrono.server.core:55] - [:get] / 200 - 5ms
2024-11-10 04:41:15.566 Peters-Air-2.lan INFO [synchrono.server.core:55] - [:get] / 200 - 6ms
2024-11-10 04:54:56.101 Peters-Air-2.lan INFO [synchrono.server.core:55] - [:get] / 200 - 4ms
2024-11-10 04:54:56.726 Peters-Air-2.lan INFO [synchrono.server.core:55] - [:get] / 200 - 20ms
2024-11-10 05:03:19.121 Peters-Air-2.lan INFO [synchrono.server.core:55] - [:get] / 200 - 1ms
2024-11-10 05:03:19.775 Peters-Air-2.lan INFO [synchrono.server.core:55] - [:get] / 200 - 2ms
2024-11-10 05:04:56.475 Peters-Air-2.lan INFO [synchrono.server.core:55] - [:get] / 200 - 4ms
2024-11-10 05:04:57.303 Peters-Air-2.lan INFO [synchrono.server.core:55] - [:get] / 200 - 4ms
2024-11-10 05:08:42.572 Peters-Air-2.lan INFO [synchrono.server.core:55] - [:get] / 200 - 3ms
2024-11-10 05:08:43.221 Peters-Air-2.lan INFO [synchrono.server.core:55] - [:get] / 200 - 4ms
2024-11-10 05:10:21.147 Peters-Air-2.lan INFO [synchrono.server.core:55] - [:get] / 200 - 3ms
2024-11-10 05:10:21.821 Peters-Air-2.lan INFO [synchrono.server.core:55] - [:get] / 200 - 1ms
2024-11-10 05:12:37.560 Peters-Air-2.lan INFO [synchrono.server.core:55] - [:get] / 200 - 3ms
2024-11-10 05:12:38.228 Peters-Air-2.lan INFO [synchrono.server.core:55] - [:get] / 200 - 2ms
2024-11-10 05:14:08.606 Peters-Air-2.lan INFO [synchrono.server.core:55] - [:get] / 200 - 15ms
2024-11-10 05:14:09.251 Peters-Air-2.lan INFO [synchrono.server.core:55] - [:get] / 200 - 1ms
2024-11-10 05:15:09.506 Peters-Air-2.lan INFO [synchrono.server.core:55] - [:get] / 200 - 3ms
2024-11-10 05:15:10.195 Peters-Air-2.lan INFO [synchrono.server.core:55] - [:get] / 200 - 1ms
2024-11-10 05:16:08.502 Peters-Air-2.lan INFO [synchrono.server.core:55] - [:get] / 200 - 2ms
2024-11-10 05:16:09.142 Peters-Air-2.lan INFO [synchrono.server.core:55] - [:get] / 200 - 1ms
2024-11-10 05:19:18.957 Peters-Air-2.lan INFO [synchrono.server.core:55] - [:get] / 200 - 3ms
2024-11-10 05:19:19.727 Peters-Air-2.lan INFO [synchrono.server.core:55] - [:get] / 200 - 1ms
2024-11-10 05:23:20.315 Peters-Air-2.lan INFO [synchrono.server.core:55] - [:get] / 200 - 3ms
2024-11-10 05:23:20.970 Peters-Air-2.lan INFO [synchrono.server.core:55] - [:get] / 200 - 2ms
2024-11-10 05:25:47.720 Peters-Air-2.lan INFO [synchrono.server.core:55] - [:get] / 200 - 3ms
2024-11-10 05:25:48.381 Peters-Air-2.lan INFO [synchrono.server.core:55] - [:get] / 200 - 4ms
2024-11-10 05:26:00.323 Peters-Air-2.lan INFO [synchrono.server.core:55] - [:get] / 200 - 1ms
2024-11-10 05:26:00.838 Peters-Air-2.lan INFO [synchrono.server.core:55] - [:get] / 200 - 1ms
2024-11-10 05:27:39.556 Peters-Air-2.lan INFO [synchrono.server.core:55] - [:get] / 200 - 3ms
2024-11-10 05:27:40.152 Peters-Air-2.lan INFO [synchrono.server.core:55] - [:get] / 200 - 1ms
2024-11-10 05:27:49.868 Peters-Air-2.lan INFO [synchrono.server.core:55] - [:get] / 200 - 1ms
2024-11-10 05:27:50.371 Peters-Air-2.lan INFO [synchrono.server.core:55] - [:get] / 200 - 0ms
2024-11-10 05:40:26.529 Peters-Air-2.lan INFO [synchrono.server.core:55] - [:get] / 200 - 4ms
2024-11-10 05:40:27.183 Peters-Air-2.lan INFO [synchrono.server.core:55] - [:get] / 200 - 5ms
2024-11-10 05:41:07.078 Peters-Air-2.lan INFO [synchrono.server.core:55] - [:get] / 200 - 3ms
2024-11-10 05:41:07.742 Peters-Air-2.lan INFO [synchrono.server.core:55] - [:get] / 200 - 10ms
2024-11-10 05:41:31.663 Peters-Air-2.lan INFO [synchrono.server.core:55] - [:get] / 200 - 3ms
2024-11-10 05:41:32.320 Peters-Air-2.lan INFO [synchrono.server.core:55] - [:get] / 200 - 2ms
2024-11-10 05:41:42.774 Peters-Air-2.lan INFO [synchrono.server.core:55] - [:get] / 200 - 3ms
2024-11-10 05:41:43.336 Peters-Air-2.lan INFO [synchrono.server.core:55] - [:get] / 200 - 1ms
2024-11-10 05:43:53.783 Peters-Air-2.lan INFO [synchrono.server.core:55] - [:get] / 200 - 2ms
2024-11-10 05:43:54.372 Peters-Air-2.lan INFO [synchrono.server.core:55] - [:get] / 200 - 3ms
2024-11-10 05:46:06.438 Peters-Air-2.lan INFO [synchrono.server.core:55] - [:get] / 200 - 10ms
2024-11-10 05:46:07.219 Peters-Air-2.lan INFO [synchrono.server.core:55] - [:get] / 200 - 2ms
2024-11-10 05:46:30.463 Peters-Air-2.lan INFO [synchrono.server.core:55] - [:get] / 200 - 4ms
2024-11-10 05:46:31.078 Peters-Air-2.lan INFO [synchrono.server.core:55] - [:get] / 200 - 7ms
2024-11-10 05:47:36.823 Peters-Air-2.lan INFO [synchrono.server.core:55] - [:get] / 200 - 1ms
2024-11-10 05:47:37.544 Peters-Air-2.lan INFO [synchrono.server.core:55] - [:get] / 200 - 2ms
2024-11-10 05:56:07.667 Peters-Air-2.lan INFO [synchrono.server.core:55] - [:get] / 200 - 2ms
2024-11-10 05:56:08.306 Peters-Air-2.lan INFO [synchrono.server.core:55] - [:get] / 200 - 1ms
2024-11-10 06:00:58.573 Peters-Air-2.lan INFO [synchrono.server.core:55] - [:get] / 200 - 3ms
2024-11-10 06:00:59.246 Peters-Air-2.lan INFO [synchrono.server.core:55] - [:get] / 200 - 10ms
2024-11-10 06:01:11.372 Peters-Air-2.lan INFO [synchrono.server.core:95] - Initializing database
2024-11-10 06:01:11.383 Peters-Air-2.lan INFO [synchrono.server.core:77] - Starting server on port 3000
2024-11-10 06:01:11.416 Peters-Air-2.lan INFO [synchrono.server.core:79] - Server started successfully - ready to accept connections
2024-11-10 06:15:34.669 Peters-Air-2.lan INFO [synchrono.server.core:55] - [:get] / 200 - 10ms
2024-11-10 06:15:35.424 Peters-Air-2.lan INFO [synchrono.server.core:55] - [:get] / 200 - 67ms
2024-11-10 06:16:21.953 Peters-Air-2.lan INFO [synchrono.server.core:55] - [:get] / 200 - 6ms
2024-11-10 06:16:22.569 Peters-Air-2.lan INFO [synchrono.server.core:55] - [:get] / 200 - 1ms
2024-11-10 06:21:40.775 Peters-Air-2.lan INFO [synchrono.server.core:55] - [:get] / 200 - 2ms
2024-11-10 06:21:41.427 Peters-Air-2.lan INFO [synchrono.server.core:55] - [:get] / 200 - 23ms
2024-11-10 06:24:38.539 Peters-Air-2.lan INFO [synchrono.server.core:55] - [:get] / 200 - 2ms
2024-11-10 06:24:39.190 Peters-Air-2.lan INFO [synchrono.server.core:55] - [:get] / 200 - 1ms
2024-11-10 06:27:56.373 Peters-Air-2.lan INFO [synchrono.server.core:55] - [:get] / 200 - 3ms
2024-11-10 06:27:57.075 Peters-Air-2.lan INFO [synchrono.server.core:55] - [:get] / 200 - 4ms
2024-11-10 06:32:28.899 Peters-Air-2.lan INFO [synchrono.server.core:55] - [:get] / 200 - 2ms
2024-11-10 06:32:29.529 Peters-Air-2.lan INFO [synchrono.server.core:55] - [:get] / 200 - 1ms
2024-11-10 06:33:11.901 Peters-Air-2.lan INFO [synchrono.server.core:55] - [:get] / 200 - 3ms
2024-11-10 06:33:12.566 Peters-Air-2.lan INFO [synchrono.server.core:55] - [:get] / 200 - 2ms
2024-11-10 06:36:51.356 Peters-Air-2.lan INFO [synchrono.server.core:55] - [:get] / 200 - 3ms
2024-11-10 06:36:51.964 Peters-Air-2.lan INFO [synchrono.server.core:55] - [:get] / 200 - 2ms
2024-11-10 06:38:14.295 Peters-Air-2.lan INFO [synchrono.server.core:55] - [:get] / 200 - 3ms
2024-11-10 06:38:14.947 Peters-Air-2.lan INFO [synchrono.server.core:55] - [:get] / 200 - 2ms
2024-11-10 06:38:21.960 Peters-Air-2.lan INFO [synchrono.server.core:55] - [:get] / 200 - 0ms
2024-11-10 06:38:22.463 Peters-Air-2.lan INFO [synchrono.server.core:55] - [:get] / 200 - 1ms
2024-11-10 06:38:27.002 Peters-Air-2.lan INFO [synchrono.server.core:55] - [:get] / 200 - 3ms
2024-11-10 06:38:27.593 Peters-Air-2.lan INFO [synchrono.server.core:55] - [:get] / 200 - 1ms
2024-11-10 06:38:52.868 Peters-Air-2.lan INFO [synchrono.server.core:55] - [:get] / 200 - 2ms
2024-11-10 06:38:53.460 Peters-Air-2.lan INFO [synchrono.server.core:55] - [:get] / 200 - 2ms
2024-11-10 06:40:23.824 Peters-Air-2.lan INFO [synchrono.server.core:55] - [:get] / 200 - 8ms
2024-11-10 06:40:24.469 Peters-Air-2.lan INFO [synchrono.server.core:55] - [:get] / 200 - 1ms
2024-11-10 06:40:56.182 Peters-Air-2.lan INFO [synchrono.server.core:55] - [:get] / 200 - 3ms
2024-11-10 06:40:56.742 Peters-Air-2.lan INFO [synchrono.server.core:55] - [:get] / 200 - 1ms
2024-11-10 06:41:06.716 Peters-Air-2.lan INFO [synchrono.server.core:55] - [:get] / 200 - 2ms
2024-11-10 06:41:07.336 Peters-Air-2.lan INFO [synchrono.server.core:55] - [:get] / 200 - 0ms
2024-11-10 06:41:32.519 Peters-Air-2.lan INFO [synchrono.server.core:55] - [:get] / 200 - 2ms
2024-11-10 06:41:33.167 Peters-Air-2.lan INFO [synchrono.server.core:55] - [:get] / 200 - 2ms
2024-11-10 06:42:09.058 Peters-Air-2.lan INFO [synchrono.server.core:55] - [:get] / 200 - 3ms
2024-11-10 06:42:09.684 Peters-Air-2.lan INFO [synchrono.server.core:55] - [:get] / 200 - 1ms
2024-11-10 06:42:50.028 Peters-Air-2.lan INFO [synchrono.server.core:55] - [:get] / 200 - 3ms
2024-11-10 06:42:50.671 Peters-Air-2.lan INFO [synchrono.server.core:55] - [:get] / 200 - 6ms
2024-11-10 06:43:24.704 Peters-Air-2.lan INFO [synchrono.server.core:55] - [:get] / 200 - 3ms
2024-11-10 06:43:25.266 Peters-Air-2.lan INFO [synchrono.server.core:55] - [:get] / 200 - 2ms
2024-11-10 06:44:02.465 Peters-Air-2.lan INFO [synchrono.server.core:55] - [:get] / 200 - 3ms
2024-11-10 06:44:03.084 Peters-Air-2.lan INFO [synchrono.server.core:55] - [:get] / 200 - 3ms
2024-11-10 06:45:27.908 Peters-Air-2.lan INFO [synchrono.server.core:55] - [:get] / 200 - 3ms
2024-11-10 06:45:28.526 Peters-Air-2.lan INFO [synchrono.server.core:55] - [:get] / 200 - 4ms
2024-11-10 06:45:49.408 Peters-Air-2.lan INFO [synchrono.server.core:55] - [:get] / 200 - 3ms
2024-11-10 06:45:49.985 Peters-Air-2.lan INFO [synchrono.server.core:55] - [:get] / 200 - 0ms
2024-11-10 06:46:53.335 Peters-Air-2.lan INFO [synchrono.server.core:55] - [:get] / 200 - 3ms
2024-11-10 06:46:53.981 Peters-Air-2.lan INFO [synchrono.server.core:55] - [:get] / 200 - 1ms
2024-11-10 06:47:43.550 Peters-Air-2.lan INFO [synchrono.server.core:55] - [:get] / 200 - 3ms
2024-11-10 06:47:44.250 Peters-Air-2.lan INFO [synchrono.server.core:55] - [:get] / 200 - 1ms
2024-11-10 06:48:45.200 Peters-Air-2.lan INFO [synchrono.server.core:55] - [:get] / 200 - 2ms
2024-11-10 06:48:45.853 Peters-Air-2.lan INFO [synchrono.server.core:55] - [:get] / 200 - 2ms
2024-11-10 06:49:24.938 Peters-Air-2.lan INFO [synchrono.server.core:55] - [:get] / 200 - 2ms
2024-11-10 06:49:25.597 Peters-Air-2.lan INFO [synchrono.server.core:55] - [:get] / 200 - 2ms
2024-11-10 06:51:50.588 Peters-Air-2.lan INFO [synchrono.server.core:55] - [:get] / 200 - 2ms
2024-11-10 06:51:51.340 Peters-Air-2.lan INFO [synchrono.server.core:55] - [:get] / 200 - 1ms
2024-11-10 06:52:34.058 Peters-Air-2.lan INFO [synchrono.server.core:55] - [:get] / 200 - 3ms
2024-11-10 06:52:34.777 Peters-Air-2.lan INFO [synchrono.server.core:55] - [:get] / 200 - 11ms
2024-11-10 06:57:33.744 Peters-Air-2.lan INFO [synchrono.server.core:55] - [:get] / 200 - 3ms
2024-11-10 06:57:34.412 Peters-Air-2.lan INFO [synchrono.server.core:55] - [:get] / 200 - 1ms
2024-11-10 07:03:28.347 Peters-Air-2.lan INFO [synchrono.server.core:55] - [:get] / 200 - 3ms
2024-11-10 07:03:28.972 Peters-Air-2.lan INFO [synchrono.server.core:55] - [:get] / 200 - 4ms
2024-11-10 07:09:44.995 Peters-Air-2.lan INFO [synchrono.server.core:55] - [:get] / 200 - 14ms
2024-11-10 07:09:45.622 Peters-Air-2.lan INFO [synchrono.server.core:55] - [:get] / 200 - 1ms
2024-11-10 07:17:37.989 Peters-Air-2.lan INFO [synchrono.server.core:55] - [:get] / 200 - 2ms
2024-11-10 07:26:37.356 Peters-Air-2.lan INFO [synchrono.server.core:55] - [:get] / 200 - 1ms
2024-11-10 07:32:15.509 Peters-Air-2.lan INFO [synchrono.server.core:55] - [:get] / 200 - 3ms
2024-11-10 07:33:25.170 Peters-Air-2.lan INFO [synchrono.server.core:55] - [:get] / 200 - 1ms
2024-11-10 07:34:03.300 Peters-Air-2.lan INFO [synchrono.server.core:55] - [:get] / 200 - 1ms
2024-11-10 07:35:12.718 Peters-Air-2.lan INFO [synchrono.server.core:55] - [:get] / 200 - 1ms
2024-11-10 07:35:13.236 Peters-Air-2.lan INFO [synchrono.server.core:55] - [:get] / 200 - 0ms
2024-11-10 07:36:11.351 Peters-Air-2.lan INFO [synchrono.server.core:55] - [:get] / 200 - 1ms
2024-11-10 07:36:11.836 Peters-Air-2.lan INFO [synchrono.server.core:55] - [:get] / 200 - 0ms
2024-11-10 07:36:30.366 Peters-Air-2.lan INFO [synchrono.server.core:55] - [:get] / 200 - 1ms
2024-11-10 07:36:30.859 Peters-Air-2.lan INFO [synchrono.server.core:55] - [:get] / 200 - 0ms
2024-11-10 07:37:19.532 Peters-Air-2.lan INFO [synchrono.server.core:55] - [:get] / 200 - 0ms
2024-11-10 07:37:20.033 Peters-Air-2.lan INFO [synchrono.server.core:55] - [:get] / 200 - 1ms
2024-11-10 07:38:36.884 Peters-Air-2.lan INFO [synchrono.server.core:55] - [:get] / 200 - 1ms
2024-11-10 07:38:37.376 Peters-Air-2.lan INFO [synchrono.server.core:55] - [:get] / 200 - 1ms
2024-11-10 07:40:58.122 Peters-Air-2.lan INFO [synchrono.server.core:55] - [:get] / 200 - 1ms
2024-11-10 07:40:58.638 Peters-Air-2.lan INFO [synchrono.server.core:55] - [:get] / 200 - 1ms
2024-11-10 07:41:44.914 Peters-Air-2.lan INFO [synchrono.server.core:55] - [:get] / 200 - 1ms
2024-11-10 07:41:45.402 Peters-Air-2.lan INFO [synchrono.server.core:55] - [:get] / 200 - 1ms
2024-11-10 07:41:50.755 Peters-Air-2.lan INFO [synchrono.server.core:55] - [:get] /app 404 - 5ms
2024-11-10 07:41:54.865 Peters-Air-2.lan INFO [synchrono.server.core:55] - [:get] /app 404 - 0ms
2024-11-10 07:41:56.279 Peters-Air-2.lan INFO [synchrono.server.core:55] - [:get] /app 404 - 1ms
2024-11-10 07:41:57.479 Peters-Air-2.lan INFO [synchrono.server.core:55] - [:get] / 200 - 1ms
2024-11-10 07:41:58.002 Peters-Air-2.lan INFO [synchrono.server.core:55] - [:get] / 200 - 0ms
2024-11-10 07:41:58.230 Peters-Air-2.lan INFO [synchrono.server.core:55] - [:get] / 200 - 1ms
2024-11-10 07:41:58.751 Peters-Air-2.lan INFO [synchrono.server.core:55] - [:get] / 200 - 0ms
2024-11-10 07:42:09.413 Peters-Air-2.lan INFO [synchrono.server.core:55] - [:get] / 200 - 1ms
2024-11-10 07:42:09.883 Peters-Air-2.lan INFO [synchrono.server.core:55] - [:get] / 200 - 0ms
2024-11-10 07:42:37.600 Peters-Air-2.lan INFO [synchrono.server.core:55] - [:get] / 200 - 1ms
2024-11-10 07:42:38.099 Peters-Air-2.lan INFO [synchrono.server.core:55] - [:get] / 200 - 1ms
2024-11-10 07:42:43.473 Peters-Air-2.lan INFO [synchrono.server.core:55] - [:get] /app 404 - 0ms
2024-11-10 07:42:48.241 Peters-Air-2.lan INFO [synchrono.server.core:55] - [:get] / 200 - 0ms
2024-11-10 07:42:48.760 Peters-Air-2.lan INFO [synchrono.server.core:55] - [:get] / 200 - 0ms
2024-11-10 07:43:52.817 Peters-Air-2.lan INFO [synchrono.server.core:55] - [:get] / 200 - 0ms
2024-11-10 07:43:53.327 Peters-Air-2.lan INFO [synchrono.server.core:55] - [:get] / 200 - 0ms
2024-11-10 07:44:18.266 Peters-Air-2.lan INFO [synchrono.server.core:55] - [:get] / 200 - 0ms
2024-11-10 07:44:18.742 Peters-Air-2.lan INFO [synchrono.server.core:55] - [:get] / 200 - 1ms
2024-11-10 07:45:14.183 Peters-Air-2.lan INFO [synchrono.server.core:55] - [:get] / 200 - 0ms
2024-11-10 07:45:14.680 Peters-Air-2.lan INFO [synchrono.server.core:55] - [:get] / 200 - 0ms
2024-11-10 07:47:13.999 Peters-Air-2.lan INFO [synchrono.server.core:55] - [:get] / 200 - 1ms
2024-11-10 07:47:14.522 Peters-Air-2.lan INFO [synchrono.server.core:55] - [:get] / 200 - 0ms
2024-11-10 07:48:30.049 Peters-Air-2.lan INFO [synchrono.server.core:55] - [:get] / 200 - 1ms
2024-11-10 07:48:30.557 Peters-Air-2.lan INFO [synchrono.server.core:55] - [:get] / 200 - 0ms
2024-11-10 07:48:50.015 Peters-Air-2.lan INFO [synchrono.server.core:55] - [:get] / 200 - 1ms
2024-11-10 07:48:50.492 Peters-Air-2.lan INFO [synchrono.server.core:55] - [:get] / 200 - 0ms
2024-11-10 07:49:35.547 Peters-Air-2.lan INFO [synchrono.server.core:55] - [:get] / 200 - 1ms
2024-11-10 07:49:36.057 Peters-Air-2.lan INFO [synchrono.server.core:55] - [:get] / 200 - 0ms
2024-11-10 07:50:23.561 Peters-Air-2.lan INFO [synchrono.server.core:55] - [:get] / 200 - 1ms
2024-11-10 07:50:24.048 Peters-Air-2.lan INFO [synchrono.server.core:55] - [:get] / 200 - 1ms
2024-11-10 07:50:49.597 Peters-Air-2.lan INFO [synchrono.server.core:55] - [:get] / 200 - 1ms
2024-11-10 07:50:50.067 Peters-Air-2.lan INFO [synchrono.server.core:55] - [:get] / 200 - 0ms
2024-11-10 07:51:11.866 Peters-Air-2.lan INFO [synchrono.server.core:55] - [:get] / 200 - 1ms
2024-11-10 07:51:12.361 Peters-Air-2.lan INFO [synchrono.server.core:55] - [:get] / 200 - 1ms
2024-11-10 07:51:45.849 Peters-Air-2.lan INFO [synchrono.server.core:55] - [:get] / 200 - 1ms
2024-11-10 07:51:46.344 Peters-Air-2.lan INFO [synchrono.server.core:55] - [:get] / 200 - 1ms
2024-11-10 07:52:21.981 Peters-Air-2.lan INFO [synchrono.server.core:55] - [:get] / 200 - 1ms
2024-11-10 07:52:22.471 Peters-Air-2.lan INFO [synchrono.server.core:55] - [:get] / 200 - 0ms
2024-11-10 07:53:07.163 Peters-Air-2.lan INFO [synchrono.server.core:55] - [:get] / 200 - 0ms
2024-11-10 07:53:07.647 Peters-Air-2.lan INFO [synchrono.server.core:55] - [:get] / 200 - 1ms
2024-11-10 07:53:13.484 Peters-Air-2.lan INFO [synchrono.server.core:55] - [:get] / 200 - 1ms
2024-11-10 07:53:14.007 Peters-Air-2.lan INFO [synchrono.server.core:55] - [:get] / 200 - 0ms
2024-11-10 07:54:51.115 Peters-Air-2.lan INFO [synchrono.server.core:55] - [:get] / 200 - 2ms
2024-11-10 07:54:51.607 Peters-Air-2.lan INFO [synchrono.server.core:55] - [:get] / 200 - 0ms
2024-11-10 07:55:40.851 Peters-Air-2.lan INFO [synchrono.server.core:55] - [:get] / 200 - 2ms
2024-11-10 07:55:41.358 Peters-Air-2.lan INFO [synchrono.server.core:55] - [:get] / 200 - 1ms
2024-11-10 07:56:04.547 Peters-Air-2.lan INFO [synchrono.server.core:55] - [:get] / 200 - 0ms
2024-11-10 07:56:05.026 Peters-Air-2.lan INFO [synchrono.server.core:55] - [:get] / 200 - 1ms
2024-11-10 08:04:31.481 Peters-Air-2.lan INFO [synchrono.server.core:55] - [:get] / 200 - 1ms
2024-11-10 08:04:32.006 Peters-Air-2.lan INFO [synchrono.server.core:55] - [:get] / 200 - 1ms
2024-11-10 08:05:08.458 Peters-Air-2.lan INFO [synchrono.server.core:55] - [:get] / 200 - 0ms
2024-11-10 08:05:08.948 Peters-Air-2.lan INFO [synchrono.server.core:55] - [:get] / 200 - 1ms
2024-11-10 08:09:42.929 Peters-Air-2.lan INFO [synchrono.server.core:55] - [:get] / 200 - 1ms
2024-11-10 08:09:43.434 Peters-Air-2.lan INFO [synchrono.server.core:55] - [:get] / 200 - 0ms
2024-11-10 08:11:12.195 Peters-Air-2.lan INFO [synchrono.server.core:55] - [:get] / 200 - 1ms
2024-11-10 08:11:12.694 Peters-Air-2.lan INFO [synchrono.server.core:55] - [:get] / 200 - 1ms
2024-11-10 08:11:50.996 Peters-Air-2.lan INFO [synchrono.server.core:55] - [:get] / 200 - 1ms
2024-11-10 08:11:51.487 Peters-Air-2.lan INFO [synchrono.server.core:55] - [:get] / 200 - 0ms
2024-11-10 08:14:06.743 Peters-Air-2.lan INFO [synchrono.server.core:55] - [:get] / 200 - 0ms
2024-11-10 08:14:07.250 Peters-Air-2.lan INFO [synchrono.server.core:55] - [:get] / 200 - 0ms
2024-11-10 08:14:30.762 Peters-Air-2.lan INFO [synchrono.server.core:55] - [:get] / 200 - 1ms
2024-11-10 08:14:31.234 Peters-Air-2.lan INFO [synchrono.server.core:55] - [:get] / 200 - 0ms
2024-11-10 08:15:55.369 Peters-Air-2.lan INFO [synchrono.server.core:55] - [:get] / 200 - 0ms
2024-11-10 08:15:55.876 Peters-Air-2.lan INFO [synchrono.server.core:55] - [:get] / 200 - 1ms
2024-11-10 08:18:59.331 Peters-Air-2.lan INFO [synchrono.server.core:55] - [:get] / 200 - 1ms
2024-11-10 08:18:59.833 Peters-Air-2.lan INFO [synchrono.server.core:55] - [:get] / 200 - 0ms
2024-11-10 08:21:14.734 Peters-Air-2.lan INFO [synchrono.server.core:55] - [:get] / 200 - 0ms
2024-11-10 08:21:15.235 Peters-Air-2.lan INFO [synchrono.server.core:55] - [:get] / 200 - 0ms
2024-11-10 08:21:19.234 Peters-Air-2.lan INFO [synchrono.server.core:55] - [:get] / 200 - 0ms
2024-11-10 08:21:19.715 Peters-Air-2.lan INFO [synchrono.server.core:55] - [:get] / 200 - 0ms
2024-11-10 08:21:34.033 Peters-Air-2.lan INFO [synchrono.server.core:55] - [:get] / 200 - 1ms
2024-11-10 08:21:34.522 Peters-Air-2.lan INFO [synchrono.server.core:55] - [:get] / 200 - 0ms
2024-11-10 09:18:11.467 Peters-Air-2.lan INFO [synchrono.server.core:55] - [:get] / 200 - 3ms
2024-11-10 09:18:12.051 Peters-Air-2.lan INFO [synchrono.server.core:55] - [:get] / 200 - 3ms
2024-11-10 09:21:37.512 Peters-Air-2.lan INFO [synchrono.server.core:55] - [:get] / 200 - 1ms
2024-11-10 09:21:38.059 Peters-Air-2.lan INFO [synchrono.server.core:55] - [:get] / 200 - 2ms
2024-11-10 09:22:20.064 Peters-Air-2.lan INFO [synchrono.server.core:55] - [:get] / 200 - 0ms
2024-11-10 09:22:20.560 Peters-Air-2.lan INFO [synchrono.server.core:55] - [:get] / 200 - 1ms
2024-11-10 09:23:48.922 Peters-Air-2.lan INFO [synchrono.server.core:55] - [:get] / 200 - 1ms
2024-11-10 09:23:49.424 Peters-Air-2.lan INFO [synchrono.server.core:55] - [:get] / 200 - 0ms
2024-11-10 09:24:20.879 Peters-Air-2.lan INFO [synchrono.server.core:55] - [:get] / 200 - 2ms
2024-11-10 09:24:21.362 Peters-Air-2.lan INFO [synchrono.server.core:55] - [:get] / 200 - 0ms
2024-11-10 09:25:04.806 Peters-Air-2.lan INFO [synchrono.server.core:55] - [:get] / 200 - 1ms
2024-11-10 09:25:05.287 Peters-Air-2.lan INFO [synchrono.server.core:55] - [:get] / 200 - 1ms
2024-11-10 09:30:28.995 Peters-Air-2.lan INFO [synchrono.server.core:55] - [:get] / 200 - 1ms
2024-11-10 09:30:29.652 Peters-Air-2.lan INFO [synchrono.server.core:55] - [:get] / 200 - 1ms
2024-11-10 09:31:44.573 Peters-Air-2.lan INFO [synchrono.server.core:55] - [:get] / 200 - 2ms
2024-11-10 09:31:45.100 Peters-Air-2.lan INFO [synchrono.server.core:55] - [:get] / 200 - 2ms
2024-11-10 09:32:35.407 Peters-Air-2.lan INFO [synchrono.server.core:55] - [:get] / 200 - 1ms
2024-11-10 09:32:35.898 Peters-Air-2.lan INFO [synchrono.server.core:55] - [:get] / 200 - 1ms
2024-11-10 09:34:27.063 Peters-Air-2.lan INFO [synchrono.server.core:55] - [:get] / 200 - 1ms
2024-11-10 09:34:27.580 Peters-Air-2.lan INFO [synchrono.server.core:55] - [:get] / 200 - 1ms
2024-11-10 09:36:34.312 Peters-Air-2.lan INFO [synchrono.server.core:55] - [:get] / 200 - 1ms
2024-11-10 09:36:34.818 Peters-Air-2.lan INFO [synchrono.server.core:55] - [:get] / 200 - 0ms
2024-11-10 09:38:52.444 Peters-Air-2.lan INFO [synchrono.server.core:55] - [:get] / 200 - 1ms
2024-11-10 09:38:52.952 Peters-Air-2.lan INFO [synchrono.server.core:55] - [:get] / 200 - 0ms
2024-11-10 09:41:47.499 Peters-Air-2.lan INFO [synchrono.server.core:55] - [:get] / 200 - 1ms
2024-11-10 09:41:48.023 Peters-Air-2.lan INFO [synchrono.server.core:55] - [:get] / 200 - 5ms
2024-11-10 09:41:51.050 Peters-Air-2.lan INFO [synchrono.server.core:55] - [:get] / 200 - 2ms
2024-11-10 09:41:51.526 Peters-Air-2.lan INFO [synchrono.server.core:55] - [:get] / 200 - 1ms
2024-11-10 09:42:26.836 Peters-Air-2.lan INFO [synchrono.server.core:55] - [:get] / 200 - 1ms
2024-11-10 09:42:27.346 Peters-Air-2.lan INFO [synchrono.server.core:55] - [:get] / 200 - 1ms
2024-11-10 09:43:21.666 Peters-Air-2.lan INFO [synchrono.server.core:55] - [:get] / 200 - 1ms
2024-11-10 09:43:22.198 Peters-Air-2.lan INFO [synchrono.server.core:55] - [:get] / 200 - 1ms
2024-11-10 09:43:32.300 Peters-Air-2.lan INFO [synchrono.server.core:55] - [:get] / 200 - 1ms
2024-11-10 09:43:32.788 Peters-Air-2.lan INFO [synchrono.server.core:55] - [:get] / 200 - 0ms
2024-11-10 09:44:12.921 Peters-Air-2.lan INFO [synchrono.server.core:55] - [:get] / 200 - 0ms
2024-11-10 09:44:13.431 Peters-Air-2.lan INFO [synchrono.server.core:55] - [:get] / 200 - 0ms
2024-11-10 09:45:14.975 Peters-Air-2.lan INFO [synchrono.server.core:55] - [:get] / 200 - 0ms
2024-11-10 09:45:15.482 Peters-Air-2.lan INFO [synchrono.server.core:55] - [:get] / 200 - 2ms
2024-11-10 09:47:28.193 Peters-Air-2.lan INFO [synchrono.server.core:55] - [:get] / 200 - 0ms
2024-11-10 09:47:28.705 Peters-Air-2.lan INFO [synchrono.server.core:55] - [:get] / 200 - 0ms
2024-11-10 09:52:51.879 Peters-Air-2.lan INFO [synchrono.server.core:55] - [:get] / 200 - 2ms
2024-11-10 09:52:52.439 Peters-Air-2.lan INFO [synchrono.server.core:55] - [:get] / 200 - 15ms
2024-11-10 09:53:19.650 Peters-Air-2.lan INFO [synchrono.server.core:55] - [:get] / 200 - 0ms
2024-11-10 09:53:20.141 Peters-Air-2.lan INFO [synchrono.server.core:55] - [:get] / 200 - 2ms
2024-11-10 09:55:40.935 Peters-Air-2.lan INFO [synchrono.server.core:55] - [:get] / 200 - 2ms
2024-11-10 09:55:41.473 Peters-Air-2.lan INFO [synchrono.server.core:55] - [:get] / 200 - 1ms
2024-11-10 09:55:50.859 Peters-Air-2.lan INFO [synchrono.server.core:55] - [:get] / 200 - 1ms
2024-11-10 09:55:51.344 Peters-Air-2.lan INFO [synchrono.server.core:55] - [:get] / 200 - 0ms
2024-11-10 09:55:51.513 Peters-Air-2.lan INFO [synchrono.server.core:55] - [:get] / 200 - 3ms
2024-11-10 09:55:52.030 Peters-Air-2.lan INFO [synchrono.server.core:55] - [:get] / 200 - 1ms
2024-11-10 09:56:04.249 Peters-Air-2.lan INFO [synchrono.server.core:55] - [:get] / 200 - 0ms
2024-11-10 09:56:04.730 Peters-Air-2.lan INFO [synchrono.server.core:55] - [:get] / 200 - 1ms
2024-11-10 10:04:34.424 Peters-Air-2.lan INFO [synchrono.server.core:55] - [:get] / 200 - 2ms
2024-11-10 10:04:34.981 Peters-Air-2.lan INFO [synchrono.server.core:55] - [:get] / 200 - 5ms
2024-11-10 10:05:34.476 Peters-Air-2.lan INFO [synchrono.server.core:55] - [:get] / 200 - 0ms
2024-11-10 10:05:34.986 Peters-Air-2.lan INFO [synchrono.server.core:55] - [:get] / 200 - 0ms
2024-11-10 10:06:11.608 Peters-Air-2.lan INFO [synchrono.server.core:55] - [:get] / 200 - 1ms
2024-11-10 10:06:12.111 Peters-Air-2.lan INFO [synchrono.server.core:55] - [:get] / 200 - 4ms
2024-11-10 10:06:43.058 Peters-Air-2.lan INFO [synchrono.server.core:55] - [:get] / 200 - 1ms
2024-11-10 10:06:43.599 Peters-Air-2.lan INFO [synchrono.server.core:55] - [:get] / 200 - 0ms
2024-11-10 10:07:06.726 Peters-Air-2.lan INFO [synchrono.server.core:55] - [:get] / 200 - 1ms
2024-11-10 10:07:07.219 Peters-Air-2.lan INFO [synchrono.server.core:55] - [:get] / 200 - 0ms
2024-11-10 10:08:14.192 Peters-Air-2.lan INFO [synchrono.server.core:55] - [:get] / 200 - 3ms
2024-11-10 10:08:14.700 Peters-Air-2.lan INFO [synchrono.server.core:55] - [:get] / 200 - 6ms
2024-11-10 10:13:29.158 Peters-Air-2.lan INFO [synchrono.server.core:55] - [:get] / 200 - 2ms
2024-11-10 10:13:29.734 Peters-Air-2.lan INFO [synchrono.server.core:55] - [:get] / 200 - 5ms
2024-11-10 10:14:28.670 Peters-Air-2.lan INFO [synchrono.server.core:55] - [:get] / 200 - 0ms
2024-11-10 10:14:29.187 Peters-Air-2.lan INFO [synchrono.server.core:55] - [:get] / 200 - 1ms
2024-11-10 10:14:56.651 Peters-Air-2.lan INFO [synchrono.server.core:55] - [:get] / 200 - 1ms
2024-11-10 10:14:57.152 Peters-Air-2.lan INFO [synchrono.server.core:55] - [:get] / 200 - 1ms
2024-11-10 10:26:26.171 Peters-Air-2.lan INFO [synchrono.server.core:55] - [:get] / 200 - 2ms
2024-11-10 10:26:26.703 Peters-Air-2.lan INFO [synchrono.server.core:55] - [:get] / 200 - 0ms
2024-11-10 10:27:02.305 Peters-Air-2.lan INFO [synchrono.server.core:55] - [:get] / 200 - 1ms
2024-11-10 10:27:02.812 Peters-Air-2.lan INFO [synchrono.server.core:55] - [:get] / 200 - 1ms
2024-11-10 10:28:24.227 Peters-Air-2.lan INFO [synchrono.server.core:55] - [:get] / 200 - 2ms
2024-11-10 10:28:24.772 Peters-Air-2.lan INFO [synchrono.server.core:55] - [:get] / 200 - 3ms
2024-11-10 10:32:32.994 Peters-Air-2.lan INFO [synchrono.server.core:55] - [:get] / 200 - 2ms
2024-11-10 10:32:33.561 Peters-Air-2.lan INFO [synchrono.server.core:55] - [:get] / 200 - 1ms
2024-11-10 10:35:56.216 Peters-Air-2.lan INFO [synchrono.server.core:55] - [:get] / 200 - 2ms
2024-11-10 10:35:56.776 Peters-Air-2.lan INFO [synchrono.server.core:55] - [:get] / 200 - 17ms
2024-11-10 10:36:14.345 Peters-Air-2.lan INFO [synchrono.server.core:55] - [:get] / 200 - 1ms
2024-11-10 10:36:14.837 Peters-Air-2.lan INFO [synchrono.server.core:55] - [:get] / 200 - 0ms
2024-11-10 10:43:48.465 Peters-Air-2.lan INFO [synchrono.server.core:55] - [:get] / 200 - 5ms
2024-11-10 10:43:49.002 Peters-Air-2.lan INFO [synchrono.server.core:55] - [:get] / 200 - 6ms
2024-11-10 10:45:39.122 Peters-Air-2.lan INFO [synchrono.server.core:55] - [:get] / 200 - 3ms
2024-11-10 10:45:39.649 Peters-Air-2.lan INFO [synchrono.server.core:55] - [:get] / 200 - 1ms
